monitor,outage,bind_pos,bind_neg,over_w,over_pos_w,relievable_w,n_members,bind
458,314,0.0,19.8686,7.977100000000002,0.0,3.6734,15,19.8686
380,450,2.5789,0.0,2.8877,2.8877,2.8877,15,2.5789
462,202,2.183,0.0,2.3175000000000003,2.3175000000000003,2.3175000000000003,15,2.183
438,71,0.3645,0.0,0.5987999999999999,0.5987999999999999,0.5987999999999999,15,0.3645
22,25,0.0193,0.0,0.0,0.0,0.0,4,0.0193
250,249,0.0,0.0056,1.6670999999999996,0.0,0.0,15,0.0056
314,338,0.0,0.0,0.0,0.0,0.0,7,0.0
314,143,0.0,0.0,0.0,0.0,0.0,7,0.0
314,194,0.0,0.0,0.0,0.0,0.0,7,0.0
314,17,0.0,0.0,0.0,0.0,0.0,7,0.0
314,165,0.0,0.0,0.0,0.0,0.0,7,0.0
314,93,0.0,0.0,0.0,0.0,0.0,7,0.0
314,61,0.0,0.0,0.0,0.0,0.0,7,0.0
314,62,0.0,0.0,0.0,0.0,0.0,7,0.0
314,190,0.0,0.0,0.0,0.0,0.0,7,0.0
314,451,0.0,0.0,0.0,0.0,0.0,7,0.0
314,208,0.0,0.0,0.0,0.0,0.0,7,0.0
314,356,0.0,0.0,0.0,0.0,0.0,7,0.0
314,546,0.0,0.0,0.0,0.0,0.0,7,0.0
314,545,0.0,0.0,0.0,0.0,0.0,7,0.0
314,544,0.0,0.0,0.0,0.0,0.0,7,0.0
314,543,0.0,0.0,0.0,0.0,0.0,7,0.0
314,117,0.0,0.0,0.0,0.0,0.0,7,0.0
314,66,0.0,0.0,0.0,0.0,0.0,7,0.0
314,189,0.0,0.0,0.0,0.0,0.0,7,0.0
314,547,0.0,0.0,0.0,0.0,0.0,7,0.0
314,548,0.0,0.0,0.0,0.0,0.0,7,0.0
314,41,0.0,0.0,0.0,0.0,0.0,7,0.0
314,72,0.0,0.0,0.0,0.0,0.0,5,0.0
314,177,0.0,0.0,0.0,0.0,0.0,7,0.0
314,509,0.0,0.0,0.0,0.0,0.0,7,0.0
314,351,0.0,0.0,0.0,0.0,0.0,7,0.0
314,210,0.0,0.0,0.0,0.0,0.0,7,0.0
314,211,0.0,0.0,0.0,0.0,0.0,9,0.0
314,380,0.0,0.0,0.0,0.0,0.0,9,0.0
314,665,0.0,0.0,0.0,0.0,0.0,9,0.0
314,667,0.0,0.0,0.0,0.0,0.0,9,0.0
314,666,0.0,0.0,0.0,0.0,0.0,9,0.0
314,668,0.0,0.0,0.0,0.0,0.0,9,0.0
314,648,0.0,0.0,0.0,0.0,0.0,9,0.0
314,647,0.0,0.0,0.0,0.0,0.0,9,0.0
314,449,0.0,0.0,0.0,0.0,0.0,9,0.0
71,187,0.0,0.0,0.0064,0.0064,0.0064,6,0.0
314,444,0.0,0.0,0.0,0.0,0.0,8,0.0
314,433,0.0,0.0,0.0,0.0,0.0,8,0.0
314,428,0.0,0.0,0.0,0.0,0.0,4,0.0
314,492,0.0,0.0,0.0,0.0,0.0,8,0.0
314,498,0.0,0.0,0.0,0.0,0.0,7,0.0
202,462,0.0,0.0,0.0,0.0,0.0,1,0.0
314,445,0.0,0.0,0.0,0.0,0.0,7,0.0
314,176,0.0,0.0,0.0,0.0,0.0,7,0.0
314,39,0.0,0.0,0.0,0.0,0.0,7,0.0
314,187,0.0,0.0,0.0,0.0,0.0,7,0.0
314,418,0.0,0.0,0.0,0.0,0.0,7,0.0
314,325,0.0,0.0,0.0,0.0,0.0,7,0.0
314,343,0.0,0.0,0.0,0.0,0.0,7,0.0
314,106,0.0,0.0,0.0,0.0,0.0,7,0.0
314,111,0.0,0.0,0.0,0.0,0.0,7,0.0
314,248,0.0,0.0,0.0,0.0,0.0,7,0.0
314,186,0.0,0.0,0.0,0.0,0.0,7,0.0
288,122,0.0,0.0,0.0,0.0,0.0,1,0.0
314,420,0.0,0.0,0.0,0.0,0.0,7,0.0
314,31,0.0,0.0,0.0,0.0,0.0,7,0.0
314,324,0.0,0.0,0.0,0.0,0.0,7,0.0
314,468,0.0,0.0,0.0,0.0,0.0,7,0.0
314,387,0.0,0.0,0.0,0.0,0.0,5,0.0
314,53,0.0,0.0,0.0,0.0,0.0,7,0.0
314,188,0.0,0.0,0.0,0.0,0.0,6,0.0
314,178,0.0,0.0,0.0,0.0,0.0,7,0.0
314,179,0.0,0.0,0.0,0.0,0.0,7,0.0
314,389,0.0,0.0,0.0,0.0,0.0,7,0.0
314,672,0.0,0.0,0.0,0.0,0.0,7,0.0
314,671,0.0,0.0,0.0,0.0,0.0,7,0.0
314,463,0.0,0.0,0.0,0.0,0.0,7,0.0
314,379,0.0,0.0,0.0,0.0,0.0,7,0.0
314,378,0.0,0.0,0.0,0.0,0.0,7,0.0
314,51,0.0,0.0,0.0,0.0,0.0,9,0.0
314,55,0.0,0.0,0.0,0.0,0.0,7,0.0
314,90,0.0,0.0,0.0,0.0,0.0,7,0.0
314,247,0.0,0.0,0.0,0.0,0.0,3,0.0
314,239,0.0,0.0,0.0,0.0,0.0,7,0.0
314,508,0.0,0.0,0.0,0.0,0.0,7,0.0
314,238,0.0,0.0,0.0,0.0,0.0,7,0.0
314,357,0.0,0.0,0.0,0.0,0.0,7,0.0
314,653,0.0,0.0,0.0,0.0,0.0,7,0.0
314,654,0.0,0.0,0.0,0.0,0.0,7,0.0
314,202,0.0,0.0,0.0,0.0,0.0,7,0.0
314,289,0.0,0.0,0.0,0.0,0.0,7,0.0
314,319,0.0,0.0,0.0,0.0,0.0,7,0.0
314,320,0.0,0.0,0.0,0.0,0.0,7,0.0
314,275,0.0,0.0,0.0,0.0,0.0,7,0.0
314,494,0.0,0.0,0.0,0.0,0.0,7,0.0
314,30,0.0,0.0,0.0,0.0,0.0,7,0.0
314,642,0.0,0.0,0.0,0.0,0.0,5,0.0
314,641,0.0,0.0,0.0,0.0,0.0,5,0.0
314,438,0.0,0.0,0.0,0.0,0.0,7,0.0
314,65,0.0,0.0,0.0,0.0,0.0,5,0.0
314,16,0.0,0.0,0.0,0.0,0.0,7,0.0
314,601,0.0,0.0,0.0,0.0,0.0,7,0.0
314,603,0.0,0.0,0.0,0.0,0.0,7,0.0
314,602,0.0,0.0,0.0,0.0,0.0,7,0.0
314,604,0.0,0.0,0.0,0.0,0.0,7,0.0
314,297,0.0,0.0,0.0,0.0,0.0,5,0.0
314,224,0.0,0.0,0.0,0.0,0.0,7,0.0
314,358,0.0,0.0,0.0,0.0,0.0,7,0.0
314,645,0.0,0.0,0.0,0.0,0.0,5,0.0
314,673,0.0,0.0,0.0,0.0,0.0,7,0.0
314,118,0.0,0.0,0.0,0.0,0.0,7,0.0
314,167,0.0,0.0,0.0,0.0,0.0,7,0.0
314,347,0.0,0.0,0.0,0.0,0.0,7,0.0
314,385,0.0,0.0,0.0,0.0,0.0,7,0.0
314,656,0.0,0.0,0.0,0.0,0.0,7,0.0
314,655,0.0,0.0,0.0,0.0,0.0,7,0.0
314,573,0.0,0.0,0.0,0.0,0.0,7,0.0
314,574,0.0,0.0,0.0,0.0,0.0,7,0.0
314,40,0.0,0.0,0.0,0.0,0.0,5,0.0
314,3,0.0,0.0,0.0,0.0,0.0,7,0.0
314,483,0.0,0.0,0.0,0.0,0.0,7,0.0
314,571,0.0,0.0,0.0,0.0,0.0,7,0.0
314,572,0.0,0.0,0.0,0.0,0.0,7,0.0
314,674,0.0,0.0,0.0,0.0,0.0,7,0.0
314,646,0.0,0.0,0.0,0.0,0.0,5,0.0
380,118,0.0,0.0,0.0485,0.0485,0.0485,13,0.0
380,187,0.0,0.0,0.0485,0.0485,0.0485,13,0.0
380,115,0.0,0.0,0.0485,0.0485,0.0485,13,0.0
314,429,0.0,0.0,0.115,0.0,0.115,15,0.0
380,34,0.0,0.0,0.0485,0.0485,0.0485,13,0.0
380,492,0.0,0.0,0.0485,0.0485,0.0485,13,0.0
380,16,0.0,0.0,0.0485,0.0485,0.0485,13,0.0
380,355,0.0,0.0,0.0485,0.0485,0.0485,13,0.0
380,176,0.0,0.0,0.0485,0.0485,0.0485,13,0.0
380,144,0.0,0.0,0.0485,0.0485,0.0485,13,0.0
380,49,0.0,0.0,0.0485,0.0485,0.0485,12,0.0
380,481,0.0,0.0,0.0485,0.0485,0.0485,13,0.0
417,230,0.0,0.0,0.0247,0.0,0.0247,12,0.0
314,276,0.0,0.0,0.0,0.0,0.0,7,0.0
380,418,0.0,0.0,0.0485,0.0485,0.0485,12,0.0
380,53,0.0,0.0,0.0485,0.0485,0.0485,12,0.0
227,158,0.0,0.0,0.046200000000000005,0.046200000000000005,0.046200000000000005,12,0.0
380,323,0.0,0.0,0.041800000000000004,0.041800000000000004,0.041800000000000004,11,0.0
314,228,0.0,0.0,0.0341,0.0,0.0341,15,0.0
380,128,0.0,0.0,0.036000000000000004,0.036000000000000004,0.036000000000000004,11,0.0
380,331,0.0,0.0,0.041800000000000004,0.041800000000000004,0.041800000000000004,11,0.0
380,17,0.0,0.0,0.041800000000000004,0.041800000000000004,0.041800000000000004,11,0.0
380,349,0.0,0.0,0.036000000000000004,0.036000000000000004,0.036000000000000004,11,0.0
186,71,0.0,0.0,0.023899999999999998,0.0,0.023899999999999998,10,0.0
380,132,0.0,0.0,0.0237,0.0237,0.0237,10,0.0
380,254,0.0,0.0,0.0237,0.0237,0.0237,10,0.0
380,30,0.0,0.0,0.0299,0.0299,0.0299,10,0.0
421,229,0.0,0.0,0.0,0.0,0.0,8,0.0
380,422,0.0,0.0,0.0485,0.0485,0.0485,12,0.0
380,573,0.0,0.0,0.0485,0.0485,0.0485,13,0.0
380,574,0.0,0.0,0.0485,0.0485,0.0485,13,0.0
380,210,0.0,0.0,0.0485,0.0485,0.0485,13,0.0
380,340,0.0,0.0,0.0485,0.0485,0.0485,13,0.0
380,208,0.0,0.0,0.0485,0.0485,0.0485,13,0.0
380,390,0.0,0.0,0.0485,0.0485,0.0485,13,0.0
380,350,0.0,0.0,0.0485,0.0485,0.0485,13,0.0
380,351,0.0,0.0,0.0485,0.0485,0.0485,13,0.0
380,72,0.0,0.0,0.0485,0.0485,0.0485,13,0.0
380,438,0.0,0.0,0.0485,0.0485,0.0485,13,0.0
380,65,0.0,0.0,0.0485,0.0485,0.0485,13,0.0
380,338,0.0,0.0,0.0485,0.0485,0.0485,13,0.0
380,66,0.0,0.0,0.0485,0.0485,0.0485,13,0.0
380,347,0.0,0.0,0.0485,0.0485,0.0485,13,0.0
380,420,0.0,0.0,0.0485,0.0485,0.0485,13,0.0
380,365,0.0,0.0,0.0485,0.0485,0.0485,13,0.0
380,463,0.0,0.0,0.0485,0.0485,0.0485,13,0.0
380,548,0.0,0.0,0.0485,0.0485,0.0485,13,0.0
380,547,0.0,0.0,0.0485,0.0485,0.0485,13,0.0
380,111,0.0,0.0,0.0485,0.0485,0.0485,13,0.0
380,106,0.0,0.0,0.0485,0.0485,0.0485,13,0.0
380,445,0.0,0.0,0.0485,0.0485,0.0485,13,0.0
380,3,0.0,0.0,0.0485,0.0485,0.0485,13,0.0
380,483,0.0,0.0,0.0485,0.0485,0.0485,13,0.0
380,152,0.0,0.0,0.0485,0.0485,0.0485,13,0.0
380,325,0.0,0.0,0.0485,0.0485,0.0485,13,0.0
380,329,0.0,0.0,0.0485,0.0485,0.0485,13,0.0
380,186,0.0,0.0,0.0485,0.0485,0.0485,13,0.0
380,376,0.0,0.0,0.0485,0.0485,0.0485,13,0.0
418,61,0.0,0.0,0.0,0.0,0.0,8,0.0
418,62,0.0,0.0,0.0,0.0,0.0,8,0.0
227,421,0.0,0.0,0.0,0.0,0.0,8,0.0
227,417,0.0,0.0,0.0,0.0,0.0,6,0.0
382,450,0.0,0.0,0.0124,0.0,0.0124,7,0.0
382,647,0.0,0.0,0.0124,0.0,0.0124,7,0.0
382,449,0.0,0.0,0.0124,0.0,0.0124,7,0.0
382,648,0.0,0.0,0.0124,0.0,0.0124,7,0.0
418,454,0.0,0.0,0.0,0.0,0.0,7,0.0
314,127,0.0,0.0,0.0,0.0,0.0,10,0.0
314,257,0.0,0.0,0.0,0.0,0.0,10,0.0
418,575,0.0,0.0,0.0,0.0,0.0,7,0.0
418,576,0.0,0.0,0.0,0.0,0.0,7,0.0
418,355,0.0,0.0,0.0112,0.0112,0.0112,12,0.0
659,474,0.0,0.0,0.011099999999999999,0.011099999999999999,0.011099999999999999,5,0.0
39,40,0.0,0.0,0.011099999999999999,0.0,0.011099999999999999,5,0.0
418,298,0.0,0.0,0.0,0.0,0.0,6,0.0
314,50,0.0,0.0,0.0,0.0,0.0,9,0.0
314,279,0.0,0.0,0.0,0.0,0.0,9,0.0
418,203,0.0,0.0,0.0,0.0,0.0,3,0.0
380,358,0.0,0.0,0.0062,0.0062,0.0062,6,0.0
314,94,0.0,0.0,0.0,0.0,0.0,9,0.0
314,496,0.0,0.0,0.0,0.0,0.0,9,0.0
314,472,0.0,0.0,0.0,0.0,0.0,9,0.0
314,128,0.0,0.0,0.0,0.0,0.0,9,0.0
314,669,0.0,0.0,0.0,0.0,0.0,9,0.0
314,670,0.0,0.0,0.0,0.0,0.0,9,0.0
314,500,0.0,0.0,0.0,0.0,0.0,9,0.0
314,49,0.0,0.0,0.0,0.0,0.0,10,0.0
132,186,0.0,0.0,0.0305,0.0305,0.0305,11,0.0
314,283,0.0,0.0,0.030100000000000002,0.0,0.030100000000000002,14,0.0
380,189,0.0,0.0,0.0237,0.0237,0.0237,10,0.0
380,414,0.0,0.0,0.0237,0.0237,0.0237,10,0.0
227,422,0.0,0.0,0.0,0.0,0.0,8,0.0
380,172,0.0,0.0,0.0237,0.0237,0.0237,10,0.0
380,116,0.0,0.0,0.0237,0.0237,0.0237,10,0.0
380,419,0.0,0.0,0.0237,0.0237,0.0237,8,0.0
380,496,0.0,0.0,0.0237,0.0237,0.0237,10,0.0
512,257,0.0,0.0,0.036,0.0,0.036,11,0.0
380,472,0.0,0.0,0.0237,0.0237,0.0237,8,0.0
380,117,0.0,0.0,0.0237,0.0237,0.0237,10,0.0
314,417,0.0,0.0,0.0062,0.0,0.0062,11,0.0
380,468,0.0,0.0,0.0124,0.0124,0.0124,7,0.0
380,127,0.0,0.0,0.0237,0.0237,0.0237,8,0.0
227,228,0.0,0.0,0.0062,0.0062,0.0062,9,0.0
314,421,0.0,0.0,0.0062,0.0,0.0062,11,0.0
418,94,0.0,0.0,0.0,0.0,0.0,8,0.0
314,226,0.0,0.0,0.0062,0.0,0.0062,11,0.0
314,349,0.0,0.0,0.0062,0.0,0.0062,11,0.0
314,323,0.0,0.0,0.0,0.0,0.0,10,0.0
314,331,0.0,0.0,0.0062,0.0,0.0062,11,0.0
418,376,0.0,0.0,0.0,0.0,0.0,8,0.0
438,72,0.0,0.0,0.0,0.0,0.0,4,0.0
314,474,0.0,0.0,0.0,0.0,0.0,10,0.0
314,229,0.0,0.0,0.0,0.0,0.0,8,0.0
122,288,0.0,0.0,0.0,0.0,0.0,2,0.0
418,211,0.0,0.0,0.0,0.0,0.0,8,0.0
418,429,0.0,0.0,0.0,0.0,0.0,10,0.0
314,123,0.0,0.0,0.0,0.0,0.0,3,0.0
314,599,0.0,0.0,0.0,0.0,0.0,3,0.0
314,161,0.0,0.0,0.0,0.0,0.0,1,0.0
314,162,0.0,0.0,0.0,0.0,0.0,1,0.0
314,163,0.0,0.0,0.0,0.0,0.0,1,0.0
314,164,0.0,0.0,0.0,0.0,0.0,1,0.0
314,206,0.0,0.0,0.0,0.0,0.0,1,0.0
314,207,0.0,0.0,0.0,0.0,0.0,1,0.0
314,249,0.0,0.0,0.0,0.0,0.0,1,0.0
314,250,0.0,0.0,0.0,0.0,0.0,1,0.0
314,259,0.0,0.0,0.0,0.0,0.0,1,0.0
314,260,0.0,0.0,0.0,0.0,0.0,1,0.0
314,261,0.0,0.0,0.0,0.0,0.0,1,0.0
314,340,0.0,0.0,0.0,0.0,0.0,5,0.0
314,273,0.0,0.0,0.0,0.0,0.0,1,0.0
314,277,0.0,0.0,0.0,0.0,0.0,1,0.0
314,286,0.0,0.0,0.0,0.0,0.0,1,0.0
314,300,0.0,0.0,0.0,0.0,0.0,1,0.0
314,301,0.0,0.0,0.0,0.0,0.0,1,0.0
314,302,0.0,0.0,0.0,0.0,0.0,1,0.0
314,303,0.0,0.0,0.0,0.0,0.0,1,0.0
314,310,0.0,0.0,0.0,0.0,0.0,1,0.0
512,71,0.0,0.0,0.0062,0.0,0.0062,3,0.0
380,256,0.0,0.0,0.0062,0.0062,0.0062,3,0.0
382,39,0.0,0.0,0.0062,0.0,0.0062,3,0.0
512,165,0.0,0.0,0.0062,0.0,0.0062,3,0.0
254,116,0.0,0.0,0.0062,0.0,0.0062,3,0.0
254,172,0.0,0.0,0.0062,0.0,0.0062,3,0.0
314,262,0.0,0.0,0.0,0.0,0.0,1,0.0
314,305,0.0,0.0,0.0,0.0,0.0,2,0.0
314,510,0.0,0.0,0.0,0.0,0.0,2,0.0
314,245,0.0,0.0,0.0,0.0,0.0,2,0.0
314,-1,0.0,0.0,0.0,0.0,0.0,3,0.0
314,20,0.0,0.0,0.0,0.0,0.0,3,0.0
314,45,0.0,0.0,0.0,0.0,0.0,3,0.0
314,47,0.0,0.0,0.0,0.0,0.0,3,0.0
314,74,0.0,0.0,0.0,0.0,0.0,3,0.0
314,75,0.0,0.0,0.0,0.0,0.0,3,0.0
314,85,0.0,0.0,0.0,0.0,0.0,3,0.0
314,86,0.0,0.0,0.0,0.0,0.0,3,0.0
314,95,0.0,0.0,0.0,0.0,0.0,3,0.0
314,96,0.0,0.0,0.0,0.0,0.0,3,0.0
314,537,0.0,0.0,0.0,0.0,0.0,3,0.0
314,102,0.0,0.0,0.0,0.0,0.0,3,0.0
314,105,0.0,0.0,0.0,0.0,0.0,3,0.0
314,119,0.0,0.0,0.0,0.0,0.0,2,0.0
314,120,0.0,0.0,0.0,0.0,0.0,2,0.0
314,121,0.0,0.0,0.0,0.0,0.0,2,0.0
314,122,0.0,0.0,0.0,0.0,0.0,2,0.0
169,282,0.0,0.0,0.0,0.0,0.0,1,0.0
314,414,0.0,0.0,0.0,0.0,0.0,4,0.0
314,470,0.0,0.0,0.0,0.0,0.0,1,0.0
314,533,0.0,0.0,0.0,0.0,0.0,3,0.0
314,535,0.0,0.0,0.0,0.0,0.0,3,0.0
314,534,0.0,0.0,0.0,0.0,0.0,3,0.0
314,536,0.0,0.0,0.0,0.0,0.0,3,0.0
314,538,0.0,0.0,0.0,0.0,0.0,3,0.0
314,101,0.0,0.0,0.0,0.0,0.0,3,0.0
380,357,0.0,0.0,0.0,0.0,0.0,2,0.0
382,71,0.0,0.0,0.0,0.0,0.0,2,0.0
382,125,0.0,0.0,0.0,0.0,0.0,2,0.0
385,257,0.0,0.0,0.0,0.0,0.0,2,0.0
314,529,0.0,0.0,0.0,0.0,0.0,2,0.0
382,297,0.0,0.0,0.0,0.0,0.0,2,0.0
382,248,0.0,0.0,0.0,0.0,0.0,2,0.0
382,239,0.0,0.0,0.0,0.0,0.0,1,0.0
382,238,0.0,0.0,0.0,0.0,0.0,1,0.0
382,508,0.0,0.0,0.0,0.0,0.0,1,0.0
382,379,0.0,0.0,0.0,0.0,0.0,1,0.0
382,378,0.0,0.0,0.0,0.0,0.0,1,0.0
382,224,0.0,0.0,0.0,0.0,0.0,1,0.0
382,349,0.0,0.0,0.0062,0.0,0.0062,3,0.0
382,509,0.0,0.0,0.0,0.0,0.0,1,0.0
525,524,0.0,0.0,0.0,0.0,0.0,2,0.0
523,526,0.0,0.0,0.0,0.0,0.0,2,0.0
525,523,0.0,0.0,0.0,0.0,0.0,2,0.0
523,525,0.0,0.0,0.0,0.0,0.0,2,0.0
314,606,0.0,0.0,0.0,0.0,0.0,2,0.0
314,608,0.0,0.0,0.0,0.0,0.0,2,0.0
314,605,0.0,0.0,0.0,0.0,0.0,2,0.0
314,607,0.0,0.0,0.0,0.0,0.0,2,0.0
314,129,0.0,0.0,0.0,0.0,0.0,2,0.0
314,350,0.0,0.0,0.0,0.0,0.0,2,0.0
314,532,0.0,0.0,0.0,0.0,0.0,2,0.0
314,531,0.0,0.0,0.0,0.0,0.0,2,0.0
314,530,0.0,0.0,0.0,0.0,0.0,2,0.0
382,498,0.0,0.0,0.0,0.0,0.0,1,0.0
254,661,0.0,0.0,0.0062,0.0,0.0062,3,0.0
254,258,0.0,0.0,0.0062,0.0,0.0062,3,0.0
254,662,0.0,0.0,0.0062,0.0,0.0062,3,0.0
380,382,0.0,0.0,0.0,0.0,0.0,2,0.0
382,126,0.0,0.0,0.0062,0.0,0.0062,3,0.0
382,230,0.0,0.0,0.0062,0.0,0.0062,3,0.0
380,165,0.0,0.0,0.0,0.0,0.0,2,0.0
382,41,0.0,0.0,0.0,0.0,0.0,2,0.0
382,258,0.0,0.0,0.0,0.0,0.0,2,0.0
382,661,0.0,0.0,0.0,0.0,0.0,2,0.0
382,662,0.0,0.0,0.0,0.0,0.0,2,0.0
382,466,0.0,0.0,0.0,0.0,0.0,2,0.0
382,465,0.0,0.0,0.0,0.0,0.0,2,0.0
382,143,0.0,0.0,0.0,0.0,0.0,2,0.0
382,40,0.0,0.0,0.0,0.0,0.0,2,0.0
466,382,0.0,0.0,0.0,0.0,0.0,2,0.0
382,473,0.0,0.0,0.0,0.0,0.0,2,0.0
382,129,0.0,0.0,0.0,0.0,0.0,2,0.0
512,39,0.0,0.0,0.0,0.0,0.0,2,0.0
382,17,0.0,0.0,0.0,0.0,0.0,2,0.0
382,472,0.0,0.0,0.0,0.0,0.0,2,0.0
240,187,0.0,0.0,0.0,0.0,0.0,2,0.0
382,387,0.0,0.0,0.0,0.0,0.0,2,0.0
382,385,0.0,0.0,0.0,0.0,0.0,2,0.0
39,450,0.0,0.0,0.0,0.0,0.0,2,0.0
382,496,0.0,0.0,0.0,0.0,0.0,2,0.0
382,240,0.0,0.0,0.0,0.0,0.0,2,0.0
385,41,0.0,0.0,0.0,0.0,0.0,2,0.0
512,31,0.0,0.0,0.0,0.0,0.0,2,0.0
382,194,0.0,0.0,0.0,0.0,0.0,2,0.0
314,431,0.0,0.0,0.0,0.0,0.0,3,0.0
314,225,0.0,0.0,0.0,0.0,0.0,7,0.0
314,54,0.0,0.0,0.0,0.0,0.0,3,0.0
314,488,0.0,0.0,0.0,0.0,0.0,7,0.0
314,145,0.0,0.0,0.0,0.0,0.0,7,0.0
314,559,0.0,0.0,0.0,0.0,0.0,7,0.0
314,560,0.0,0.0,0.0,0.0,0.0,7,0.0
314,561,0.0,0.0,0.0,0.0,0.0,7,0.0
314,562,0.0,0.0,0.0,0.0,0.0,7,0.0
314,419,0.0,0.0,0.0,0.0,0.0,5,0.0
314,388,0.0,0.0,0.0,0.0,0.0,7,0.0
314,334,0.0,0.0,0.0,0.0,0.0,7,0.0
314,9,0.0,0.0,0.0,0.0,0.0,7,0.0
314,399,0.0,0.0,0.0,0.0,0.0,2,0.0
314,487,0.0,0.0,0.0,0.0,0.0,7,0.0
314,171,0.0,0.0,0.0,0.0,0.0,7,0.0
314,370,0.0,0.0,0.0,0.0,0.0,7,0.0
314,170,0.0,0.0,0.0,0.0,0.0,7,0.0
314,185,0.0,0.0,0.0,0.0,0.0,7,0.0
314,336,0.0,0.0,0.0,0.0,0.0,7,0.0
314,337,0.0,0.0,0.0,0.0,0.0,7,0.0
314,191,0.0,0.0,0.0,0.0,0.0,7,0.0
314,462,0.0,0.0,0.0,0.0,0.0,7,0.0
314,643,0.0,0.0,0.0,0.0,0.0,3,0.0
314,644,0.0,0.0,0.0,0.0,0.0,3,0.0
314,521,0.0,0.0,0.0,0.0,0.0,6,0.0
314,522,0.0,0.0,0.0,0.0,0.0,6,0.0
314,115,0.0,0.0,0.0,0.0,0.0,5,0.0
314,232,0.0,0.0,0.0,0.0,0.0,5,0.0
314,56,0.0,0.0,0.0,0.0,0.0,7,0.0
380,494,0.0,0.0,0.0485,0.0485,0.0485,13,0.0
314,345,0.0,0.0,0.0,0.0,0.0,7,0.0
314,413,0.0,0.0,0.0,0.0,0.0,7,0.0
314,82,0.0,0.0,0.0,0.0,0.0,7,0.0
314,223,0.0,0.0,0.0,0.0,0.0,7,0.0
314,467,0.0,0.0,0.0,0.0,0.0,7,0.0
314,42,0.0,0.0,0.0,0.0,0.0,7,0.0
314,292,0.0,0.0,0.0,0.0,0.0,7,0.0
314,391,0.0,0.0,0.0,0.0,0.0,7,0.0
314,348,0.0,0.0,0.0,0.0,0.0,7,0.0
314,432,0.0,0.0,0.0,0.0,0.0,7,0.0
314,660,0.0,0.0,0.0,0.0,0.0,5,0.0
314,659,0.0,0.0,0.0,0.0,0.0,5,0.0
314,392,0.0,0.0,0.0,0.0,0.0,5,0.0
314,658,0.0,0.0,0.0,0.0,0.0,5,0.0
314,116,0.0,0.0,0.0,0.0,0.0,7,0.0
314,172,0.0,0.0,0.0,0.0,0.0,7,0.0
314,43,0.0,0.0,0.0,0.0,0.0,7,0.0
314,130,0.0,0.0,0.0,0.0,0.0,7,0.0
314,369,0.0,0.0,0.0,0.0,0.0,5,0.0
314,366,0.0,0.0,0.0,0.0,0.0,7,0.0
314,367,0.0,0.0,0.0,0.0,0.0,7,0.0
314,35,0.0,0.0,0.0,0.0,0.0,7,0.0
314,109,0.0,0.0,0.0,0.0,0.0,7,0.0
314,368,0.0,0.0,0.0,0.0,0.0,5,0.0
314,299,0.0,0.0,0.0,0.0,0.0,7,0.0
314,430,0.0,0.0,0.0,0.0,0.0,5,0.0
314,254,0.0,0.0,0.0,0.0,0.0,7,0.0
314,657,0.0,0.0,0.0,0.0,0.0,5,0.0
314,362,0.0,0.0,0.0,0.0,0.0,6,0.0
314,44,0.0,0.0,0.0,0.0,0.0,6,0.0
314,237,0.0,0.0,0.0,0.0,0.0,6,0.0
314,597,0.0,0.0,0.0,0.0,0.0,4,0.0
314,67,0.0,0.0,0.0,0.0,0.0,2,0.0
314,110,0.0,0.0,0.0,0.0,0.0,2,0.0
314,48,0.0,0.0,0.0,0.0,0.0,2,0.0
314,68,0.0,0.0,0.0,0.0,0.0,2,0.0
314,150,0.0,0.0,0.0,0.0,0.0,2,0.0
314,631,0.0,0.0,0.0,0.0,0.0,2,0.0
314,632,0.0,0.0,0.0,0.0,0.0,2,0.0
227,315,0.0,0.0,0.0,0.0,0.0,2,0.0
314,0,0.0,0.0,0.0,0.0,0.0,2,0.0
314,218,0.0,0.0,0.0,0.0,0.0,6,0.0
314,481,0.0,0.0,0.0,0.0,0.0,2,0.0
314,333,0.0,0.0,0.0,0.0,0.0,2,0.0
314,144,0.0,0.0,0.0,0.0,0.0,2,0.0
314,151,0.0,0.0,0.0,0.0,0.0,2,0.0
314,327,0.0,0.0,0.0,0.0,0.0,2,0.0
314,1,0.0,0.0,0.0,0.0,0.0,2,0.0
314,125,0.0,0.0,0.0,0.0,0.0,2,0.0
314,2,0.0,0.0,0.0,0.0,0.0,2,0.0
314,113,0.0,0.0,0.0,0.0,0.0,2,0.0
314,258,0.0,0.0,0.0,0.0,0.0,2,0.0
314,661,0.0,0.0,0.0,0.0,0.0,2,0.0
314,662,0.0,0.0,0.0,0.0,0.0,2,0.0
314,360,0.0,0.0,0.0,0.0,0.0,2,0.0
314,309,0.0,0.0,0.0,0.0,0.0,2,0.0
314,328,0.0,0.0,0.0,0.0,0.0,2,0.0
314,520,0.0,0.0,0.0,0.0,0.0,6,0.0
314,519,0.0,0.0,0.0,0.0,0.0,6,0.0
314,476,0.0,0.0,0.0,0.0,0.0,6,0.0
314,435,0.0,0.0,0.0,0.0,0.0,6,0.0
314,477,0.0,0.0,0.0,0.0,0.0,6,0.0
314,434,0.0,0.0,0.0,0.0,0.0,6,0.0
314,107,0.0,0.0,0.0,0.0,0.0,4,0.0
314,565,0.0,0.0,0.0,0.0,0.0,6,0.0
314,566,0.0,0.0,0.0,0.0,0.0,6,0.0
314,563,0.0,0.0,0.0,0.0,0.0,6,0.0
314,564,0.0,0.0,0.0,0.0,0.0,6,0.0
314,147,0.0,0.0,0.0,0.0,0.0,6,0.0
314,63,0.0,0.0,0.0,0.0,0.0,4,0.0
314,308,0.0,0.0,0.0,0.0,0.0,6,0.0
314,264,0.0,0.0,0.0,0.0,0.0,6,0.0
314,402,0.0,0.0,0.0,0.0,0.0,6,0.0
314,243,0.0,0.0,0.0,0.0,0.0,6,0.0
314,381,0.0,0.0,0.0,0.0,0.0,6,0.0
314,453,0.0,0.0,0.0,0.0,0.0,6,0.0
314,457,0.0,0.0,0.0,0.0,0.0,6,0.0
314,584,0.0,0.0,0.0,0.0,0.0,6,0.0
314,582,0.0,0.0,0.0,0.0,0.0,6,0.0
314,523,0.0,0.0,0.0,0.0,0.0,6,0.0
314,525,0.0,0.0,0.0,0.0,0.0,6,0.0
314,581,0.0,0.0,0.0,0.0,0.0,6,0.0
314,583,0.0,0.0,0.0,0.0,0.0,6,0.0
314,649,0.0,0.0,0.0,0.0,0.0,6,0.0
314,651,0.0,0.0,0.0,0.0,0.0,6,0.0
314,263,0.0,0.0,0.0,0.0,0.0,6,0.0
314,64,0.0,0.0,0.0,0.0,0.0,4,0.0
380,196,0.0,0.0,0.0708,0.0708,0.0708,13,0.0
380,158,0.0,0.0,0.0708,0.0708,0.0708,13,0.0
380,50,0.0,0.0,0.0708,0.0708,0.0708,13,0.0
380,470,0.0,0.0,0.065,0.065,0.065,13,0.0
380,315,0.0,0.0,0.065,0.065,0.065,13,0.0
380,43,0.0,0.0,0.065,0.065,0.065,13,0.0
380,421,0.0,0.0,0.065,0.065,0.065,13,0.0
380,229,0.0,0.0,0.065,0.065,0.065,13,0.0
380,168,0.0,0.0,0.065,0.065,0.065,13,0.0
380,99,0.0,0.0,0.065,0.065,0.065,13,0.0
380,413,0.0,0.0,0.065,0.065,0.065,13,0.0
380,22,0.0,0.0,0.065,0.065,0.065,13,0.0
380,123,0.0,0.0,0.065,0.065,0.065,13,0.0
380,571,0.0,0.0,0.0485,0.0485,0.0485,13,0.0
380,537,0.0,0.0,0.065,0.065,0.065,13,0.0
380,48,0.0,0.0,0.065,0.065,0.065,13,0.0
380,330,0.0,0.0,0.058899999999999994,0.058899999999999994,0.058899999999999994,13,0.0
380,23,0.0,0.0,0.058899999999999994,0.058899999999999994,0.058899999999999994,13,0.0
380,219,0.0,0.0,0.065,0.065,0.065,13,0.0
380,58,0.0,0.0,0.058899999999999994,0.058899999999999994,0.058899999999999994,13,0.0
380,1,0.0,0.0,0.058899999999999994,0.058899999999999994,0.058899999999999994,13,0.0
380,428,0.0,0.0,0.058899999999999994,0.058899999999999994,0.058899999999999994,13,0.0
380,110,0.0,0.0,0.058899999999999994,0.058899999999999994,0.058899999999999994,13,0.0
380,282,0.0,0.0,0.058899999999999994,0.058899999999999994,0.058899999999999994,13,0.0
380,499,0.0,0.0,0.058899999999999994,0.058899999999999994,0.058899999999999994,13,0.0
380,343,0.0,0.0,0.058899999999999994,0.058899999999999994,0.058899999999999994,13,0.0
380,389,0.0,0.0,0.058899999999999994,0.058899999999999994,0.058899999999999994,13,0.0
380,197,0.0,0.0,0.058899999999999994,0.058899999999999994,0.058899999999999994,13,0.0
380,538,0.0,0.0,0.065,0.065,0.065,13,0.0
380,228,0.0,0.0,0.07719999999999999,0.07719999999999999,0.07719999999999999,13,0.0
380,536,0.0,0.0,0.07719999999999999,0.07719999999999999,0.07719999999999999,13,0.0
380,534,0.0,0.0,0.07719999999999999,0.07719999999999999,0.07719999999999999,13,0.0
380,533,0.0,0.0,0.07719999999999999,0.07719999999999999,0.07719999999999999,13,0.0
380,535,0.0,0.0,0.07719999999999999,0.07719999999999999,0.07719999999999999,13,0.0
380,67,0.0,0.0,0.07719999999999999,0.07719999999999999,0.07719999999999999,13,0.0
380,190,0.0,0.0,0.0841,0.0841,0.0841,13,0.0
380,451,0.0,0.0,0.0841,0.0841,0.0841,13,0.0
380,298,0.0,0.0,0.0708,0.0708,0.0708,13,0.0
380,643,0.0,0.0,0.0708,0.0708,0.0708,13,0.0
380,644,0.0,0.0,0.0708,0.0708,0.0708,13,0.0
380,134,0.0,0.0,0.07719999999999999,0.07719999999999999,0.07719999999999999,13,0.0
380,275,0.0,0.0,0.0708,0.0708,0.0708,13,0.0
380,292,0.0,0.0,0.0708,0.0708,0.0708,13,0.0
380,188,0.0,0.0,0.0485,0.0485,0.0485,13,0.0
380,356,0.0,0.0,0.0708,0.0708,0.0708,13,0.0
380,392,0.0,0.0,0.0708,0.0708,0.0708,13,0.0
380,279,0.0,0.0,0.0708,0.0708,0.0708,13,0.0
380,221,0.0,0.0,0.0708,0.0708,0.0708,13,0.0
380,639,0.0,0.0,0.0708,0.0708,0.0708,13,0.0
380,640,0.0,0.0,0.0708,0.0708,0.0708,13,0.0
380,223,0.0,0.0,0.0708,0.0708,0.0708,13,0.0
380,159,0.0,0.0,0.0708,0.0708,0.0708,13,0.0
380,431,0.0,0.0,0.0708,0.0708,0.0708,13,0.0
380,335,0.0,0.0,0.0708,0.0708,0.0708,13,0.0
380,42,0.0,0.0,0.0708,0.0708,0.0708,13,0.0
380,54,0.0,0.0,0.0708,0.0708,0.0708,13,0.0
380,93,0.0,0.0,0.0708,0.0708,0.0708,13,0.0
380,276,0.0,0.0,0.0708,0.0708,0.0708,13,0.0
380,601,0.0,0.0,0.0485,0.0485,0.0485,13,0.0
380,602,0.0,0.0,0.0485,0.0485,0.0485,13,0.0
380,603,0.0,0.0,0.0485,0.0485,0.0485,13,0.0
380,604,0.0,0.0,0.0485,0.0485,0.0485,13,0.0
380,79,0.0,0.0,0.0485,0.0485,0.0485,13,0.0
380,360,0.0,0.0,0.0485,0.0485,0.0485,13,0.0
380,631,0.0,0.0,0.0485,0.0485,0.0485,13,0.0
380,632,0.0,0.0,0.0485,0.0485,0.0485,13,0.0
380,605,0.0,0.0,0.0485,0.0485,0.0485,13,0.0
380,606,0.0,0.0,0.0485,0.0485,0.0485,13,0.0
380,607,0.0,0.0,0.0485,0.0485,0.0485,13,0.0
380,608,0.0,0.0,0.0485,0.0485,0.0485,13,0.0
380,377,0.0,0.0,0.0485,0.0485,0.0485,13,0.0
380,491,0.0,0.0,0.054,0.054,0.054,13,0.0
380,179,0.0,0.0,0.0485,0.0485,0.0485,13,0.0
380,138,0.0,0.0,0.0485,0.0485,0.0485,13,0.0
380,139,0.0,0.0,0.0485,0.0485,0.0485,13,0.0
380,112,0.0,0.0,0.0485,0.0485,0.0485,13,0.0
380,312,0.0,0.0,0.0485,0.0485,0.0485,13,0.0
380,476,0.0,0.0,0.0485,0.0485,0.0485,13,0.0
380,327,0.0,0.0,0.0485,0.0485,0.0485,13,0.0
380,218,0.0,0.0,0.0485,0.0485,0.0485,13,0.0
380,332,0.0,0.0,0.0485,0.0485,0.0485,13,0.0
380,477,0.0,0.0,0.0485,0.0485,0.0485,13,0.0
380,113,0.0,0.0,0.0485,0.0485,0.0485,13,0.0
380,231,0.0,0.0,0.0485,0.0485,0.0485,13,0.0
380,8,0.0,0.0,0.0485,0.0485,0.0485,13,0.0
380,13,0.0,0.0,0.0485,0.0485,0.0485,13,0.0
380,178,0.0,0.0,0.0485,0.0485,0.0485,13,0.0
380,493,0.0,0.0,0.054,0.054,0.054,13,0.0
380,559,0.0,0.0,0.058899999999999994,0.058899999999999994,0.058899999999999994,13,0.0
380,560,0.0,0.0,0.058899999999999994,0.058899999999999994,0.058899999999999994,13,0.0
380,638,0.0,0.0,0.054,0.054,0.054,13,0.0
380,637,0.0,0.0,0.054,0.054,0.054,13,0.0
380,51,0.0,0.0,0.054,0.054,0.054,13,0.0
380,561,0.0,0.0,0.058899999999999994,0.058899999999999994,0.058899999999999994,13,0.0
380,562,0.0,0.0,0.058899999999999994,0.058899999999999994,0.058899999999999994,13,0.0
380,225,0.0,0.0,0.054,0.054,0.054,13,0.0
380,71,0.0,0.0,0.054,0.054,0.054,13,0.0
380,0,0.0,0.0,0.054,0.054,0.054,13,0.0
380,169,0.0,0.0,0.054,0.054,0.054,13,0.0
380,151,0.0,0.0,0.054,0.054,0.054,13,0.0
380,458,0.0,0.0,0.054,0.054,0.054,13,0.0
380,473,0.0,0.0,0.0485,0.0485,0.0485,13,0.0
380,430,0.0,0.0,0.054,0.054,0.054,13,0.0
380,88,0.0,0.0,0.054,0.054,0.054,13,0.0
380,454,0.0,0.0,0.058899999999999994,0.058899999999999994,0.058899999999999994,13,0.0
380,280,0.0,0.0,0.054,0.054,0.054,13,0.0
380,145,0.0,0.0,0.054,0.054,0.054,13,0.0
380,35,0.0,0.0,0.054,0.054,0.054,13,0.0
380,281,0.0,0.0,0.054,0.054,0.054,13,0.0
380,203,0.0,0.0,0.054,0.054,0.054,13,0.0
380,126,0.0,0.0,0.054,0.054,0.054,13,0.0
380,369,0.0,0.0,0.054,0.054,0.054,13,0.0
380,462,0.0,0.0,0.054,0.054,0.054,13,0.0
380,2,0.0,0.0,0.054,0.054,0.054,13,0.0
380,368,0.0,0.0,0.054,0.054,0.054,13,0.0
380,89,0.0,0.0,0.054,0.054,0.054,13,0.0
380,514,0.0,0.0,0.054,0.054,0.054,13,0.0
380,509,0.0,0.0,0.1797,0.1797,0.1797,15,0.0
380,498,0.0,0.0,0.1797,0.1797,0.1797,15,0.0
380,143,0.0,0.0,0.16,0.16,0.16,14,0.0
380,194,0.0,0.0,0.16,0.16,0.16,14,0.0
380,41,0.0,0.0,0.16,0.16,0.16,14,0.0
380,199,0.0,0.0,0.17370000000000002,0.17370000000000002,0.17370000000000002,15,0.0
314,227,0.0,0.0,1.1940000000000002,0.0,1.1940000000000002,15,0.0
380,129,0.0,0.0,0.1356,0.1356,0.1356,14,0.0
382,257,0.0,0.0,0.11559999999999998,0.0,0.11559999999999998,14,0.0
380,474,0.0,0.0,0.1367,0.1367,0.1367,14,0.0
227,377,0.0,0.0,0.1172,0.1172,0.11099999999999999,14,0.0
94,211,0.0,0.0,0.18409999999999999,0.0,0.18409999999999999,15,0.0
227,429,0.0,0.0,0.0915,0.0915,0.0915,14,0.0
380,634,0.0,0.0,0.07719999999999999,0.07719999999999999,0.07719999999999999,13,0.0
380,661,0.0,0.0,0.1295,0.1295,0.1295,14,0.0
380,662,0.0,0.0,0.1295,0.1295,0.1295,14,0.0
203,418,0.0,0.0,0.2838,0.2838,0.0,15,0.0
418,450,0.0,0.0,0.24419999999999997,0.24419999999999997,0.11579999999999999,15,0.0
382,31,0.0,0.0,0.1227,0.0,0.1227,14,0.0
380,636,0.0,0.0,0.1295,0.1295,0.1295,14,0.0
380,635,0.0,0.0,0.1295,0.1295,0.1295,14,0.0
380,26,0.0,0.0,0.1295,0.1295,0.1295,14,0.0
380,554,0.0,0.0,0.1232,0.1232,0.1232,14,0.0
380,553,0.0,0.0,0.1232,0.1232,0.1232,14,0.0
380,549,0.0,0.0,0.1232,0.1232,0.1232,14,0.0
380,550,0.0,0.0,0.1232,0.1232,0.1232,14,0.0
380,198,0.0,0.0,0.1232,0.1232,0.1232,14,0.0
380,283,0.0,0.0,0.1295,0.1295,0.1295,14,0.0
380,248,0.0,0.0,0.2502,0.2502,0.2502,15,0.0
225,202,0.0,0.0,1.2668,0.0,1.2668,15,0.0
380,257,0.0,0.0,1.2281,1.2281,1.2281,15,0.0
227,450,0.0,0.0,0.778,0.778,0.41279999999999994,15,0.0
276,275,0.0,0.0,0.28900000000000003,0.28900000000000003,0.28900000000000003,15,0.0
275,276,0.0,0.0,0.28900000000000003,0.28900000000000003,0.28900000000000003,15,0.0
380,417,0.0,0.0,0.8275000000000001,0.8275000000000001,0.8275000000000001,15,0.0
39,143,0.0,0.0,0.6665000000000001,0.0,0.6665000000000001,15,0.0
39,194,0.0,0.0,0.6665000000000001,0.0,0.6665000000000001,15,0.0
380,648,0.0,0.0,0.7275,0.7275,0.7275,15,0.0
380,647,0.0,0.0,0.7275,0.7275,0.7275,15,0.0
380,449,0.0,0.0,0.7275,0.7275,0.7275,15,0.0
380,31,0.0,0.0,0.0062,0.0062,0.0062,3,0.0
380,258,0.0,0.0,0.1295,0.1295,0.1295,14,0.0
417,199,0.0,0.0,0.0,0.0,0.0,2,0.0
39,257,0.0,0.0,0.20699999999999996,0.0,0.20699999999999996,15,0.0
514,314,0.0,0.0,2.9747,2.9747,2.9747,15,0.0
380,395,0.0,0.0,0.34509999999999996,0.34509999999999996,0.34509999999999996,15,0.0
249,250,0.0,0.0,1.6670999999999996,0.0,0.0,15,0.0
380,39,0.0,0.0,0.289,0.289,0.289,15,0.0
417,450,0.0,0.0,0.4108,0.0,0.4108,15,0.0
314,450,0.0,0.0,1.7119,0.0,1.7119,15,0.0
380,471,0.0,0.0,0.20140000000000002,0.20140000000000002,0.20140000000000002,15,0.0
380,396,0.0,0.0,0.19630000000000003,0.19630000000000003,0.19630000000000003,15,0.0
314,458,0.0,0.0,1.892,0.0,1.892,15,0.0
314,514,0.0,0.0,1.892,0.0,1.892,15,0.0
227,314,0.0,0.0,0.1565,0.1565,0.1387,14,0.0
380,508,0.0,0.0,0.196,0.196,0.196,15,0.0
380,238,0.0,0.0,0.196,0.196,0.196,15,0.0
380,239,0.0,0.0,0.196,0.196,0.196,15,0.0
380,230,0.0,0.0,0.6535,0.6535,0.6535,15,0.0
380,500,0.0,0.0,0.0841,0.0841,0.0841,13,0.0
380,669,0.0,0.0,0.0841,0.0841,0.0841,13,0.0
380,670,0.0,0.0,0.0841,0.0841,0.0841,13,0.0
380,55,0.0,0.0,0.0841,0.0841,0.0841,13,0.0
380,90,0.0,0.0,0.0841,0.0841,0.0841,13,0.0
380,378,0.0,0.0,0.07719999999999999,0.07719999999999999,0.07719999999999999,13,0.0
380,379,0.0,0.0,0.07719999999999999,0.07719999999999999,0.07719999999999999,13,0.0
380,314,0.0,0.0,0.0841,0.0841,0.0841,13,0.0
380,68,0.0,0.0,0.07719999999999999,0.07719999999999999,0.07719999999999999,13,0.0
380,227,0.0,0.0,0.0841,0.0841,0.0841,13,0.0
380,247,0.0,0.0,0.07719999999999999,0.07719999999999999,0.07719999999999999,13,0.0
380,660,0.0,0.0,0.07719999999999999,0.07719999999999999,0.07719999999999999,13,0.0
380,659,0.0,0.0,0.07719999999999999,0.07719999999999999,0.07719999999999999,13,0.0
380,25,0.0,0.0,0.1295,0.1295,0.1295,14,0.0
380,657,0.0,0.0,0.07719999999999999,0.07719999999999999,0.07719999999999999,13,0.0
380,429,0.0,0.0,0.0841,0.0841,0.0841,13,0.0
380,125,0.0,0.0,0.07719999999999999,0.07719999999999999,0.07719999999999999,13,0.0
314,422,0.0,0.0,0.2573,0.0,0.2573,15,0.0
380,666,0.0,0.0,0.07719999999999999,0.07719999999999999,0.07719999999999999,13,0.0
380,668,0.0,0.0,0.07719999999999999,0.07719999999999999,0.07719999999999999,13,0.0
380,665,0.0,0.0,0.07719999999999999,0.07719999999999999,0.07719999999999999,13,0.0
380,667,0.0,0.0,0.07719999999999999,0.07719999999999999,0.07719999999999999,13,0.0
208,210,0.0,0.0,0.0056,0.0056,0.0056,9,0.0
380,56,0.0,0.0,0.07719999999999999,0.07719999999999999,0.07719999999999999,13,0.0
380,202,0.0,0.0,0.07719999999999999,0.07719999999999999,0.07719999999999999,13,0.0
380,289,0.0,0.0,0.07719999999999999,0.07719999999999999,0.07719999999999999,13,0.0
210,208,0.0,0.0,0.0056,0.0056,0.0056,9,0.0
380,633,0.0,0.0,0.07719999999999999,0.07719999999999999,0.07719999999999999,13,0.0
380,658,0.0,0.0,0.07719999999999999,0.07719999999999999,0.07719999999999999,13,0.0
380,385,0.0,0.0,0.11159999999999999,0.11159999999999999,0.11159999999999999,14,0.0
418,554,0.0,0.0,0.2016,0.2016,0.1014,15,0.0
418,553,0.0,0.0,0.2016,0.2016,0.1014,15,0.0
380,642,0.0,0.0,0.1243,0.1243,0.1243,14,0.0
380,641,0.0,0.0,0.1243,0.1243,0.1243,14,0.0
418,550,0.0,0.0,0.2016,0.2016,0.1071,15,0.0
418,549,0.0,0.0,0.2016,0.2016,0.1071,15,0.0
380,284,0.0,0.0,0.1117,0.1117,0.1117,14,0.0
380,40,0.0,0.0,0.10529999999999999,0.10529999999999999,0.10529999999999999,14,0.0
380,433,0.0,0.0,0.10529999999999999,0.10529999999999999,0.10529999999999999,14,0.0
380,94,0.0,0.0,0.11159999999999999,0.11159999999999999,0.11159999999999999,14,0.0
380,150,0.0,0.0,0.10529999999999999,0.10529999999999999,0.10529999999999999,14,0.0
314,376,0.0,0.0,0.6104999999999999,0.0,0.6104999999999999,15,0.0
380,149,0.0,0.0,0.0978,0.0978,0.0978,14,0.0
380,556,0.0,0.0,0.0841,0.0841,0.0841,13,0.0
380,224,0.0,0.0,0.0912,0.0912,0.0912,13,0.0
380,297,0.0,0.0,0.0912,0.0912,0.0912,13,0.0
380,211,0.0,0.0,0.0978,0.0978,0.0978,14,0.0
380,444,0.0,0.0,0.0912,0.0912,0.0912,13,0.0
380,240,0.0,0.0,0.0912,0.0912,0.0912,13,0.0
380,558,0.0,0.0,0.0912,0.0912,0.0912,13,0.0
380,557,0.0,0.0,0.0912,0.0912,0.0912,13,0.0
187,71,0.0,0.0,0.08020000000000001,0.08020000000000001,0.08020000000000001,11,0.0
380,646,0.0,0.0,0.0912,0.0912,0.0912,13,0.0
380,645,0.0,0.0,0.0912,0.0912,0.0912,13,0.0
132,187,0.0,0.0,0.07169999999999999,0.07169999999999999,0.07169999999999999,12,0.0
211,94,0.0,0.0,0.09269999999999999,0.0,0.09269999999999999,14,0.0
380,226,0.0,0.0,0.0841,0.0841,0.0841,13,0.0
380,555,0.0,0.0,0.0841,0.0841,0.0841,13,0.0
380,387,0.0,0.0,0.0978,0.0978,0.0978,14,0.0
380,309,0.0,0.0,0.0485,0.0485,0.0485,13,0.0
380,566,0.0,0.0,0.0485,0.0485,0.0485,13,0.0
380,565,0.0,0.0,0.0485,0.0485,0.0485,13,0.0
380,245,0.0,0.0,0.0485,0.0485,0.0485,13,0.0
380,510,0.0,0.0,0.0485,0.0485,0.0485,13,0.0
380,529,0.0,0.0,0.0485,0.0485,0.0485,13,0.0
380,530,0.0,0.0,0.0485,0.0485,0.0485,13,0.0
380,531,0.0,0.0,0.0485,0.0485,0.0485,13,0.0
380,532,0.0,0.0,0.0485,0.0485,0.0485,13,0.0
380,434,0.0,0.0,0.0485,0.0485,0.0485,13,0.0
380,435,0.0,0.0,0.0485,0.0485,0.0485,13,0.0
380,307,0.0,0.0,0.0485,0.0485,0.0485,13,0.0
380,591,0.0,0.0,0.0485,0.0485,0.0485,13,0.0
380,177,0.0,0.0,0.0485,0.0485,0.0485,13,0.0
380,589,0.0,0.0,0.0485,0.0485,0.0485,13,0.0
380,590,0.0,0.0,0.0485,0.0485,0.0485,13,0.0
380,519,0.0,0.0,0.0485,0.0485,0.0485,13,0.0
380,520,0.0,0.0,0.0485,0.0485,0.0485,13,0.0
380,185,0.0,0.0,0.0485,0.0485,0.0485,13,0.0
380,191,0.0,0.0,0.0485,0.0485,0.0485,13,0.0
380,595,0.0,0.0,0.0485,0.0485,0.0485,13,0.0
380,596,0.0,0.0,0.0485,0.0485,0.0485,13,0.0
380,97,0.0,0.0,0.0485,0.0485,0.0485,13,0.0
380,98,0.0,0.0,0.0485,0.0485,0.0485,13,0.0
380,521,0.0,0.0,0.0485,0.0485,0.0485,13,0.0
380,522,0.0,0.0,0.0485,0.0485,0.0485,13,0.0
380,671,0.0,0.0,0.0485,0.0485,0.0485,13,0.0
380,672,0.0,0.0,0.0485,0.0485,0.0485,13,0.0
380,592,0.0,0.0,0.0485,0.0485,0.0485,13,0.0
380,626,0.0,0.0,0.0485,0.0485,0.0485,13,0.0
380,627,0.0,0.0,0.0485,0.0485,0.0485,13,0.0
380,628,0.0,0.0,0.0485,0.0485,0.0485,13,0.0
380,85,0.0,0.0,0.0485,0.0485,0.0485,13,0.0
380,86,0.0,0.0,0.0485,0.0485,0.0485,13,0.0
380,272,0.0,0.0,0.0485,0.0485,0.0485,13,0.0
380,316,0.0,0.0,0.0485,0.0485,0.0485,13,0.0
380,582,0.0,0.0,0.0485,0.0485,0.0485,13,0.0
380,524,0.0,0.0,0.0485,0.0485,0.0485,13,0.0
380,583,0.0,0.0,0.0485,0.0485,0.0485,13,0.0
380,581,0.0,0.0,0.0485,0.0485,0.0485,13,0.0
380,584,0.0,0.0,0.0485,0.0485,0.0485,13,0.0
380,609,0.0,0.0,0.0485,0.0485,0.0485,13,0.0
380,399,0.0,0.0,0.0485,0.0485,0.0485,13,0.0
380,611,0.0,0.0,0.0485,0.0485,0.0485,13,0.0
380,612,0.0,0.0,0.0485,0.0485,0.0485,13,0.0
380,613,0.0,0.0,0.0485,0.0485,0.0485,13,0.0
380,614,0.0,0.0,0.0485,0.0485,0.0485,13,0.0
380,615,0.0,0.0,0.0485,0.0485,0.0485,13,0.0
380,616,0.0,0.0,0.0485,0.0485,0.0485,13,0.0
380,523,0.0,0.0,0.0485,0.0485,0.0485,13,0.0
380,525,0.0,0.0,0.0485,0.0485,0.0485,13,0.0
380,526,0.0,0.0,0.0485,0.0485,0.0485,13,0.0
380,457,0.0,0.0,0.0485,0.0485,0.0485,13,0.0
380,453,0.0,0.0,0.0485,0.0485,0.0485,13,0.0
380,563,0.0,0.0,0.0485,0.0485,0.0485,13,0.0
380,564,0.0,0.0,0.0485,0.0485,0.0485,13,0.0
380,305,0.0,0.0,0.0485,0.0485,0.0485,13,0.0
380,610,0.0,0.0,0.0485,0.0485,0.0485,13,0.0
380,130,0.0,0.0,0.0485,0.0485,0.0485,13,0.0
380,371,0.0,0.0,0.0485,0.0485,0.0485,13,0.0
380,384,0.0,0.0,0.0485,0.0485,0.0485,13,0.0
380,585,0.0,0.0,0.0485,0.0485,0.0485,13,0.0
380,586,0.0,0.0,0.0485,0.0485,0.0485,13,0.0
380,391,0.0,0.0,0.0485,0.0485,0.0485,13,0.0
380,587,0.0,0.0,0.0485,0.0485,0.0485,13,0.0
380,588,0.0,0.0,0.0485,0.0485,0.0485,13,0.0
380,488,0.0,0.0,0.0485,0.0485,0.0485,13,0.0
380,345,0.0,0.0,0.0485,0.0485,0.0485,13,0.0
380,320,0.0,0.0,0.0485,0.0485,0.0485,13,0.0
380,319,0.0,0.0,0.0485,0.0485,0.0485,13,0.0
380,653,0.0,0.0,0.0485,0.0485,0.0485,13,0.0
380,673,0.0,0.0,0.0485,0.0485,0.0485,13,0.0
380,348,0.0,0.0,0.0485,0.0485,0.0485,13,0.0
380,575,0.0,0.0,0.0485,0.0485,0.0485,13,0.0
380,576,0.0,0.0,0.0485,0.0485,0.0485,13,0.0
380,543,0.0,0.0,0.0485,0.0485,0.0485,13,0.0
380,544,0.0,0.0,0.0485,0.0485,0.0485,13,0.0
380,324,0.0,0.0,0.0485,0.0485,0.0485,13,0.0
380,623,0.0,0.0,0.0485,0.0485,0.0485,13,0.0
380,624,0.0,0.0,0.0485,0.0485,0.0485,13,0.0
380,545,0.0,0.0,0.0485,0.0485,0.0485,13,0.0
380,546,0.0,0.0,0.0485,0.0485,0.0485,13,0.0
380,167,0.0,0.0,0.0485,0.0485,0.0485,13,0.0
380,656,0.0,0.0,0.0485,0.0485,0.0485,13,0.0
380,655,0.0,0.0,0.0485,0.0485,0.0485,13,0.0
380,572,0.0,0.0,0.0485,0.0485,0.0485,13,0.0
380,654,0.0,0.0,0.0485,0.0485,0.0485,13,0.0
380,674,0.0,0.0,0.0485,0.0485,0.0485,13,0.0
380,465,0.0,0.0,0.0485,0.0485,0.0485,13,0.0
380,466,0.0,0.0,0.0485,0.0485,0.0485,13,0.0
380,593,0.0,0.0,0.0485,0.0485,0.0485,13,0.0
380,594,0.0,0.0,0.0485,0.0485,0.0485,13,0.0
380,107,0.0,0.0,0.0485,0.0485,0.0485,13,0.0
380,9,0.0,0.0,0.0485,0.0485,0.0485,13,0.0
380,205,0.0,0.0,0.0485,0.0485,0.0485,13,0.0
380,217,0.0,0.0,0.0485,0.0485,0.0485,13,0.0
380,467,0.0,0.0,0.0485,0.0485,0.0485,13,0.0
380,618,0.0,0.0,0.0485,0.0485,0.0485,13,0.0
380,617,0.0,0.0,0.0485,0.0485,0.0485,13,0.0
380,232,0.0,0.0,0.0485,0.0485,0.0485,13,0.0
380,620,0.0,0.0,0.0485,0.0485,0.0485,13,0.0
380,366,0.0,0.0,0.0485,0.0485,0.0485,13,0.0
380,170,0.0,0.0,0.0485,0.0485,0.0485,13,0.0
380,171,0.0,0.0,0.0485,0.0485,0.0485,13,0.0
380,370,0.0,0.0,0.0485,0.0485,0.0485,13,0.0
380,299,0.0,0.0,0.0485,0.0485,0.0485,13,0.0
380,109,0.0,0.0,0.0485,0.0485,0.0485,13,0.0
380,487,0.0,0.0,0.0485,0.0485,0.0485,13,0.0
380,339,0.0,0.0,0.0485,0.0485,0.0485,13,0.0
380,7,0.0,0.0,0.0485,0.0485,0.0485,13,0.0
380,518,0.0,0.0,0.0485,0.0485,0.0485,13,0.0
380,517,0.0,0.0,0.0485,0.0485,0.0485,13,0.0
380,5,0.0,0.0,0.0485,0.0485,0.0485,13,0.0
380,621,0.0,0.0,0.0485,0.0485,0.0485,13,0.0
380,622,0.0,0.0,0.0485,0.0485,0.0485,13,0.0
380,367,0.0,0.0,0.0485,0.0485,0.0485,13,0.0
380,619,0.0,0.0,0.0485,0.0485,0.0485,13,0.0
380,63,0.0,0.0,0.0485,0.0485,0.0485,13,0.0
380,6,0.0,0.0,0.0485,0.0485,0.0485,13,0.0
380,308,0.0,0.0,0.0485,0.0485,0.0485,13,0.0
380,64,0.0,0.0,0.0485,0.0485,0.0485,13,0.0
380,402,0.0,0.0,0.0485,0.0485,0.0485,13,0.0
380,570,0.0,0.0,0.0485,0.0485,0.0485,13,0.0
380,569,0.0,0.0,0.0485,0.0485,0.0485,13,0.0
380,243,0.0,0.0,0.0485,0.0485,0.0485,13,0.0
380,568,0.0,0.0,0.0485,0.0485,0.0485,13,0.0
380,567,0.0,0.0,0.0485,0.0485,0.0485,13,0.0
380,397,0.0,0.0,0.0485,0.0485,0.0485,13,0.0
380,650,0.0,0.0,0.0485,0.0485,0.0485,13,0.0
380,652,0.0,0.0,0.0485,0.0485,0.0485,13,0.0
380,625,0.0,0.0,0.0485,0.0485,0.0485,13,0.0
380,542,0.0,0.0,0.0485,0.0485,0.0485,13,0.0
380,649,0.0,0.0,0.0485,0.0485,0.0485,13,0.0
380,651,0.0,0.0,0.0485,0.0485,0.0485,13,0.0
380,263,0.0,0.0,0.0485,0.0485,0.0485,13,0.0
380,304,0.0,0.0,0.0485,0.0485,0.0485,13,0.0
380,539,0.0,0.0,0.0485,0.0485,0.0485,13,0.0
380,541,0.0,0.0,0.0485,0.0485,0.0485,13,0.0
380,-1,0.0,0.0,0.0485,0.0485,0.0485,13,0.0
380,19,0.0,0.0,0.0485,0.0485,0.0485,13,0.0
380,20,0.0,0.0,0.0485,0.0485,0.0485,13,0.0
380,44,0.0,0.0,0.0485,0.0485,0.0485,13,0.0
380,45,0.0,0.0,0.0485,0.0485,0.0485,13,0.0
380,47,0.0,0.0,0.0485,0.0485,0.0485,13,0.0
380,74,0.0,0.0,0.0485,0.0485,0.0485,13,0.0
380,540,0.0,0.0,0.0485,0.0485,0.0485,13,0.0
380,328,0.0,0.0,0.0485,0.0485,0.0485,13,0.0
380,82,0.0,0.0,0.0485,0.0485,0.0485,13,0.0
380,131,0.0,0.0,0.0485,0.0485,0.0485,13,0.0
380,333,0.0,0.0,0.0485,0.0485,0.0485,13,0.0
380,460,0.0,0.0,0.0485,0.0485,0.0485,13,0.0
380,425,0.0,0.0,0.0485,0.0485,0.0485,13,0.0
380,447,0.0,0.0,0.0485,0.0485,0.0485,13,0.0
380,269,0.0,0.0,0.0485,0.0485,0.0485,13,0.0
380,455,0.0,0.0,0.0485,0.0485,0.0485,13,0.0
380,268,0.0,0.0,0.0485,0.0485,0.0485,13,0.0
380,459,0.0,0.0,0.0485,0.0485,0.0485,13,0.0
380,432,0.0,0.0,0.0485,0.0485,0.0485,13,0.0
380,12,0.0,0.0,0.0485,0.0485,0.0485,13,0.0
380,184,0.0,0.0,0.0485,0.0485,0.0485,13,0.0
380,147,0.0,0.0,0.0485,0.0485,0.0485,13,0.0
380,293,0.0,0.0,0.0485,0.0485,0.0485,13,0.0
380,294,0.0,0.0,0.0485,0.0485,0.0485,13,0.0
380,108,0.0,0.0,0.0485,0.0485,0.0485,13,0.0
380,579,0.0,0.0,0.0485,0.0485,0.0485,13,0.0
380,580,0.0,0.0,0.0485,0.0485,0.0485,13,0.0
380,381,0.0,0.0,0.0485,0.0485,0.0485,13,0.0
380,577,0.0,0.0,0.0485,0.0485,0.0485,13,0.0
380,578,0.0,0.0,0.0485,0.0485,0.0485,13,0.0
380,334,0.0,0.0,0.0485,0.0485,0.0485,13,0.0
380,388,0.0,0.0,0.0485,0.0485,0.0485,13,0.0
380,181,0.0,0.0,0.0485,0.0485,0.0485,13,0.0
380,266,0.0,0.0,0.0485,0.0485,0.0485,13,0.0
380,336,0.0,0.0,0.0485,0.0485,0.0485,13,0.0
380,337,0.0,0.0,0.0485,0.0485,0.0485,13,0.0
380,295,0.0,0.0,0.0485,0.0485,0.0485,13,0.0
380,288,0.0,0.0,0.0485,0.0485,0.0485,13,0.0
380,300,0.0,0.0,0.0485,0.0485,0.0485,13,0.0
380,301,0.0,0.0,0.0485,0.0485,0.0485,13,0.0
380,302,0.0,0.0,0.0485,0.0485,0.0485,13,0.0
380,303,0.0,0.0,0.0485,0.0485,0.0485,13,0.0
380,310,0.0,0.0,0.0485,0.0485,0.0485,13,0.0
380,311,0.0,0.0,0.0485,0.0485,0.0485,13,0.0
380,321,0.0,0.0,0.0485,0.0485,0.0485,13,0.0
380,361,0.0,0.0,0.0485,0.0485,0.0485,13,0.0
380,362,0.0,0.0,0.0485,0.0485,0.0485,13,0.0
380,363,0.0,0.0,0.0485,0.0485,0.0485,13,0.0
380,372,0.0,0.0,0.0485,0.0485,0.0485,13,0.0
380,373,0.0,0.0,0.0485,0.0485,0.0485,13,0.0
380,75,0.0,0.0,0.0485,0.0485,0.0485,13,0.0
380,375,0.0,0.0,0.0485,0.0485,0.0485,13,0.0
380,408,0.0,0.0,0.0485,0.0485,0.0485,13,0.0
380,409,0.0,0.0,0.0485,0.0485,0.0485,13,0.0
380,410,0.0,0.0,0.0485,0.0485,0.0485,13,0.0
380,411,0.0,0.0,0.0485,0.0485,0.0485,13,0.0
380,412,0.0,0.0,0.0485,0.0485,0.0485,13,0.0
380,423,0.0,0.0,0.0485,0.0485,0.0485,13,0.0
380,424,0.0,0.0,0.0485,0.0485,0.0485,13,0.0
380,443,0.0,0.0,0.0485,0.0485,0.0485,13,0.0
380,484,0.0,0.0,0.0485,0.0485,0.0485,13,0.0
380,597,0.0,0.0,0.0485,0.0485,0.0485,13,0.0
380,598,0.0,0.0,0.0485,0.0485,0.0485,13,0.0
380,599,0.0,0.0,0.0485,0.0485,0.0485,13,0.0
380,600,0.0,0.0,0.0485,0.0485,0.0485,13,0.0
380,374,0.0,0.0,0.0485,0.0485,0.0485,13,0.0
380,95,0.0,0.0,0.0485,0.0485,0.0485,13,0.0
380,96,0.0,0.0,0.0485,0.0485,0.0485,13,0.0
380,101,0.0,0.0,0.0485,0.0485,0.0485,13,0.0
380,102,0.0,0.0,0.0485,0.0485,0.0485,13,0.0
380,104,0.0,0.0,0.0485,0.0485,0.0485,13,0.0
380,105,0.0,0.0,0.0485,0.0485,0.0485,13,0.0
380,119,0.0,0.0,0.0485,0.0485,0.0485,13,0.0
380,120,0.0,0.0,0.0485,0.0485,0.0485,13,0.0
380,121,0.0,0.0,0.0485,0.0485,0.0485,13,0.0
380,122,0.0,0.0,0.0485,0.0485,0.0485,13,0.0
380,161,0.0,0.0,0.0485,0.0485,0.0485,13,0.0
380,162,0.0,0.0,0.0485,0.0485,0.0485,13,0.0
380,163,0.0,0.0,0.0485,0.0485,0.0485,13,0.0
380,164,0.0,0.0,0.0485,0.0485,0.0485,13,0.0
380,286,0.0,0.0,0.0485,0.0485,0.0485,13,0.0
380,207,0.0,0.0,0.0485,0.0485,0.0485,13,0.0
380,236,0.0,0.0,0.0485,0.0485,0.0485,13,0.0
380,237,0.0,0.0,0.0485,0.0485,0.0485,13,0.0
380,249,0.0,0.0,0.0485,0.0485,0.0485,13,0.0
380,250,0.0,0.0,0.0485,0.0485,0.0485,13,0.0
380,259,0.0,0.0,0.0485,0.0485,0.0485,13,0.0
380,260,0.0,0.0,0.0485,0.0485,0.0485,13,0.0
380,261,0.0,0.0,0.0485,0.0485,0.0485,13,0.0
380,262,0.0,0.0,0.0485,0.0485,0.0485,13,0.0
380,264,0.0,0.0,0.0485,0.0485,0.0485,13,0.0
380,270,0.0,0.0,0.0485,0.0485,0.0485,13,0.0
380,271,0.0,0.0,0.0485,0.0485,0.0485,13,0.0
380,273,0.0,0.0,0.0485,0.0485,0.0485,13,0.0
380,277,0.0,0.0,0.0485,0.0485,0.0485,13,0.0
380,206,0.0,0.0,0.0485,0.0485,0.0485,13,0.0
