config,n_converters,cluster_index,converters,rocof_500ms_conv,rocof_500ms_sync,rocof_500ms_ratio,rocof_500ms_worst,rocof_500ms_sd,worst_window_conv,worst_window_sync,worst_window_ratio,worst_window_worst,worst_window_sd,peak_instant_conv,peak_instant_sync,peak_instant_ratio,peak_instant_worst,peak_instant_sd,nadir_conv,nadir_sync,nadir_ratio,nadir_worst,nadir_sd,coi,coi_nadir
block 4x4 (all in one corner),16,2.6666666666666665,0-1-2-3-8-9-10-11-16-17-18-19-24-25-26-27,0.0566035424117948,0.05990973332133381,0.944813793581657,0.06455612892684508,0.0029568540781109015,0.23292481619166733,0.1212196451032045,1.9215104613889835,0.23777095293114242,0.04846123487031962,10.108500162799352,0.5754051416792454,17.567622237957423,10.371268316282285,4.130500273256077,0.13947322470892348,0.09792527130190176,1.4242822394530843,0.14272141504530572,0.018092083674671924,0.059458178848663924,0.07478858040401948
two blocks of 8,16,4.266666666666667,0-1-2-3-8-9-10-11-36-37-38-39-44-45-46-47,0.06100862101245778,0.06013634921815981,1.0145049010396954,0.06192621961968421,0.0012568986257931404,0.19122488105692867,0.1204551770801986,1.5875189899858921,0.1973864897699396,0.03082128513293008,7.5444898436938335,0.5663302584386055,13.32171419640244,7.694523386886783,3.0226466908717273,0.12954600695541157,0.09784149363944601,1.324039547401017,0.13108620571804525,0.01376902524272546,0.059475522645258114,0.07479136399688788
band of 2 rows,16,2.6666666666666665,0-1-2-3-4-5-6-7-8-9-10-11-12-13-14-15,0.05713240281875095,0.06004940504607633,0.95142329511696,0.06277134260233592,0.0024226810433198884,0.24231905646633528,0.12436089619077911,1.9485148779773935,0.24231905646633708,0.05110078697699573,10.307881915807252,0.5688500140804842,18.120561941919604,10.307881915807299,4.217201349927119,0.14093839360955224,0.09847684933733347,1.4311830095900642,0.1409383936095556,0.01843446673126397,0.05946142714346493,0.07479465298604136
dispersed sublattice,16,4.266666666666667,0-2-4-6-16-18-20-22-32-34-36-38-48-50-52-54,0.061182614555599174,0.06086049481598654,1.0052927558441083,0.061912439792748554,0.0012958925736527972,0.11052495753434333,0.11226219987159713,0.9845251354486121,0.11635360906076747,0.005067082077563922,2.370715072355479,0.5122491793107374,4.6280505037517505,2.3707150723555825,0.8049248710300392,0.09877429479214686,0.09688225149986636,1.0195293076181566,0.0987742947921504,0.0009983268397445201,0.05950234674929722,0.07478879334351068
random 0,16,4.058333333333334,0-2-4-9-14-16-26-30-31-37-38-41-46-47-54-61,0.05969418901741324,0.060955034357349336,0.9793151566030727,0.06476218006429327,0.0017084680209841462,0.13748933884576073,0.1186526830795635,1.1587545707126248,0.1811493340718226,0.018103210536401997,4.181067207337103,0.5497433714226782,7.605489078507558,6.954230646316388,1.8804811428854498,0.11031077961959487,0.09869181844874063,1.1177297303209486,0.12630688932796846,0.0077996234880045754,0.05949205191489559,0.07479003157765002
random 1,16,4.133333333333334,0-1-4-7-8-16-23-24-26-28-33-42-44-53-58-61,0.06066525471187858,0.061024159579054965,0.9941186430152891,0.06478202558278343,0.0013610946002582138,0.13745697387830827,0.11886028373920106,1.1564584027067562,0.17097793340848766,0.015368655305609626,4.2721081381933175,0.5510511512492897,7.752652595876096,6.584337254699399,1.858827214379582,0.11058764117181903,0.09844403083481568,1.1233554765486975,0.12416594944992965,0.007448050802042318,0.05949458814994536,0.07478866202535676
random 2,16,4.108333333333333,4-7-17-19-21-24-29-30-34-38-43-44-46-55-59-63,0.06124434155998831,0.06109984436412702,1.0023649355798707,0.06571707017807248,0.0014743424420830308,0.1345630117693556,0.11764616154561436,1.1437943236013028,0.16286575173060447,0.013405781047240972,4.061770822738443,0.5537328454885656,7.335253553822855,5.9626431535453825,1.6925678665240498,0.10968049637369523,0.09856511134322214,1.1127720029835633,0.12156836628671523,0.006562291436135255,0.05949404812398203,0.07478933201616328
random 3,16,3.9833333333333334,2-3-4-11-14-18-20-22-31-35-42-44-45-47-53-61,0.06075514071165966,0.061001038095155995,0.9959689639525027,0.06506177870410508,0.001746951307304956,0.13302900992562294,0.11832944964140583,1.1242257132840872,0.15383078710090003,0.011594525920346753,3.942340798150558,0.5523787611720555,7.137024583974895,5.390320997751569,1.6059352374233244,0.10883229507925611,0.098280182799189,1.1073676501154635,0.11846313521632085,0.005985076374782918,0.059490275049608535,0.07479047438542322
random 4,16,4.141666666666667,2-4-6-11-16-22-30-31-37-40-44-46-47-49-50-56,0.060736897841494705,0.06087237928099029,0.9977743363887553,0.06354511860653918,0.0013426003227762079,0.12438103234820473,0.11805053298344699,1.0536253348864202,0.14097118252953056,0.008331896141841363,3.3974328947448384,0.5475614230363008,6.204660795688676,4.704560389527879,1.3427508596166795,0.10622803792980091,0.0986431070664943,1.076892659698905,0.11496904781084158,0.004624799478340963,0.05949688865824824,0.07478849223920365
random 5,16,4.116666666666666,0-4-13-18-22-24-26-28-30-31-41-45-47-48-50-57,0.06069312114529396,0.0609052943072769,0.9965163428828947,0.06417984977989558,0.0014348024108373925,0.12423849245880436,0.11762003538924633,1.0562698102211516,0.15396109756212942,0.01007647892245968,3.2830886533783565,0.5487635837597272,5.982701386424061,5.357836478618965,1.338576853410816,0.10557321953435582,0.0985353837901403,1.071424451537172,0.1189151430986017,0.004926857325973011,0.05949554325179148,0.07478913264442681
random 6,16,3.9833333333333334,4-5-8-14-19-21-23-29-30-43-50-51-52-53-56-59,0.06043170944049249,0.060706613902914604,0.9954715895888748,0.0646188671189503,0.0018510821725738163,0.1384314530284036,0.11975589693705246,1.1559468599794096,0.1707922037432976,0.0137992316468572,4.237208437111968,0.5566185302460261,7.612409948405986,6.165884703725352,1.7444724334541835,0.11082637971749078,0.0988350463119743,1.1213267343212008,0.12178476029948195,0.006556927596813654,0.05948950878507733,0.07479074117284387
random 7,16,3.975,0-1-5-9-17-27-32-37-40-46-51-54-56-57-61-62,0.06205200439271625,0.06067724207691896,1.0226569677318975,0.06505026511229298,0.001751693794955378,0.1517149134344265,0.11844760177209095,1.2808609981512864,0.1779345226109149,0.01853395784999704,5.083380927964709,0.5570134306312301,9.126137088299677,6.814568081080271,2.106634784484309,0.11569354682508286,0.09861804796497624,1.173147808260927,0.1261964277750015,0.008703921595894382,0.059489328186376214,0.07478829281841548
random 8,16,4.066666666666666,7-11-12-13-17-35-36-37-45-47-48-51-54-55-57-62,0.06090156842575836,0.060895423559033456,1.0001009085143968,0.06474847217120527,0.0014512448797270084,0.1375715313429221,0.11765360854143135,1.1692929188353516,0.15262136268821447,0.012434754408230782,4.525417000064395,0.5531339906479119,8.181411875924603,5.74806517008799,1.8417109631009019,0.11308497657518934,0.09873970082928622,1.1452837675769858,0.12224270632947466,0.007423120597294315,0.05949366051383681,0.07478862635006268
random 9,16,4.15,1-2-4-8-12-18-23-28-31-37-46-47-52-55-58-62,0.06091661984914224,0.06063938577130395,1.0045718483838846,0.06261362894546475,0.0010381503016730787,0.12680733227947286,0.11738042145551945,1.08031075972517,0.1418278618850093,0.008679610257762389,3.539352669405714,0.5536942642167771,6.392250919218517,4.646313037349336,1.3826262694254252,0.10743361564194934,0.09874848731567824,1.087952013872441,0.11461757267792341,0.0048771722670808235,0.05949701172997951,0.07478899973251163
random 10,16,4.2,2-3-6-19-22-23-26-28-31-32-35-41-46-48-49-61,0.060613879977776036,0.0609616374513341,0.9942954702646286,0.06375508756337671,0.0010524067555122377,0.12361315558712241,0.11727135392352113,1.0540780118198099,0.14003013610533982,0.008101303651601785,3.3656773323825977,0.5467681163005816,6.155584482787109,4.630151890040672,1.324544022157383,0.10586181698026065,0.09830120589105555,1.076912699296734,0.11417864309802966,0.004641167034823103,0.05949697818795496,0.0747886695753604
random 11,16,4.15,3-10-15-16-28-32-36-38-40-47-50-52-56-57-59-60,0.06082549952585719,0.06090593087664081,0.9986794167722922,0.06661966880231174,0.0015884516626095534,0.13235987368472452,0.11751828278877595,1.1262917611094132,0.15356666994315338,0.010932671949131362,3.870648988515528,0.5493249081843936,7.046192391509499,5.372286643300529,1.5508313321797769,0.10923176614865826,0.09824560274535642,1.1118234617764722,0.11935660845821239,0.005954925429695237,0.059494619337049776,0.07478899283322767
random 12,16,3.933333333333333,5-11-19-30-31-32-33-39-42-45-46-47-53-60-61-62,0.06148123698956142,0.06069307369794241,1.0129860500316978,0.06571951931999677,0.001785082233977825,0.17653263730452146,0.1191737061142537,1.4813052565074787,0.20020663753123843,0.028184751967253997,6.880593168215955,0.563724133505222,12.205603342600584,8.57068541981851,2.8865497818523065,0.12221544294093245,0.0985924816047179,1.239602056381185,0.13259742790555032,0.01120621304042575,0.05948531966470191,0.07478994007165078
random 13,16,4.066666666666666,4-5-9-10-18-30-31-34-35-51-56-57-58-61-62-63,0.06075116173768978,0.06079823500032707,0.9992257462303464,0.0650429802915021,0.0016934240324680608,0.15886860331337688,0.11906649185281644,1.334284741585917,0.1900431970820934,0.02166767912759337,5.508288027174685,0.5585037616278196,9.862579996095612,7.28659991852258,2.3045354268507086,0.11765692993175494,0.09859164032330424,1.1933763303453653,0.12839977077267592,0.00946681306735671,0.05949235874715963,0.07478852710055764
random 14,16,4.108333333333333,4-7-11-13-15-23-30-35-41-47-50-51-55-57-60-61,0.060501400251098056,0.06068807617978635,0.9969240097818346,0.0639535324917873,0.001494691439061368,0.1277162398177618,0.11773351829171602,1.0847908197333487,0.14125813849014512,0.008956634455246611,3.5511266447243486,0.5500204867007658,6.456353409716374,4.6553660297896435,1.388594808041466,0.10728680175839184,0.09862389112127372,1.0878378508354096,0.11436202084231403,0.004830702254657192,0.05949513739847569,0.07478953832618578
random 15,16,4.141666666666667,3-4-11-14-24-29-31-32-34-40-42-47-56-57-62-63,0.06197016223264183,0.06043170962210973,1.0254577045751696,0.06604409688226934,0.001647454291976541,0.14480765495586562,0.11724822489760826,1.2350520025554734,0.16330377742846364,0.014853760746651607,4.783709005014719,0.5542603204251625,8.630798252606695,5.949528589352291,1.9219864825315431,0.11430108745078002,0.09849924307542424,1.160426048789591,0.12227908426781177,0.007692626482450562,0.05949299897278725,0.07478854370878023
random 16,16,4.175,0-3-4-7-18-20-21-27-30-39-43-46-51-54-57-63,0.06088539044984102,0.061168414830864624,0.9953730306432464,0.06391855142710545,0.001104971878104323,0.12902515032345407,0.11846940748044534,1.0891010014104365,0.14110108896534276,0.008189324150047332,3.481249075216364,0.5501272155816853,6.3280800815051705,4.646141488649384,1.3321064281217108,0.10699313540423487,0.09887161002578033,1.0821421374278914,0.11499023304806798,0.0043858023319741455,0.05949466278128195,0.07478940528817156
random 17,16,4.175,0-6-10-11-18-20-22-24-26-29-32-36-46-53-57-63,0.06078766429283032,0.06085003429510651,0.9989750210825895,0.06362955145407204,0.0009902025256068691,0.12375061788805372,0.1175434222894947,1.0528076814308798,0.1528853791679083,0.010063979455349871,3.274087115168453,0.5487571226304381,5.966368326071634,5.337169582515237,1.3348887473192483,0.1054653529878671,0.09864218618664584,1.0691708797725834,0.11928172510599842,0.004876664578261323,0.05949597429865463,0.07478911480430217
random 18,16,4.05,8-10-14-18-21-26-27-28-32-40-43-48-51-52-57-59,0.0619326983908601,0.06121099719780335,1.0117903845076166,0.0649855275892486,0.0017371101807014545,0.13974075659499025,0.11846147254659088,1.1796304198399208,0.162220344876442,0.01366342474939515,4.532362327597218,0.5563072118452296,8.14722914082618,5.9450703210476155,1.8466805627005423,0.11227976947617552,0.0986464532275454,1.138203815774121,0.12167279491301333,0.007103025377008597,0.059491606382961526,0.0747900740257347
random 19,16,4.041666666666667,6-15-16-20-29-31-35-36-38-39-48-51-53-54-57-60,0.06018996605342966,0.06079320237414276,0.9900772405934372,0.06357567516791636,0.001502164382258589,0.12250736351349015,0.1186161867868263,1.0328047700071237,0.1402458891609756,0.0075428225075768445,3.1423404806816393,0.5497728717403749,5.715706689444619,4.673311524517783,1.2125823489813656,0.10471340496912057,0.0986264131292176,1.0617176641304795,0.11516599334778321,0.0039335769936997035,0.05949444003645444,0.07478972605076921
random 20,16,4.041666666666667,7-8-12-16-17-19-20-24-34-35-38-39-40-43-45-61,0.06123308017515281,0.06102807953371808,1.0033591199821628,0.06542977343664652,0.001616824386985519,0.13319628447989673,0.1183508278402094,1.1254360185780097,0.1458477344934066,0.00988775642457538,4.029388124443253,0.5532396829716874,7.283259405398549,5.001810257119861,1.5903594255655034,0.1095924264911233,0.09854618354663126,1.1120920419943512,0.11485463392728468,0.0056809794167057715,0.05949288800946308,0.0747896993894296
random 21,16,4.125,8-12-16-17-18-19-21-29-32-35-36-51-55-57-60-63,0.06176761739291567,0.06112188949773013,1.010564593151354,0.0655122210630326,0.0014532504317527563,0.13568389501856867,0.11818998691733074,1.1480151454240726,0.16284841615971485,0.012973246913228651,3.9873344625910296,0.5523106672352368,7.219368915235469,5.949516010219486,1.6457048091331625,0.10945799195113301,0.09849114782514966,1.1113485259147622,0.12120044840915994,0.006270994624632395,0.05949438365446843,0.07478846046946465
random 22,16,4.191666666666666,4-6-7-14-17-20-25-34-35-36-37-38-40-50-55-61,0.06185776355416031,0.06080250504023202,1.0173555104880967,0.0658761586357669,0.0014065432202128836,0.13489210937977494,0.11766910770098178,1.146368082628449,0.16422403443006836,0.013595776345629666,4.054556588900304,0.5496104739205269,7.3771457810438115,5.950333815029429,1.6891956755349753,0.10983860190702627,0.09882468203558349,1.111449079770143,0.12133144207023763,0.006456270187207011,0.0594956503748558,0.0747897355270218
random 23,16,4.1,13-14-16-17-18-20-29-34-35-45-46-47-52-55-62-63,0.06199057573750143,0.06056012934289632,1.0236202665041516,0.06497095325405214,0.0017418755419152784,0.1428402426121146,0.11744141834176003,1.2162680307252658,0.16954279428194763,0.015485309118215305,4.620187584955561,0.5599668545984839,8.25082332465624,6.4218471585366,1.9110708316106304,0.11337740042784401,0.09841470129781345,1.1520372356234851,0.12462989800653342,0.007832354155421432,0.059492456150521074,0.07478957578618509
random 24,16,4.175,4-6-11-17-21-27-29-32-34-38-39-40-41-52-58-59,0.06182512740394445,0.060726851428145434,1.0180855083043214,0.06703057449051325,0.0017485260798683672,0.1323856809062381,0.11785016792102854,1.123338924684009,0.16387033184546893,0.013254274840590444,3.8119855730884833,0.5502972221758164,6.92713940662157,5.941284462394224,1.6009507567026384,0.10847964860396223,0.09843569147669194,1.1020357248127681,0.12196160677186571,0.0062433800021728745,0.059494609066969094,0.07478932241724026
random 25,16,3.966666666666667,6-8-22-23-29-34-35-36-39-40-42-43-46-49-51-55,0.06151573084018318,0.06076652612119962,1.0123292339846655,0.06657859053512125,0.0022275823728962166,0.13432933256049928,0.11948492741649824,1.1242366335651417,0.17138655566159128,0.014868017720132581,3.9880164050110416,0.5562549126125457,7.169404376638482,6.446702161038076,1.7299297005219676,0.10908123026895448,0.09874215146399797,1.1047078542614723,0.12336980953424491,0.006707986851079048,0.059488539545550036,0.07479083470087368
random 26,16,4.016666666666667,0-7-10-14-16-21-28-29-36-46-47-48-53-57-61-62,0.06023224496514745,0.060567701704346055,0.994461458339032,0.06396355622764814,0.0015380154395972742,0.13224686089345458,0.11786194483101738,1.122048860495738,0.1536144548647647,0.01113651208728637,3.8738888941415164,0.5540246883606381,6.992267629091356,5.329849480118916,1.548596763695534,0.10915443280781485,0.09856529235894523,1.10743275036721,0.11853095017001482,0.005822508822531379,0.05949223188479249,0.07478889877056479
random 27,16,4.1,1-4-7-10-12-15-18-27-30-31-33-35-44-53-58-59,0.060692946139644266,0.0609809767317814,0.995276714025031,0.06424890769134575,0.0013875353480107121,0.12950583430867602,0.11769695916981453,1.1003328821930183,0.1383700911458361,0.008333168843926101,3.4071600213367272,0.5523773504243735,6.168174742717306,3.7987656752171697,1.2727728010399857,0.1062174234829204,0.09845132900371202,1.078882576373505,0.10911171296833817,0.003898469398288752,0.05949304416029766,0.07478914837444105
random 28,16,3.7666666666666666,10-12-13-16-24-26-27-29-30-33-36-39-40-41-43-47,0.060501373476566624,0.06024976901554515,1.0041760236617099,0.06664818485909516,0.002480615372502944,0.13944263749767954,0.11902050288026211,1.171585013701065,0.164355372179309,0.01328384483510683,4.200321004793137,0.5606736607958539,7.4915611317124275,5.975904016374972,1.7010955233953113,0.11083181310349516,0.09871179040438216,1.1227819154070875,0.12259323517156442,0.006507056845188114,0.05948658040454491,0.07478883814983982
random 29,16,4.183333333333334,4-7-10-15-21-22-33-34-35-36-37-40-44-54-57-59,0.06041430741522846,0.061277913457697196,0.9859067322345282,0.06339233851450533,0.0011546921314486427,0.13494982812123835,0.11729763314457721,1.1504906322781776,0.16483099660297978,0.013717387335510665,4.083823226342138,0.5505836433042032,7.4172621653523825,6.1950577260098605,1.733114770836475,0.10952428330173154,0.09850117412346798,1.111908403898277,0.12236130974844112,0.006602500603321963,0.05949625829687107,0.07478882329830708
random 30,16,4.141666666666667,4-6-8-9-13-20-21-28-30-32-35-43-47-53-56-63,0.06052090454208088,0.06097372388773492,0.9925735330437129,0.06456582865489632,0.0015396181989407083,0.1300500685052438,0.11819535557770194,1.1002976205756965,0.15419918889115888,0.010655106982749334,3.6237490618222896,0.5520897931999628,6.563695084487453,5.383160068430464,1.45153429513648,0.1076045813998282,0.09880836304388159,1.0890230147021072,0.11879821544278651,0.005200228821023865,0.059493089464272404,0.07478953363535105
random 31,16,3.975,3-17-19-24-27-29-34-35-36-39-43-49-50-55-60-63,0.06007118635666657,0.06087322546820314,0.9868244354497774,0.0652113625573892,0.0017782475801380007,0.13562523658644737,0.11747942893027792,1.1544594472530054,0.17194113372766154,0.013834104634822868,3.984738619071341,0.5512207609976668,7.228934214776804,6.172829345678427,1.6625054082789081,0.10896771087887268,0.09837594367295609,1.1076662323172033,0.12134309584875674,0.006188185834923021,0.059489852499248104,0.07478929272589792
random 32,16,4.016666666666667,4-5-9-10-11-16-20-23-27-28-31-47-50-51-52-58,0.0606197196304222,0.06081128995120225,0.9968497573241124,0.06480296630692,0.0015973193645201931,0.1411584306460295,0.118784009644269,1.1883622304783852,0.15384316173924367,0.011251399327762972,4.549604370091313,0.5574551741732562,8.161381543975594,5.338083332802783,1.7665135857515855,0.11318403762486792,0.09860556958911931,1.1478462940429814,0.11868247712643573,0.0067270094504827994,0.05949139645465113,0.07478804458102134
random 33,16,4.1,9-11-12-13-23-25-31-34-36-38-41-42-44-47-53-58,0.06057321602616533,0.0607227029243313,0.9975382041482532,0.06411646352512523,0.001275567497401971,0.12744767825682873,0.11715089365321252,1.0878933508957818,0.14130800211416777,0.008965256828816917,3.5417264641783643,0.5496905869365986,6.443127367190787,4.659262863856221,1.3843467868650559,0.10701589475750926,0.0981939223518632,1.0898423465969092,0.11462827256617697,0.004910826593070163,0.05949512250749256,0.07478953109317205
random 34,16,4.2,9-10-13-16-17-26-31-33-35-37-45-49-51-55-61-62,0.06090130629165798,0.06102586024909829,0.9979589971049666,0.06422907459577043,0.0013200256780707144,0.12695826986019146,0.11729055864836158,1.0824253147332497,0.15384097899453242,0.01060467141407568,3.44498123470793,0.5459785766059461,6.309737015916481,5.34656491792601,1.3945123252840432,0.10671702590858541,0.09864134634691164,1.0818691133155505,0.11929322776251465,0.005143711276366016,0.05949599159649863,0.07478927425927302
random 35,16,4.125,6-8-11-16-18-19-24-30-34-38-43-53-56-59-61-62,0.06103676685506702,0.06092897523516694,1.0017691356121459,0.06384146890262657,0.0008491884510241727,0.13458598923842963,0.11768228057249926,1.1436385204611725,0.15287594047202013,0.011041405973310374,4.0991014386239915,0.5538130064698479,7.401598356731922,5.323477850334751,1.6316551834358113,0.11068811909143494,0.09889929165773892,1.119200322227723,0.11925694173008004,0.006163517172822109,0.059495999190185785,0.07478891623281313
random 36,16,4.058333333333334,4-7-8-9-27-29-33-34-40-43-50-51-53-57-60-61,0.06014895096502079,0.06112741575309962,0.9839930287249349,0.06579868702664789,0.0017172714617392114,0.13265678719265275,0.11831134613927734,1.1212516087551554,0.15385997934484766,0.010833386229917795,3.8805072044557676,0.5535864255114924,7.00975859527323,5.343880652539563,1.5548228193242968,0.10906853049911802,0.09857196121086258,1.1064863593999257,0.11859221950332235,0.005792882589849697,0.05949315578863169,0.07478870220787688
random 37,16,4.141666666666667,11-14-17-21-22-23-37-39-41-49-50-55-56-58-59-62,0.06255871073571037,0.0609364350924854,1.0266224245110958,0.06803941717085597,0.0020702104611365684,0.13468163773364913,0.11784675873006545,1.1428539841485579,0.1645914632391624,0.014010647058957196,4.112504977640414,0.5488704190615272,7.492670099933753,5.915714949523036,1.7326924949221374,0.1099476606991939,0.09838523548242445,1.117521954997353,0.12208011713054165,0.006917125289872513,0.0594934921801962,0.07479022018365881
random 38,16,4.166666666666667,6-16-17-25-26-28-30-34-36-39-45-48-50-59-60-63,0.06168574951164309,0.06098695927329806,1.0114580272023987,0.06603870865253385,0.001630687805615986,0.13242744205326412,0.1182006474981931,1.1203613927350822,0.16377327290708218,0.013175466836553424,3.803111374811688,0.5487318909473651,6.930727806335,5.9182036976444845,1.59801912274806,0.10852801178120905,0.09853549000851995,1.1014103829171102,0.1216898274772731,0.006280104047541364,0.05949451987644587,0.07478926664775166
random 39,16,4.208333333333333,0-6-10-20-23-24-25-29-33-36-41-47-52-53-54-59,0.06038611971215799,0.061193420030054714,0.9868073999214257,0.06370307608870272,0.0010683366607347827,0.1260852981193202,0.11677871142766443,1.079694206057587,0.15301536832209964,0.01062067976502395,3.510780264767698,0.5455711794781156,6.435054483864144,5.341147427981815,1.4475465807421901,0.10659461576553778,0.09845884242118337,1.0826312106083018,0.11836836568538733,0.00542544389924916,0.05949666818455179,0.07478915037190342
random 40,16,4.216666666666667,7-9-11-16-21-22-24-28-33-37-42-43-55-60-62-63,0.06161960919053388,0.0611511610701606,1.0076604942927545,0.06602519906396535,0.0014601025051946132,0.12757823012456374,0.11698874575339836,1.0905171202834079,0.1452984454597925,0.00913711470349614,3.52304668762993,0.5486495780773017,6.421305744873008,4.950753174144962,1.3848669015692412,0.10625473440846901,0.09821650692027119,1.0818419198589804,0.11467620073072707,0.0045623707013947865,0.05949532179847902,0.07478886401435804
random 41,16,4.066666666666666,6-10-12-15-22-24-26-27-35-42-43-50-52-59-60-62,0.06210855048891094,0.06028442023897132,1.030258734225338,0.06562377760086682,0.002072500010882812,0.14090118884287164,0.11823741679957354,1.1916802029066305,0.17349335196304194,0.016046821170888476,4.470395044488857,0.5547751654105345,8.058030213340134,6.443832337457257,1.8937455989226053,0.11239413773233947,0.09848114460514056,1.1412757049380666,0.12498095188967344,0.007821915384655131,0.059492308918028855,0.0747897407954877
random 42,16,4.191666666666666,0-4-9-18-23-25-27-28-42-45-47-51-55-56-62-63,0.06089620024448747,0.06107595466103882,0.9970568709478393,0.06396546421754046,0.0012191370295140359,0.1340787885975558,0.11785037787312296,1.1377035103095234,0.16909116187227238,0.014845295637475952,3.937632136158946,0.5492975585291927,7.1684865061159355,6.273636377145716,1.707773952683182,0.10953006499076337,0.09887715859868225,1.1077387997699106,0.12355083169758982,0.006974223206750001,0.05949733234443663,0.07478984264561324
random 43,16,4.183333333333334,0-1-11-12-15-18-20-23-27-32-36-48-53-54-57-61,0.06093662205236855,0.06098160482518026,0.9992623550504999,0.06393894026396209,0.0010733249089295333,0.13036556889648965,0.11828364157321536,1.1021436875173969,0.14231722421453044,0.009117760103932148,3.7894413343189917,0.5463767186946015,6.9355834622175925,4.643920576367936,1.4893088877629574,0.1088900155637714,0.09834718081059945,1.1072001725547753,0.11495261638251053,0.005574726841433289,0.05949507836302143,0.074789106705461
random 44,16,4.225,0-3-4-8-12-22-23-24-27-32-36-39-42-50-51-55,0.06144559190984548,0.06104210395604479,1.0066099942113926,0.06330471374934092,0.0011517444092086473,0.13361504343020586,0.11815644411188325,1.130831622722877,0.14207140092162385,0.009145784373016967,3.96123811523215,0.5509314073219954,7.190074957765075,4.65800108854828,1.537415917176597,0.11025122814250413,0.098897123480998,1.1148072285812003,0.11496139174766615,0.005643205379082532,0.05949494141942904,0.07478936681310795
random 45,16,4.091666666666667,0-7-10-13-14-21-22-24-31-42-46-47-50-51-55-57,0.06089466996571777,0.06109858605893927,0.9966625071646535,0.06386304407842018,0.0013356430518109616,0.1386112219863065,0.11891008915960195,1.1656809188012762,0.1539836879934397,0.010987316035360802,4.264524780162631,0.5556979938738887,7.674177029925415,5.260154133662332,1.6676052321420423,0.11140830772316268,0.09878042329557048,1.1278379258388789,0.1167464909301813,0.006092348069492672,0.05949094367963692,0.07478982866538911
random 46,16,4.066666666666666,6-7-12-17-23-26-38-41-42-43-48-49-51-52-54-63,0.061592679670493006,0.061004340310391314,1.009644221330945,0.06526321309588799,0.0014484696418215395,0.14088009582113706,0.1180935347426993,1.1929535018837807,0.17069051966440676,0.016505464363145945,4.7049680147761705,0.5523614896180425,8.517914632371731,6.875270087165361,2.0528107748871127,0.11350638507743109,0.09828228990623267,1.1549017140903326,0.1262493017677158,0.008732158159018894,0.05949468410451521,0.07478871797735628
random 47,16,4.158333333333333,2-3-5-7-20-25-26-32-33-39-41-52-54-56-59-63,0.060450736739201774,0.06081709235876401,0.9939761076145982,0.06380104639749468,0.0012483662425644372,0.1410934212295446,0.11737824466709551,1.2020406475638592,0.16729124263844927,0.015361172995914671,4.587113706676913,0.5492036864804516,8.352299555877412,6.25398669821603,1.8947167392447946,0.11349013391427076,0.09867446107336951,1.1501469851442618,0.12328885753360644,0.007817624512035848,0.05949467438073164,0.07478974558573347
random 48,16,4.016666666666667,1-6-15-21-22-24-31-33-37-44-46-49-51-61-62-63,0.060810947453852376,0.060682778293137285,1.0021121175450463,0.06523740340232874,0.0018490817392910577,0.1249104239709773,0.11731300149229223,1.0647619818949414,0.14670167614077778,0.009140861679097903,3.370809112372484,0.5499190563482804,6.129645942361467,4.9779172881032165,1.3368337150987606,0.10563342874268017,0.0983442794072089,1.0741186917979182,0.11552473426208952,0.004475020632947116,0.059493143238582555,0.07478915027198779
random 49,16,4.041666666666667,5-8-10-15-16-17-28-32-39-41-46-48-49-52-54-62,0.06034585414882192,0.06084878282133235,0.9917347784262642,0.06453252168243201,0.001464097817116902,0.13491307841036654,0.11845521728030688,1.1389374103389178,0.15351523327539393,0.011033174566463681,4.116396179660007,0.5553947401570719,7.411658559272354,5.333741369744402,1.640290787569112,0.1106633207264424,0.09864413604413964,1.1218438841303715,0.11853645379317232,0.006266224147422526,0.05949233384560498,0.07478881547828575
random 50,16,4.166666666666667,0-5-6-9-10-18-21-26-27-31-41-47-49-55-59-61,0.06165521129664604,0.06091117510947919,1.0122151015118253,0.0663231283459276,0.0015632342513074609,0.13749873934486317,0.1166920699883945,1.1783040557814939,0.16335343240598074,0.01346529523244001,4.210600222898207,0.55219248846011,7.625239949641903,5.9192511388475495,1.721639997617576,0.11081218897548509,0.09836161996317522,1.126579544104409,0.12185022590756207,0.006745963009292107,0.05949389580552921,0.07478954064099029
random 51,16,4.133333333333334,4-7-8-12-18-21-25-31-32-35-36-40-41-47-55-62,0.06116096988030868,0.06084811480621525,1.0051415738201552,0.06449408272646565,0.0015171348325950186,0.1291325403221927,0.1188074911447118,1.0869057083690508,0.15165627547180124,0.010392207200311024,3.7172131679066114,0.5518577903071135,6.7358171492658485,5.7271997356920386,1.5351241409173808,0.10823307522105066,0.09881599257760387,1.0952991757488162,0.12193284474869431,0.0058942714519267135,0.05949541686827303,0.07478956063426233
random 52,16,4.1,1-2-10-11-12-16-18-21-24-28-30-36-49-54-61-63,0.06079684166077395,0.060680962486229194,1.0019096462843853,0.06476363918246836,0.0013368658506867554,0.13625626102321076,0.11766016542512096,1.158049204936095,0.1657395293599195,0.014466010659479603,4.128840986944553,0.5518196746944771,7.482228663250445,6.284810322303843,1.7536219894928424,0.11042075226998546,0.09850543784133703,1.1209609813403445,0.12335462517219904,0.0071361863670319865,0.05949490045222829,0.0747881787376283
random 53,16,4.166666666666667,7-8-9-12-20-27-28-29-32-35-43-48-56-57-58-60,0.06033257792362022,0.06105126384106905,0.988228156597712,0.06448280011427357,0.0014757960222950993,0.14896059731114683,0.11821547333294051,1.2600769857903131,0.17145328470039556,0.017222715202121125,5.093635269963959,0.5491232317677698,9.27594203866813,6.662731586423373,2.122443841202253,0.11572947382854254,0.09842854558001883,1.175771450716588,0.1260366906937797,0.008799067017887697,0.05949093852047067,0.074791032395688
random 54,16,4.025,0-2-9-12-17-19-26-28-31-36-41-42-45-50-60-61,0.06023457594570233,0.06079309927287994,0.9908127183206997,0.0650895404477123,0.0016702966743909829,0.1253412906837467,0.11764216849907465,1.0654452589823913,0.14109438601496055,0.008320128312783207,3.3004016551323794,0.5499356021265718,6.001432972096917,4.617979086710792,1.2673400788510272,0.10564199521922257,0.0984545449733194,1.073002726769505,0.1145637523469875,0.004192833100920552,0.05949344230186303,0.0747900619769952
random 55,16,4.025,0-14-15-16-17-20-24-36-37-38-45-53-54-57-60-62,0.06098907840866351,0.06090497373103431,1.0013809164092347,0.06471948078547478,0.001641063174425986,0.14374181980851514,0.11830521132690465,1.2150083516720431,0.17292016735987628,0.01630395684906012,4.753439674140896,0.5546190428346683,8.570639136092366,6.72174711832423,2.003883660012213,0.114045461099857,0.09869396434084354,1.155546459821965,0.12694567714482408,0.0082349190729033,0.05949203822886168,0.07479020474474349
random 56,16,4.166666666666667,1-2-14-18-22-26-29-40-41-42-44-45-54-56-60-61,0.0611110362389488,0.06100398744467491,1.001754783560189,0.06432884001293937,0.0011521091860450731,0.13146818432137003,0.11812853782042158,1.112924842269929,0.14127621701225004,0.008304923928047096,3.6481970896549623,0.550602682632559,6.625825127135391,4.641254577219724,1.3853813924293725,0.10796669792218544,0.09849285600412545,1.0961881125435449,0.11430195705286376,0.004663145488126458,0.059494044914942035,0.0747887528341532
random 57,16,3.9166666666666665,11-21-26-27-28-29-31-40-41-47-48-49-50-51-52-54,0.06403007917857798,0.06069350941588048,1.054974078691592,0.06896881687250457,0.002317176453477941,0.15820166422145554,0.11835827843607845,1.3366337049832575,0.18252390280087694,0.021400052855120963,5.79150193964047,0.5561057210709941,10.41439014237566,7.545457235366187,2.4291344395437937,0.11930338407577115,0.09851802988233227,1.2109802055346057,0.12878169093048655,0.010275557745493291,0.05948778532600622,0.07479170112979655
random 58,16,3.875,11-19-23-24-25-29-33-35-36-38-43-45-47-48-51-58,0.059437663086059474,0.06062512950959783,0.9804129668151824,0.06432750040549368,0.001973161164208895,0.12927353485080556,0.11816898796344444,1.0939717524770232,0.15340610749611291,0.010816600190402635,3.708026956086025,0.5538031114062046,6.695569020316055,5.395944551128413,1.5036780364570173,0.10785340359191478,0.09842184719948892,1.09582787420469,0.11882276050642748,0.0056351930155770094,0.059489704068058105,0.0747895850391061
random 59,16,4.108333333333333,0-1-5-14-18-20-21-25-26-28-32-34-37-44-52-62,0.06151495738899422,0.06060087968703257,1.0150835715039503,0.06541130833933347,0.0016820159280761064,0.13055134301813448,0.11884249881067549,1.0985240492638244,0.1462623724292058,0.009251832672110239,3.7898819452890464,0.5526628724285697,6.857493300816728,4.979953898925729,1.4970312716537577,0.10829292044366762,0.09878670434249537,1.0962297119277713,0.11504389217058392,0.005167657929641247,0.05949348102975013,0.07478859410384404
random 60,16,4.158333333333333,0-8-10-13-18-21-24-29-36-38-46-48-50-52-53-56,0.06130455477896259,0.06096323209910957,1.0055988284757955,0.06287596315432056,0.0010093845047261145,0.13606555495554404,0.11793848965546361,1.1536993169323724,0.15296096409391888,0.01088510908316312,4.038814635635616,0.552697289047868,7.307462358994531,5.346553974418677,1.5915880471052455,0.11020597509596534,0.09864233514818395,1.1172279623187154,0.11835687746903867,0.005903711151046029,0.05949524683023125,0.07478853351304751
random 61,16,4.175,1-3-4-7-12-14-17-26-28-30-34-42-45-53-56-62,0.06094144952529234,0.06104375860171698,0.9983240043082511,0.06423678865281152,0.0013103689900585045,0.12505375952787168,0.1176420016877543,1.063002649851111,0.14147782476299242,0.008574193547796784,3.3767464685315867,0.5454844319507837,6.190362677181324,4.641087786380378,1.3284761774376468,0.10613944972181107,0.09841684999575206,1.0784682676431152,0.1148226364155267,0.004697445072299792,0.05949682186698786,0.07478903213948124
random 62,16,4.208333333333333,1-6-10-16-18-26-30-37-42-43-47-51-54-60-61-62,0.06106602792006158,0.060926523284134525,1.002289719294772,0.06304828378288367,0.0010363949786879208,0.1333805729364672,0.11835796743456932,1.1269251730788863,0.14979327124045808,0.010724159029628264,4.209002946169,0.5509409424110473,7.639662661027536,5.7140768383885225,1.7172439195966471,0.11108055412690664,0.09878236013696728,1.124497875662084,0.12183869478923902,0.006702049955912482,0.059496459981542425,0.07478908444310867
random 63,16,4.133333333333334,4-6-8-12-14-20-24-25-31-32-36-46-47-48-51-52,0.06205490105792229,0.06079681651500587,1.0206932634804307,0.0662860167037906,0.001559769847710982,0.13351835356009262,0.11819447506908769,1.1296497021713388,0.1457404411446847,0.009427266393388489,3.9514835802838966,0.5508286183851315,7.173707843772698,4.985240136526673,1.542109964102603,0.1093776665056077,0.09860242440425591,1.1092796872536808,0.11582213031450854,0.005416275326114337,0.05949237873596582,0.07478973558421953
random 64,16,4.066666666666666,1-4-5-6-9-10-16-22-24-27-30-31-34-41-47-60,0.06139070646069143,0.06101994285310813,1.0060761054541763,0.06594033388700493,0.0016740087256294008,0.14219375005460375,0.11832838820686502,1.2016875426885443,0.1625243326082147,0.01466517308740951,4.616226397724418,0.554394921506185,8.326602965956134,5.951828314479002,1.8899239029764001,0.11337189353555205,0.09867491339262813,1.1489434308844493,0.12248855147459342,0.007614251035601417,0.05949232634315382,0.07478930567232663
random 65,16,3.966666666666667,2-3-4-8-11-13-14-15-23-32-34-46-51-56-59-60,0.06093282253027233,0.06098911583022811,0.9990769943261273,0.06489228288214047,0.0017419671523932752,0.14699932726652482,0.1190551474963218,1.2347162668549576,0.17289828223398454,0.01685505948435382,5.159757291472342,0.5541531572944524,9.311067208682665,6.951734483155445,2.169576662052402,0.11610403939313538,0.09879383952125766,1.1752153773530893,0.1259764052518336,0.0089824110191298,0.05949191241222933,0.0747889009076784
random 66,16,4.166666666666667,0-6-7-18-21-22-31-33-35-40-42-46-50-51-53-62,0.06074345193715859,0.060921115031963256,0.997083718925508,0.06300422917605668,0.0012059588249939712,0.12962851232889766,0.11779339366461451,1.100473535026765,0.15337198696955212,0.01095752429567916,3.696448039722961,0.5481589733401417,6.743386899605224,5.3527162654063325,1.5009821281613345,0.10849964069004162,0.09865573358935681,1.0997803852096315,0.11963894311530066,0.005774119147035378,0.05949409971824085,0.07478950885612186
random 67,16,4.216666666666667,2-5-6-9-10-19-22-33-34-36-37-38-41-48-49-63,0.06199987742169974,0.06118428212849744,1.0133301440309361,0.06660871863917242,0.0013851725544067443,0.14117860218584788,0.11846383963303353,1.1917442708524226,0.1652544627786458,0.013654275396537019,4.4646221986754515,0.5519019480245589,8.089520637960824,5.933585186769431,1.8034039384922829,0.11228425672537393,0.09846353743186813,1.1403638306522255,0.12128964578969958,0.007041434546174662,0.05949509224454066,0.07478882228197922
random 68,16,3.9583333333333335,1-6-7-14-15-17-21-24-30-31-34-39-43-46-48-52,0.06077306332504484,0.06102145391419309,0.9959294547537735,0.06567097203965189,0.0019364266833977939,0.12914818527225796,0.11813416899267166,1.093233112599874,0.1545314373190653,0.011412933504529021,3.744096581927628,0.5523648121636114,6.778303938771936,5.273753319329252,1.5471454067256138,0.10754778720706695,0.09847908528354055,1.092087592989068,0.11633500963333207,0.005595143547411557,0.059493274848546475,0.07478767181852047
random 69,16,4.091666666666667,3-6-7-11-22-25-27-31-44-45-46-51-54-57-58-60,0.060790008252239444,0.060926308244807104,0.9977628713031488,0.06396006075975896,0.001411675547330636,0.13037886611950436,0.11814878717858435,1.103514214855494,0.15204049695740485,0.010327908351994658,3.63080274894882,0.5504771056808837,6.595737972531826,5.353355647339995,1.4502699204648815,0.10749600842284406,0.09851955143726725,1.0911134577312058,0.11855989817781319,0.005242802670457847,0.05949389270741358,0.07478863344541854
random 70,16,4.05,6-10-16-17-18-22-24-25-44-46-48-51-54-55-56-63,0.061237849864771446,0.061204164533518256,1.0005503764573853,0.06510906994432479,0.0017433462023862263,0.15649685266043395,0.11992559209620302,1.3049495935354136,0.18268064933297684,0.020950131637311426,5.2577150425971375,0.5550784645323487,9.472021306081007,6.795218950968377,2.205371158774428,0.11694658448264701,0.09878928272597716,1.1837982952769763,0.12664167103926127,0.009308971246766131,0.05948673252533252,0.07479020110422752
random 71,16,4.041666666666667,3-5-7-14-19-28-32-33-37-40-45-52-53-56-59-61,0.06027440533611539,0.061256880998638734,0.9839613828437466,0.06418318808748869,0.001370778347534805,0.13978789603567826,0.11905718841130164,1.1741239474995762,0.16748543729970689,0.014689016249911209,4.385542132392736,0.5528558719314175,7.932523384569873,6.3008005285190585,1.8364427916594461,0.11202573524685161,0.0985933156791451,1.136240671846558,0.12363195476284586,0.007521282663059712,0.05949325851604057,0.0747891804505674
random 72,16,3.783333333333333,0-1-8-14-19-24-25-27-32-33-35-43-46-48-49-51,0.061420934640369344,0.060441153178339264,1.0162105024558203,0.06635469194832731,0.002156188664448255,0.14530944057729916,0.11763622490195946,1.2352439964679516,0.16396182291946396,0.014914523277506916,4.781834774965027,0.5610067655516782,8.523666858567573,5.934199274652941,1.9164245721054842,0.11379380375868779,0.09840289199920238,1.1564071080310339,0.12115025055751857,0.007457652541394041,0.059489354078943305,0.07478902136385164
random 73,16,4.116666666666666,0-2-5-6-16-20-33-34-35-37-48-49-50-51-54-61,0.06041206446704073,0.06070989919385097,0.9950941324106101,0.06360985533745829,0.0013741369584341656,0.13137562902588196,0.11680844234987764,1.1247100499154938,0.15345347802973655,0.01131576087751023,3.934189529634871,0.5455205121498654,7.211808615830876,5.373645944412014,1.5982325879687131,0.10932838257797618,0.09845555427521996,1.1104338742775508,0.11830697411925953,0.0061291381406160155,0.059495151271866324,0.07478910278472826
random 74,16,4.2,0-6-12-21-22-26-31-32-34-38-42-50-53-54-58-63,0.06192847745027388,0.06102711411789916,1.0147698829512626,0.0675488736328292,0.0016261654286593187,0.13316564790111632,0.11881440193560745,1.1207870908889197,0.1645851310825473,0.013238166146219624,3.8117432948543923,0.5478868871394146,6.957171971674622,5.915089554206205,1.5964252279023186,0.10851281283968066,0.0986367233522576,1.1001258877198603,0.12141523030405471,0.006084984707338673,0.059494529365939096,0.07478946507684764
random 75,16,4.125,3-6-11-14-20-26-28-32-35-38-39-48-51-52-54-57,0.0610177314601676,0.06104537336990803,0.9995471907498553,0.06363798705482546,0.0010075698070601052,0.128397610088403,0.1175358008503065,1.0924127726149593,0.14067934928232556,0.008521045017193463,3.46703492716615,0.5507734216351837,6.294847919264,4.625435027664308,1.3249813686338574,0.10672164779948132,0.09861659589323628,1.0821875043731959,0.11406395846663801,0.004325228918424009,0.059495393178205395,0.0747892407569722
random 76,16,3.875,0-2-6-8-13-15-22-33-40-47-48-51-52-55-60-62,0.0595871610969852,0.06084736249017205,0.9792891369220745,0.06467058576417493,0.001840670712477859,0.13481010097647825,0.11913161617342781,1.1316064140372797,0.15433966235698487,0.010894508041913623,4.113520971091258,0.5571497514004603,7.383151407231984,5.265673887266028,1.632747670183122,0.11033504344860703,0.09843002387835353,1.1209490671765612,0.11663735297151606,0.00610909685491896,0.05948882830965328,0.07478950663460097
random 77,16,4.2,4-8-10-13-15-19-28-29-32-34-37-41-44-47-57-63,0.06078048407070361,0.0607879861580477,0.9998765860194054,0.06295129199949262,0.0008985954205443058,0.11890042015893841,0.11726485678078265,1.0139476005263308,0.14033060554494475,0.007243048383484528,2.952718132324722,0.546028325795971,5.4076281262888815,4.642208302585231,1.136390490507435,0.103558308141729,0.09837560259282545,1.0526828340798549,0.1148346564765886,0.0037120661474262157,0.059499183647794086,0.07478871150812064
random 78,16,4.108333333333333,1-8-11-21-28-29-30-34-35-36-39-47-52-54-57-61,0.06116900245418708,0.061396206915942976,0.9962993729878629,0.06556140473224753,0.0015603030585138904,0.14223404145761437,0.1179910675535394,1.2054644847846174,0.1729344016146533,0.016462159313373238,4.5027540369996215,0.5500386049090715,8.186250922776566,6.729419285614017,1.936005390600269,0.11215289767741349,0.09859919150855874,1.1374626501646137,0.12709551287532733,0.007820387164927892,0.05949481266444077,0.07478864557739102
random 79,16,3.9166666666666665,4-11-18-21-22-23-26-31-32-34-35-36-45-51-59-60,0.06080634371052816,0.060741286236109256,1.0010710585575358,0.06464684417904377,0.001796089660893705,0.1474047262928309,0.11875544203541714,1.241246074844044,0.16439118161927022,0.015808958205176946,4.942720810319194,0.5608505491594482,8.812901793047889,5.9537201225487655,1.9979500086134347,0.11519767600043926,0.09867648361116003,1.16742785904676,0.1220924989137531,0.008137379902279834,0.059486102092244995,0.07479160713794926
random 80,16,4.208333333333333,0-2-11-18-21-22-24-29-31-35-43-46-48-55-60-62,0.061017921061696664,0.061066616148021315,0.9992025907214734,0.06415357297732624,0.000883853958323112,0.1250112593154753,0.11728800958321171,1.0658485872486754,0.14076093809327356,0.00803683037060311,3.2898851830821947,0.5452777982362359,6.033411214840782,4.628663926144748,1.2671629729379479,0.1056591309177253,0.09868547959737035,1.070665424627888,0.11458445911132797,0.004109536097191548,0.05949670277269328,0.07478890193377685
random 81,16,4.166666666666667,0-3-14-15-17-18-26-31-33-42-43-46-47-53-54-57,0.0607079783517145,0.0608170958729796,0.9982058084211551,0.06367094068426832,0.0013229324755552577,0.13250130788396886,0.11778397346736984,1.1249519266785155,0.15373900649941452,0.010941164661163603,3.8462614697916457,0.5499780744732659,6.993481464648116,5.324512245666514,1.5392391715299276,0.10889822733490172,0.09858793320945873,1.1045796761307274,0.11861465417157635,0.005693089335613441,0.05949328864271684,0.07478984129458556
random 82,16,4.183333333333334,0-2-6-8-14-19-27-34-36-38-40-42-48-53-54-57,0.06095135230024554,0.06059624550186549,1.005860211229904,0.06362889413758831,0.0012422155514843023,0.12938383311446697,0.11750397982617743,1.101101709966448,0.1377387593190435,0.008320229503420474,3.4165091233396847,0.5518526955359936,6.190980221671943,3.795139899063773,1.2767647079416136,0.10628619096087158,0.09867641846526502,1.0771184505271163,0.10883602026371411,0.003824952666100745,0.05949509752453555,0.07478844616064477
random 83,16,4.225,1-4-5-8-14-16-25-27-30-32-34-37-49-50-52-61,0.060917788756389965,0.06100997564919388,0.9984889865661644,0.06395649905528353,0.001204547629427524,0.12258014831827949,0.11809248711342846,1.038001242200451,0.14147647997405555,0.007774482334601698,3.131934578595135,0.5477618868453787,5.717693497501793,4.6334007931517815,1.2066873634841415,0.10465685415637208,0.09862810419629194,1.061126085806958,0.114424108274942,0.003941702523874553,0.05949773680762191,0.07478897660263353
random 84,16,4.025,0-4-7-16-18-19-25-26-29-33-34-42-48-50-61-63,0.06216183463278943,0.06068763138015367,1.0242916590927926,0.06735763363206339,0.0020995747288687027,0.14740069303576236,0.11818746822333531,1.2471770082867306,0.18438980636535263,0.019480137316249934,5.075572682139252,0.5557433700699034,9.13294328909552,7.393454904636058,2.209125855777568,0.11549838515475616,0.09845317438562533,1.173130128870883,0.12861084312392854,0.009351332364535257,0.059492402910253775,0.07478941612418552
random 85,16,3.7416666666666667,2-4-7-9-12-15-18-31-40-42-49-51-55-56-57-58,0.06007133927699932,0.06044825509600299,0.9937646534477289,0.06632311741094199,0.002067000606550513,0.1287811529549894,0.11885683809961463,1.0834980554257816,0.14976801205721793,0.010143635694120943,3.7539327171265198,0.5548949182572503,6.765123618209438,5.779579855619034,1.5500877626252816,0.10814565175771798,0.09838679849201996,1.0991886453799953,0.12197282524255172,0.006027322180596201,0.05949199150462611,0.07478816753796425
random 86,16,4.175,0-1-4-15-20-22-27-31-32-36-39-52-53-55-59-60,0.061068797584429464,0.061458559311980576,0.9936581375822272,0.06468643161697342,0.0012463583470419953,0.1315149468243328,0.11884535081282416,1.106605735309433,0.15001431244776414,0.010352414659482357,3.9634706156540327,0.5469739727704076,7.2461777213624385,5.6943963561593565,1.626486432403582,0.10960241096003887,0.09831949109548647,1.1147577122179628,0.12152751047218083,0.006442877852742805,0.059494752118342625,0.0747901162698444
random 87,16,4.1,1-2-5-7-11-19-26-27-29-31-41-44-49-56-59-63,0.06066732816111271,0.06081592832824654,0.9975565584343007,0.06337594292873289,0.0013668463536689944,0.13254166930798583,0.11752176338560327,1.1278053144344031,0.15227208644816473,0.010703956745261216,3.874924394413807,0.5510191008942008,7.032286881027409,5.358658881850888,1.5541786234775083,0.10917932002703426,0.09861324031671008,1.1071466638393561,0.11906404425755546,0.005843752479792602,0.05949330104312884,0.07478903595449259
random 88,16,4.041666666666667,2-9-21-26-28-30-35-36-44-45-47-48-52-61-62-63,0.05989537634200991,0.06090135696465767,0.9834818028236784,0.06446750376400939,0.0016097752580796693,0.137006152625537,0.11831800322332957,1.1579484853791258,0.1737581955775712,0.015566541774016278,4.169383436162504,0.5506251288426678,7.572090734264033,6.431684069688876,1.7754868591956379,0.109738667156843,0.09845833041136161,1.1145696529521862,0.12149131051677423,0.006689781492694913,0.059494796711845564,0.07478762828979861
random 89,16,3.9,1-2-3-5-8-9-25-26-27-35-39-49-51-52-59-62,0.060139743708599216,0.060761202283259125,0.9897721152428359,0.0642023415019474,0.0016347305113393596,0.15685823689034561,0.11843976454938553,1.3243714008308487,0.18884005503009993,0.02251939691741959,5.467271037565183,0.5549113524657455,9.852512501810235,7.275877607283249,2.3410587252021964,0.11751910090270723,0.09835858354491445,1.1948026971031291,0.12831689707718882,0.009984183923012343,0.05949137300892487,0.07478847141806266
random 90,16,3.875,4-17-26-31-36-38-42-48-49-50-51-52-56-57-59-62,0.062015091984720744,0.060880071503835224,1.0186435471057884,0.06753456294162839,0.002228845300652972,0.1465133540520636,0.11858307005982993,1.2355334870158252,0.1858174409853333,0.020661138605225827,5.0484960712794775,0.5504044767838624,9.172338315231336,7.877197993359073,2.2868944879545654,0.1148059590971151,0.09860242604756085,1.164331991605749,0.13090875058058682,0.009758954637708287,0.0594900453649822,0.07478911589188994
random 91,16,4.083333333333333,2-6-9-10-16-24-30-40-46-47-48-49-52-53-59-60,0.061830239171995025,0.06095860927484764,1.0142987169083437,0.06496523057218574,0.0015519250887925259,0.14581233260504894,0.11878225868243704,1.2275598580329785,0.16566944725156152,0.014717096101565767,4.814274689858864,0.5567956326481042,8.646394489414924,5.96044904314764,1.933724156885305,0.11455695990019676,0.09868488993152254,1.1608358683856046,0.12196176071724836,0.0077429946172429065,0.05949112595705792,0.07479038121010484
random 92,16,4.016666666666667,1-5-6-10-17-18-22-35-40-42-43-50-55-56-57-62,0.05996668333249433,0.061141866039783756,0.9807794105184039,0.06409408997026488,0.0014453061246086135,0.13715240474031976,0.11913332254799469,1.1512514031081924,0.15295435542808572,0.010986965782829618,4.380426624490554,0.5577533501307327,7.853698455533829,5.359772827043618,1.7292602988498433,0.11226291103883451,0.0987014142112484,1.1373992149551246,0.11898831491629992,0.006659547063640697,0.05949174953658332,0.07478913569918555
random 93,16,4.175,0-1-7-9-23-24-27-31-32-38-45-51-52-57-58-60,0.061134211470850346,0.06093308808731779,1.003300725268418,0.064334746162231,0.001397188440927044,0.14681665711570957,0.11913484747416958,1.2323569486882657,0.1669552603312511,0.015636219487523518,4.939710764027913,0.5549545798112793,8.901108205481854,6.290522727855703,2.016707535820777,0.11546890244263924,0.0987826632308128,1.1689187015826636,0.12318838647254271,0.008296293192485793,0.0594934983642596,0.07478970223200514
random 94,16,3.75,0-4-5-7-10-14-19-22-29-38-39-54-59-60-62-63,0.06027081754720068,0.06070685782824553,0.9928172813312375,0.06714331922672513,0.0021691952731627815,0.14425369241650546,0.11939222935649128,1.2082335106230468,0.16595477202050865,0.01478290732431699,4.5834915781436045,0.5610296859163176,8.169784403934859,5.959721750778551,1.866563906766024,0.11310415864100098,0.09837260331869489,1.149752622430665,0.12221135180392066,0.007573843158584683,0.05948481174237071,0.07478793308733749
random 95,16,4.075,1-5-9-19-20-24-32-34-42-43-46-49-50-52-56-62,0.06091270990515395,0.06089000542057385,1.0003728770333207,0.06510239528692281,0.0013775242966871616,0.1313412079920954,0.11728238102857029,1.1198716025393476,0.15006060799074633,0.010438317209661718,3.8856160879344976,0.5519149805078284,7.0402439237276395,5.719153052102569,1.5806747065271414,0.10912381011494303,0.0983407684929044,1.1096497595787718,0.12168039240798864,0.006097743188655824,0.05949314024017195,0.07478892880329728
random 96,16,4.191666666666666,0-9-11-18-26-27-30-32-38-43-46-47-53-55-58-62,0.061833042026646606,0.060868965543641074,1.0158385554016738,0.06758443819810614,0.0016571017507512151,0.13225732279283448,0.11867960889447741,1.1144064597518983,0.16437220601437694,0.013473158784132501,3.88212745553753,0.548420484437955,7.078742617566705,5.930579160682844,1.6468869862138453,0.10914729022990151,0.09868656674034366,1.1059994671522142,0.1222602236215526,0.00661191316644662,0.05949469028625134,0.07479032623340472
random 97,16,3.85,0-1-2-4-6-10-18-23-30-33-40-43-50-56-58-63,0.058945117841933084,0.06061272668079407,0.9724874802672523,0.06565763872107165,0.0019182327608667682,0.15050544506592933,0.11816346186164073,1.2737054474771423,0.18743102402177197,0.022951869863783995,5.089759254610889,0.5544796697667265,9.179343323357891,7.60210516082496,2.3049953174640887,0.11462487847160838,0.09840030780096974,1.1648833325141157,0.1292362791237099,0.00966929368938891,0.05949021715687403,0.07478815914666304
random 98,16,4.091666666666667,0-5-11-18-21-27-29-39-41-45-48-51-56-58-59-60,0.06119073630593191,0.06069742459105851,1.0081273912064148,0.06441571669794732,0.001304800536148668,0.12652920451006058,0.11692363478463869,1.0821525070026634,0.14604055637074456,0.00942664605086867,3.597902144705076,0.5513851542028734,6.525206776570711,4.972716459159017,1.4403436295422951,0.10681444237215551,0.09841154710671207,1.0853852572435612,0.1150409619599277,0.004977647122236928,0.05949549502832574,0.07478853752967686
random 99,16,3.691666666666667,0-4-9-10-11-12-16-18-19-26-39-49-50-51-52-59,0.060651944106076855,0.06072207748670877,0.9988450101917665,0.06651917168042339,0.0018345981453289685,0.15369611108549291,0.11985748301618793,1.2823238667938217,0.1782416608816848,0.019189521392604627,5.660195507868067,0.5586404351714646,10.13209061053873,7.388806532959175,2.367637432488501,0.11840435784229664,0.09849556559560524,1.2021288179452791,0.12725831857418732,0.009872460457038167,0.05948817252003996,0.07478677443496907
random 100,16,4.166666666666667,0-1-9-13-17-18-21-24-25-29-33-37-52-60-61-62,0.060749712599842215,0.06103987831297219,0.9952462927327247,0.06390805012829076,0.0012451474123706856,0.16518003656723404,0.12034742385022501,1.372526567521746,0.18757934571341345,0.020604229880304765,6.067724004922159,0.5570683351276776,10.892243594372427,7.333947886708533,2.420191368512332,0.12084335977651539,0.09881902131312176,1.2228754967488138,0.12661545302306654,0.00972446649206648,0.05948516752908788,0.0747912508959462
random 101,16,3.9916666666666667,2-7-21-22-23-32-34-38-40-41-43-47-49-54-57-59,0.059874535609794756,0.06074467544546835,0.9856754550206671,0.06595804733991689,0.0017153908046525527,0.13458169216581745,0.11857797267549837,1.1349636794189002,0.16300208204693942,0.013719582853030642,4.1878351371751155,0.5553142994345924,7.541378173475936,6.243421696516986,1.781675123723475,0.11022731312562845,0.0985976035220264,1.1179512400725238,0.12313970583157645,0.006947540888678451,0.05949524199447724,0.07478789572579148
random 102,16,4.233333333333333,1-9-10-17-18-20-28-29-30-47-48-50-53-54-57-61,0.061924040519553296,0.06095030359956884,1.0159759158277817,0.06465415665246137,0.0013164104290235056,0.14910798287301047,0.11882785585823485,1.254823473806518,0.17857550852665582,0.01707216663844629,4.980650873094071,0.5550157264545388,8.97389143351064,6.842743124894036,2.038592910258878,0.11516891088679115,0.09869085680681979,1.1669663696630577,0.1257725687842263,0.008214810349242855,0.05949087251273457,0.07478910142851868
random 103,16,4.116666666666666,2-10-15-16-20-26-29-32-34-36-37-41-50-52-61-62,0.06062070572081787,0.06099973507388496,0.9937863770619987,0.06440063426796436,0.001483532598678171,0.12524875640644986,0.11748530642177873,1.0660801782037315,0.14147413556762914,0.008312510761583625,3.3015858074302713,0.5501458536707403,6.001291812709462,4.639249823383573,1.2691815537165798,0.10555034318010459,0.09834139485122806,1.073305329254098,0.11448186802209696,0.00422220994728603,0.05949567987450191,0.07478895715658947
random 104,16,4.166666666666667,1-6-17-20-23-26-29-30-32-38-42-44-47-51-58-62,0.060400395425825856,0.06136342699992103,0.9843060985805696,0.06431363740224906,0.001445870163729447,0.11917515031392578,0.1176715343699435,1.0127780771452772,0.14075373189156093,0.007350755826774598,2.958140573073684,0.5427925674386463,5.4498546047391345,4.667286989138111,1.139965826965542,0.10357956178953934,0.09856605627608155,1.0508644223262322,0.11499587418279393,0.0036018178698607115,0.059497858715973295,0.07478912195266808
random 105,16,3.975,4-5-6-7-9-13-15-20-24-29-30-43-50-54-56-59,0.05974494502533739,0.060764821077971154,0.9832160115912282,0.06569212618380649,0.001767421667270602,0.1313689425204527,0.11833408506298038,1.1101530252296694,0.16407022825409387,0.013362870137190017,3.9327711916775416,0.5512426220322986,7.1343742927177205,6.215830622055636,1.6994030711649046,0.10863071293191232,0.09851318966377452,1.1027022199024201,0.12338172532143112,0.006615738516351574,0.059494837682607736,0.07478736235639248
random 106,16,4.15,1-3-6-12-20-21-24-26-30-31-45-50-57-59-60-63,0.06104603694617201,0.06087726520499931,1.0027723279060643,0.0635238649126172,0.0012922828910188193,0.1302957531119947,0.11804012886490882,1.1038259138221702,0.14111628532222398,0.009238009877969371,3.804726974945416,0.549936329687426,6.918486322058328,4.679574817727797,1.4999569685245546,0.10883038712024262,0.0987061608126925,1.1025693454612435,0.11504651770811718,0.005434961221801743,0.05949494394272555,0.07478950518227301
random 107,16,4.116666666666666,2-13-16-20-24-29-35-39-43-46-53-56-58-59-61-62,0.06082352280829159,0.0609843570975146,0.997362695994879,0.06342224481564017,0.001276092728665504,0.1275813889857329,0.1178951923714638,1.0821593859718204,0.14059648208564302,0.008605938173256817,3.540128857759405,0.5510008932741105,6.424905841301914,4.651423492226423,1.3826371478505848,0.10720663503136474,0.09852192526043933,1.0881500209011108,0.1148871065420394,0.004875231111481125,0.059495692375506615,0.07478904832379134
random 108,16,4.125,0-1-4-11-13-18-19-23-28-29-36-39-49-52-57-62,0.060636187174689965,0.06089939724253665,0.9956779528244191,0.06552102925030483,0.001571771513378646,0.13111806685176278,0.11697129044704697,1.1209422957603434,0.15421933194365217,0.011301525942307978,3.9279800916254373,0.5480102595729198,7.167712689697863,5.31632051593545,1.5925941101332592,0.10936857967201244,0.09856546972394964,1.1096033933416931,0.11840966760589913,0.006066129116086906,0.05949492582821325,0.07478896343237201
random 109,16,4.116666666666666,2-4-6-8-9-15-26-31-34-36-46-48-52-61-62-63,0.06139682192717345,0.06068332251914791,1.0117577511976277,0.06505655244414503,0.0016577259221205124,0.1274983861383133,0.11730629960240668,1.0868843921464684,0.14562548606097556,0.009664009006573519,3.618237312457412,0.550639790471602,6.57096957951137,5.034765736817172,1.4524144541921926,0.10702195121547156,0.09816900507887805,1.0901806647574785,0.11543573323572676,0.005176736085586816,0.059496424422791336,0.07478799686226939
random 110,16,4.15,0-1-6-15-19-24-26-30-34-38-44-48-54-57-58-62,0.06067215759109936,0.0610293002962471,0.9941480124560809,0.06540337943588613,0.0014742590558769822,0.13277980908676734,0.11750722052038338,1.129971490251824,0.15466569465176025,0.011349272143122497,3.8621793813324277,0.5464476138169646,7.0677943936014405,5.365591320289122,1.5494699813261101,0.10908403148814111,0.09852558813083194,1.1071644793765518,0.11885677514826107,0.005825345783680467,0.059494307070843785,0.07478882919443691
random 111,16,4.116666666666666,2-5-12-19-23-31-33-35-39-41-45-51-52-53-55-61,0.06059896681037024,0.06077608817205115,0.9970856735435243,0.06393116547385003,0.0013535929017206045,0.13847215812574626,0.11689321542019566,1.184603893630446,0.1669499593283888,0.015058025838452007,4.356151434381578,0.5511094345344606,7.904331084553752,6.262954363138474,1.826059196555568,0.11204269934066993,0.09848687233939592,1.1376409533502012,0.123625921367592,0.00756575632458651,0.059495679903018114,0.07478885144345346
random 112,16,3.908333333333333,6-8-10-14-16-18-19-22-30-31-32-39-48-52-61-62,0.059649048693939805,0.06107783989676153,0.9766070443022088,0.06553497296870618,0.002021607251895505,0.1580581490435631,0.11964718920090729,1.3210352044138496,0.18197492220010295,0.021358157136783604,5.82377631453355,0.5625267793610677,10.3528872370278,7.693086748862087,2.47734536945991,0.11946302976748524,0.09881688739738025,1.208933340382186,0.1299723924781314,0.010422318989241173,0.059491291028389855,0.07478870250744428
random 113,16,4.05,0-15-19-25-32-36-41-42-45-48-52-59-60-61-62-63,0.05994963489380108,0.060985058740953724,0.9830216799240808,0.06406028432037184,0.0013805063953515303,0.1321745867997715,0.11857915567140803,1.1146527907994004,0.16360558859630037,0.013447736171758597,3.943037310372353,0.5500294860584596,7.1687744208558115,6.224307339576761,1.700598404462155,0.1085254289104105,0.09851556087499964,1.101606974030344,0.12185516440792098,0.006438991523917183,0.05949412989135732,0.0747888736219607
random 114,16,4.0,1-8-9-18-25-27-30-34-35-40-41-45-46-48-52-63,0.060342403211972026,0.06077004276937183,0.9929629873880007,0.06423567771784047,0.0015719189376433747,0.12974877890556819,0.1188384416060787,1.0918081485421582,0.14134260213946545,0.008880519123351123,3.8033473809026965,0.55508304684608,6.8518528939280205,4.6801375082047025,1.4932914436552507,0.10879773263155891,0.09872457846068787,1.102032891180003,0.11494893276599025,0.005411683326992131,0.05949232498103944,0.07479009428024237
random 115,16,4.175,2-3-5-14-16-18-19-21-27-31-42-45-47-48-52-55,0.06083169126942384,0.06095938276529328,0.9979053020211658,0.06593757206078718,0.0011946283918069845,0.12432324052278923,0.11702616531364944,1.062354219584846,0.13968521188626645,0.008347544037506722,3.3633520148773197,0.5452072765368218,6.168941904520176,4.647274862316037,1.3274881641668979,0.10608439153801354,0.09841816738628972,1.0778944005493825,0.11477716495619376,0.004770093594819321,0.05949783657704384,0.07478903740548616
random 116,16,4.116666666666666,1-3-4-5-8-23-25-26-29-31-36-42-53-58-60-61,0.0622582000562934,0.060996397057504044,1.02068651690361,0.06674790505990302,0.001639807487359411,0.13826568202823036,0.11880768353013309,1.1637772736572392,0.17653139672576476,0.01574855822856682,4.16893448689707,0.5549865509952315,7.511775698746419,6.507998052669377,1.781485793218099,0.11039140501100714,0.09847597478630803,1.1209983475721412,0.1236025810279742,0.007156468828142298,0.05949220532062478,0.0747896143710712
random 117,16,3.825,0-1-4-7-15-17-21-24-27-30-31-32-36-39-41-47,0.06098351144250318,0.060954008591364524,1.000484018226536,0.06636234368754197,0.002040692198833914,0.14168897548636014,0.1195207988188162,1.185475472776492,0.17413895497469742,0.016215395842848455,4.532104208517229,0.5557441111929647,8.155019760422793,6.464384051762842,1.928885097447309,0.11223968003818242,0.09869686437591059,1.1372162707286302,0.12295897717207284,0.007682824761863534,0.05948879801301784,0.07478799452115795
random 118,16,3.7583333333333333,2-3-9-10-12-16-17-18-19-24-27-33-38-41-60-62,0.060852730008802605,0.06068958471355992,1.0026881926447955,0.06576162108878406,0.002173366007155994,0.1548008870857685,0.11901582624594281,1.3006748091289715,0.18192534079458328,0.02148370474113454,5.771368823900997,0.5592703436953328,10.319461578754833,8.120277365721073,2.539870150178831,0.11826311697203773,0.09840658781330484,1.2017804864487764,0.13162200072872732,0.010736902250590315,0.05949259708296939,0.07478948343152785
random 119,16,4.1,9-10-12-19-24-26-33-41-42-44-45-48-54-56-59-62,0.060512517336186115,0.06091472683571356,0.9933971714161633,0.06377833890258339,0.001439026225456967,0.1287194273262055,0.11797444460994011,1.0910789006194657,0.14211454313416,0.008756357488938053,3.4931930841944623,0.5525604621784995,6.321829597474925,4.6728519617955255,1.337839762564228,0.10679464001525782,0.09842480253876466,1.0850378894404862,0.11448720488221154,0.004472800464218954,0.05949300840438509,0.07478947427259919
