non_inertial,cluster_index,field_std,field_range,worst_bus_rocof,worst_bus_excess,mean_excess_at_ni,r_density_excess,p_density_excess
5-8-10-13,2.0,0.031884143993798894,0.11829533132310734,1.0972664109776313,0.03594566748940477,-0.026997547836558746,-0.4726570548213008,0.06447848676837795
2-5-7-10,2.0,0.03188414399378165,0.11829533132312615,1.0972664109776316,0.035945667489404975,-0.026997547836509143,-0.4726570548210801,0.06447848676851994
0-2-5-7,2.333333333333333,0.05841401193197234,0.22712703925229333,1.1750126039873887,0.11451822786688379,0.06880073402716584,0.6317378547427394,0.008662180359071424
0-2-5-10,2.333333333333333,0.09683395471298364,0.29661509544406495,1.2817809446223156,0.22175597914409084,0.10018875002883026,0.633422846242855,0.008431993471613318
0-5-8-13,2.333333333333333,0.058414011943509654,0.22712703927893324,1.175012604028046,0.11451822790753417,0.06880073400274514,0.6317378546063721,0.008662180377899705
2-7-10-15,2.333333333333333,0.058414011949885505,0.22712703927995886,1.1750126040296283,0.11451822790914366,0.06880073399859511,0.631737854490644,0.00866218039387832
0-2-5-8,2.333333333333333,0.045488206583148796,0.1659353351547505,1.1554734878288873,0.09364724732933823,0.06490552526451784,0.6725043380333853,0.004313308158189571
0-5-8-10,2.333333333333333,0.09683395466298195,0.2966150953082519,1.2817809445974522,0.22175597911932898,0.10018875007882766,0.6334228466658791,0.008431993414438536
2-5-8-10,2.333333333333333,0.0658681854616167,0.21277278047380455,1.1206611346115425,0.06062913207915145,-0.09101987928692706,-0.3976709455994626,0.12716586305833266
5-10-13-15,2.333333333333333,0.09683395464461414,0.2966150952682595,1.2817809446109405,0.22175597913257783,0.10018875010222493,0.6334228468986928,0.008431993382972047
5-7-10-13,2.333333333333333,0.06586818546224739,0.21277278047555256,1.1206611346111168,0.06062913207871199,-0.09101987930149098,-0.3976709456869526,0.12716586296699564
5-7-8-10,2.333333333333333,0.07077451124578618,0.20073646324334915,1.1134287035773007,0.0531825603106458,-0.09628149173993948,-0.4653588256173093,0.06929988361510953
2-5-10-13,2.333333333333333,0.07077451124578521,0.2007364632433262,1.1134287035773027,0.053182560310647976,-0.09628149173992805,-0.465358825617349,0.06929988361508276
5-7-10-15,2.333333333333333,0.09683395470664627,0.29661509543884906,1.2817809446221795,0.22175597914394865,0.10018875003495564,0.6334228462878774,0.008431993465528203
8-10-13-15,2.333333333333333,0.05841401194609087,0.22712703927888578,1.1750126040287174,0.11451822790820673,0.06880073400240751,0.6317378545655445,0.008662180383536782
7-10-13-15,2.333333333333333,0.04548820658175607,0.16593533515582343,1.1554734878327242,0.09364724733310892,0.06490552526422194,0.6725043382089197,0.004313308144288297
2-10-13-15,2.6666666666666665,0.05816041046179358,0.22234864151000805,1.223561245576057,0.16325045859471982,0.06326071106549687,0.5365882508137019,0.03211821609143228
0-8-10-13,2.6666666666666665,0.1124829907866495,0.45079177837800294,1.4257843610317564,0.36561595935506813,0.08667851050870023,0.5665885414585486,0.022117132235043517
2-5-7-15,2.6666666666666665,0.11248299077015925,0.4507917783403463,1.4257843609861056,0.36561595930939506,0.08667851049951984,0.5665885414796934,0.02211713222896789
2-5-10-15,2.6666666666666665,0.07152320695712364,0.2099726118601977,1.114478986769256,0.05391140595533159,-0.10996029426216548,-0.7458252727227423,0.0009093848057794792
2-5-8-13,2.6666666666666665,0.09400938182770278,0.3530167586512505,1.3537013540952845,0.29350573170899086,0.07610454715767881,0.31036267726852274,0.24203274303315853
2-7-10-13,2.6666666666666665,0.094009381827612,0.3530167586515827,1.3537013540950513,0.29350573170875616,0.07610454715845597,0.31036267727308586,0.24203274302587058
2-5-7-8,2.6666666666666665,0.09400938182756506,0.35301675865199755,1.353701354094894,0.2935057317085969,0.0761045471594276,0.31036267727863665,0.2420327430170055
0-2-5-13,2.6666666666666665,0.0581604104653759,0.22234864170438717,1.2235612456474683,0.16325045866618493,0.06326071103578822,0.5365882506609445,0.032118216149831215
0-5-10-13,2.6666666666666665,0.07152320696073557,0.2099726118027786,1.1144789867652598,0.05391140595094573,-0.10996029427654265,-0.7458252727158114,0.0009093848059346626
0-5-7-8,2.6666666666666665,0.05816041046473402,0.22234864152851794,1.2235612455854328,0.16325045860412096,0.06326071106493958,0.5365882506852057,0.03211821614055624
0-5-7-10,2.6666666666666665,0.0715232069970953,0.2099726120025772,1.114478986772689,0.05391140595889867,-0.10996029436616545,-0.7458252727168142,0.0009093848059122107
2-5-7-13,2.6666666666666665,0.0786342705055944,0.2936387533865189,1.3307069230341673,0.27035087330585417,0.0780066229185547,0.45222683722980833,0.07862829820702122
5-7-13-15,2.6666666666666665,0.05128463916732579,0.17352633742147736,1.1120978944919004,0.050904135430560014,-0.09554169872158039,-0.47930741413739114,0.06030319060111311
2-8-10-13,2.6666666666666665,0.07863427050557623,0.2936387533864973,1.3307069230341468,0.270350873305834,0.07800662291852765,0.4522268372299485,0.0786282982069171
0-2-7-10,2.6666666666666665,0.11248299076563292,0.45079177834028483,1.4257843609821075,0.36561595930539964,0.08667851050541442,0.5665885415126726,0.022117132219491853
0-2-8-10,2.6666666666666665,0.051284639167174594,0.1735263374212812,1.1120978944916757,0.050904135430337796,-0.09554169872104315,-0.4793074141358018,0.060303190602086595
2-7-8-10,2.6666666666666665,0.0786342705055746,0.293638753386487,1.330706923034137,0.27035087330582425,0.07800662291853165,0.45222683722998736,0.07862829820688821
7-8-10-13,2.6666666666666665,0.09400938182750117,0.35301675865201587,1.3537013540948055,0.29350573170850885,0.07610454715941498,0.310362677278862,0.24203274301664585
5-7-8-13,2.6666666666666665,0.07863427050559736,0.2936387533865436,1.330706923034191,0.27035087330587776,0.0780066229185593,0.45222683722970636,0.078628298207097
7-8-10-15,2.6666666666666665,0.0581604104621968,0.22234864151201195,1.223561245577268,0.16325045859592638,0.06326071106631977,0.5365882508070827,0.03211821609396279
5-8-13-15,2.6666666666666665,0.11248299079241306,0.45079177836781503,1.4257843610174898,0.3656159593409065,0.08667851035706353,0.5665885410899831,0.022117132340944992
5-8-10-15,2.6666666666666665,0.0715232069521671,0.20997261183132537,1.114478986768615,0.05391140595482045,-0.10996029430175641,-0.7458252729200816,0.0009093848013610514
0-7-8-10,3.0,0.0393074624773959,0.1257966060707795,1.0943349008576144,0.03307397679749598,-0.046676571808006447,-0.4815728119396049,0.05892737099254018
0-2-10-13,3.0,0.03930746249954059,0.1257966056804739,1.0943349008442234,0.03307397678373702,-0.04667657176861451,-0.48157281150490033,0.058927371254306776
5-7-8-15,3.0,0.03930746249498855,0.12579660570080853,1.0943349008476908,0.033073976787245905,-0.04667657179157965,-0.4815728117820094,0.05892737108743954
2-8-10-15,3.0,0.0557321134737778,0.16399556794448056,1.120472147351097,0.05885031992544888,-0.018107047621784646,-0.4613979288937259,0.07202387186197964
7-8-13-15,3.0,0.09228726572700904,0.3646069220500895,1.283740675450746,0.2230221019936452,0.024560337673887045,0.24205098479995152,0.3664189518696309
0-2-8-13,3.0,0.0922872657269726,0.36460692204957373,1.283740675450003,0.22302210199290562,0.024560337674009176,0.24205098479535356,0.36641895187901663
0-5-7-13,3.0,0.05573211349393614,0.16399556779646252,1.1204721473113362,0.05885031988547476,-0.01810704763188726,-0.4613979289362691,0.07202387183231043
0-2-7-8,3.0,0.09228726572257694,0.36460692205036543,1.283740675446218,0.2230221019891558,0.024560337676597748,0.2420509848485985,0.3664189517703218
2-7-13-15,3.0,0.09228726572635906,0.3646069220495271,1.2837406754493386,0.22302210199224648,0.024560337674402518,0.2420509848018369,0.3664189518657821
2-5-13-15,3.0,0.039307462496608964,0.12579660572103796,1.094334900850932,0.03307397679045352,-0.04667657181366848,-0.4815728120417124,0.05892737093105392
0-5-10-15,3.333333333333333,0.07483456790611803,0.19739764320129638,1.1176950650682471,0.05769457018348407,-0.11352914610092364,-0.7090008039149089,0.002103804172082675
0-2-5-15,3.333333333333333,0.06673606049829939,0.21732365739245552,1.244220480975502,0.18463739769231985,0.06852406092031134,0.7003244040145566,0.002518398990224532
0-8-13-15,3.333333333333333,0.08957343460529356,0.31602046848912835,1.3021770547472733,0.24229795429809092,0.08953325901955327,0.7547592734967122,0.0007265631759857111
0-8-10-15,3.333333333333333,0.04416524530867081,0.14046293291458734,1.0919252118522618,0.030739624445249775,-0.07055967452438601,-0.6462359117901534,0.0068357175253315515
0-5-8-15,3.333333333333333,0.06673606050367323,0.21732365729060704,1.244220480906114,0.18463739762404835,0.06852406085226224,0.7003244036543368,0.0025183990087138987
0-7-10-13,3.333333333333333,0.0731362386280749,0.19546317358752657,1.1473315687419992,0.08675600124884197,-0.03890344838278678,-0.3789495362533779,0.14776124358944123
0-7-8-13,3.333333333333333,0.07579398396609446,0.25793675014590756,1.2418456092279684,0.18146679362601914,0.06560107457365663,0.5127429186046726,0.04226149192897277
0-7-10-15,3.333333333333333,0.06673606056147131,0.21732365741108123,1.2442204809868267,0.18463739770464654,0.06852406082579413,0.700324403553471,0.0025183990138911375
2-5-8-15,3.333333333333333,0.0731362386396932,0.19546317376913575,1.1473315687324146,0.08675600123936586,-0.03890344839141963,-0.3789495363184144,0.14776124351419867
2-8-13-15,3.333333333333333,0.07579398398202661,0.2579367501552729,1.2418456092227563,0.18146679362094426,0.06560107449873101,0.5127429182009264,0.04226149211886339
0-2-10-15,3.333333333333333,0.044165245341235795,0.14046293328889858,1.0919252117946208,0.030739624385658963,-0.07055967457387655,-0.6462359119401662,0.006835717508167569
0-10-13-15,3.333333333333333,0.06673606049676495,0.2173236573767187,1.244220480960137,0.18463739767690773,0.06852406091834098,0.7003244040348539,0.0025183989891827234
0-2-7-15,3.333333333333333,0.08957343457416116,0.31602046834318015,1.302177054576453,0.24229795412613242,0.08953325904762514,0.7547592737443702,0.0007265631713728707
0-2-7-13,3.333333333333333,0.07579398398339608,0.2579367501813433,1.2418456092247296,0.18146679362290982,0.06560107450003104,0.5127429181876358,0.042261492125114195
0-5-13-15,3.333333333333333,0.044165245337390996,0.14046293305220914,1.091925211791919,0.030739624383946215,-0.07055967459628795,-0.6462359119957236,0.006835717501810837
0-5-7-15,3.333333333333333,0.04416524533678708,0.14046293331599838,1.0919252119089669,0.03073962450150076,-0.07055967459226117,-0.6462359123014698,0.006835717466828319
2-7-8-15,3.333333333333333,0.07579398398228393,0.25793675016510803,1.2418456092252084,0.18146679362341273,0.0656010744961352,0.512742918192898,0.04226149212263936
2-7-8-13,3.333333333333333,0.033532176049762275,0.11302228365898072,1.1263607970482563,0.06705470954687892,0.041721367802029216,0.3342817771792835,0.20570942460087033
0-7-13-15,3.6666666666666665,0.060740368923629724,0.18693078518205752,1.1177015565853754,0.05701689384147224,-0.04563741444187239,-0.22616482430567142,0.39963701370110716
0-7-8-15,3.6666666666666665,0.03460940191055642,0.1005884126775459,1.0786942523115395,0.017328474215520154,-0.026442768644789484,-0.05494035671283186,0.8398492315662295
0-2-8-15,3.6666666666666665,0.06074036892132197,0.18693078530115345,1.117701556700887,0.05701689395710763,-0.04563741442620753,-0.22616482418044498,0.39963701396910756
0-2-13-15,3.6666666666666665,0.03460940197560635,0.10058841273516765,1.0786942524443264,0.01732847434706465,-0.026442768670009362,-0.05494035698584251,0.8398492307799851
