k,share,clustered_step,clustered_step_freq,clustered_noise,clustered_noise_coi,clustered_noise_freq,clustered_noise_uniform,clustered_noise_uniform_coi,clustered_noise_uniform_freq,spread_step,spread_step_freq,spread_noise,spread_noise_coi,spread_noise_freq,spread_noise_uniform,spread_noise_uniform_coi,spread_noise_uniform_freq,random_step,random_step_sd,random_step_freq,random_step_freq_sd,random_noise,random_noise_sd,random_noise_coi,random_noise_coi_sd,random_noise_freq,random_noise_freq_sd,random_noise_uniform,random_noise_uniform_sd,random_noise_uniform_coi,random_noise_uniform_coi_sd,random_noise_uniform_freq,random_noise_uniform_freq_sd,clustered_step_norm,random_step_norm,clustered_step_freq_norm,random_step_freq_norm
4,0.0625,0.13718261298547957,0.10389231681747617,0.1300387300819451,0.013640005859393123,0.04870208065494182,0.16103922571527654,0.05455805213247919,0.08132774008586241,0.11547093870141267,0.08809082915945704,0.11133455309328838,0.01363969275445352,0.04486062478796388,0.1601474234671978,0.05455762338332048,0.08073164361176882,0.1233326232004765,0.006302945022279665,0.09446512272164378,0.005344210778590229,0.12126389568136244,0.008141343941452517,0.013639722542319353,9.284937017849727e-08,0.04556144795919535,0.0008187460047437468,0.16093932283503987,0.0005035654504261844,0.0545577304844897,6.658273899734106e-08,0.08091555755835081,0.00011404931764412497,1.2212808824624515,1.0979800691989303,1.2636693282423486,1.1490039093238358
8,0.125,0.17471787010227033,0.12037128516634742,0.13242521219375117,0.0203253263597777,0.053936935703343625,0.1612397439761224,0.05748581758289805,0.08403822482015955,0.11431912669034865,0.0915126996031592,0.11324165536814136,0.02032416094697083,0.048172883173840886,0.15874585429982596,0.05748409503708662,0.08289140403450818,0.12854091107023274,0.006061371561556041,0.09985148800207347,0.005224641491205923,0.1256813144863006,0.007350272269855058,0.02032429617783578,8.359047420260432e-08,0.04926850376542548,0.0008307924247315747,0.16180885458000008,0.0012026364065901934,0.057484379870720276,1.0452512341850961e-07,0.08319677142448291,8.963615875171378e-05,1.5554419757483868,1.1443473330034744,1.4641073153952364,1.2145196741473951
12,0.1875,0.1984273411115539,0.13171251818980664,0.13943141223711428,0.02631444602622545,0.05861585433304385,0.16185048340351046,0.0607665413623595,0.0869770168019967,0.12316596390226721,0.0962020579569447,0.11553937491322198,0.026311647583712645,0.0520312126992242,0.17228106706502858,0.06076295376040473,0.08581381706032049,0.1472752520271497,0.012962321458635528,0.11331907853944911,0.003964739134728788,0.13154556067522316,0.0019523234424074208,0.026311933336862214,2.459315616638058e-07,0.05421389540244348,0.0007531955368018532,0.1661788561123383,0.004773788478147858,0.06076346219722871,4.0707158326862996e-07,0.08600029839899803,0.00020361620567382332,1.766517731245191,1.3111315336997955,1.6020536886710695,1.3783294880849137
16,0.25,0.2397362322582564,0.1445873424658674,0.15166230439651363,0.03223772310254621,0.06304456853013597,0.16750466464867503,0.06447083863002642,0.09006974078374388,0.1278159780520817,0.10071013801176636,0.11784242150764797,0.03223317895159979,0.05638044076366523,0.17205038525704053,0.06446521206182348,0.08880527383985959,0.15654611880937297,0.016194336100151047,0.1187754458096968,0.005584373452086117,0.13350540957659546,0.0019331463170719069,0.032233347808765744,2.286958489471899e-07,0.058179827864886076,0.001020415528624511,0.1649122798435869,0.0021376169909940275,0.06446513202714313,3.6945281697532023e-07,0.08883918495172707,0.00017061713070125532,2.134273950020016,1.3936662814974914,1.7586535320719168,1.4446967053561488
20,0.3125,0.25051617170122664,0.15200999218110098,0.1563041096463337,0.03840307940371943,0.0675551504749238,0.17080383218275597,0.06869200746318932,0.09353772416914771,0.12938196667135637,0.10545256389207222,0.12124630210864694,0.03839530500249278,0.06130027100306229,0.17188820807439567,0.06868254153008758,0.09216383663253573,0.17903886657431783,0.018056721354526302,0.12921899393434583,0.003609276505453813,0.14014456789265206,0.005020671693587345,0.03839539662975083,2.599534698393918e-07,0.06330475893318985,0.0006798289229767867,0.16603980125945347,0.0017082324452440502,0.06868203171842341,3.362004234645031e-07,0.09218919303884623,0.0001395984058176885,2.2302433565598663,1.5939100459334758,1.8489371552190101,1.571724303232587
24,0.375,0.27938424841711196,0.1630599203501984,0.16127905420735694,0.0450451086193318,0.0726105578474818,0.17515735841120053,0.07355221132943247,0.09749721648508466,0.1337085675386628,0.11171545505290711,0.12386097503071275,0.04503211992144682,0.0664241195884701,0.17151359908068942,0.07353617452322103,0.09589168669836001,0.2025908200393597,0.011095653427045242,0.13977320091672796,0.002032334313403132,0.14318780667043246,0.0038579718678513415,0.045033582280165185,4.57854695504264e-07,0.06905284004795809,0.0007568195335939866,0.17573939296258448,0.0048942892893401625,0.07353757528435756,6.111119977772736e-07,0.09613056033143658,0.00014407825336269433,2.487244075815024,1.8035834869441487,1.983340311624708,1.7000978736380747
28,0.4375,0.290100079737191,0.17173882251702807,0.15954352778708814,0.05240335182109082,0.0781968108914182,0.17285927579856772,0.07921921108567481,0.10194735104362007,0.1365084769043833,0.1174859975906077,0.12574680702546415,0.052381194162164905,0.07218519003578061,0.169884060195313,0.07919187844281479,0.10008119930098436,0.2211584698913353,0.017440608970840345,0.14661416294242174,0.0032899446413511882,0.14759966264084995,0.0035858226193915183,0.05238487310494873,9.05280282635606e-07,0.07461726352300627,0.0005348553147471647,0.17771191870186262,0.005458127392056797,0.07919637907290442,1.3494450424048723e-06,0.10051013527638768,0.00015948157290044385,2.5826427538697283,1.9688837046829288,2.0889040607738063,1.7833062778045483
32,0.5,0.31171644175224617,0.17753020990697116,0.16196878944395984,0.06076461246449478,0.08452017710810884,0.17476304413011912,0.08592619121796902,0.10711146803938643,0.13773926590054994,0.12366620402293577,0.12915468607608518,0.06072846948639541,0.07891987615841234,0.1692441449245132,0.08588197596256551,0.10497206869767202,0.2606287907644173,0.01696561174051301,0.15814092035501337,0.002158672106139611,0.15413090643949112,0.0042374199171544315,0.060736585563123884,2.2269974223846552e-06,0.08162950824972104,0.0005220655395712647,0.1824310714236168,0.004592645442619522,0.0858920692575705,2.9284069572487803e-06,0.10577356069544674,0.0001677214227288626,2.7750844132232264,2.320271881784177,2.1593462150815013,1.9235092325810075
36,0.5625,0.35637388457786573,0.186850486711726,0.17489475905963403,0.07051413556755684,0.09183203322625183,0.18706725848703382,0.0940106337387582,0.11319049649491675,0.24045775908143008,0.16020371054797167,0.15223022854150248,0.07046316113094872,0.0890195731253997,0.1769686525294494,0.09394917581947035,0.11159601441345089,0.28352543563973165,0.01654252236566833,0.16637185564713913,0.002803610456250699,0.15913035732105768,0.002821572715916982,0.07047169478524618,3.335066846355875e-06,0.08963138522247854,0.0004169336469329382,0.18223257848310082,0.004805171599535658,0.09395951984811536,4.076359130872919e-06,0.11189314706635059,0.0002107406620921221,3.1726514225960685,2.5241113775496724,2.2727111711214083,2.0236242438737113
40,0.625,0.3709188306990397,0.19375538672901435,0.17813242230917428,0.08221554497011171,0.10065569410512239,0.19055813731312282,0.10398699427873723,0.12048706109328369,0.29217788085715507,0.17555763514765724,0.1648091469360221,0.08214479954845844,0.09847898929393932,0.1833817412721821,0.1039030737475667,0.11915761226795386,0.3204652559955481,0.007887235068187183,0.17638202971730016,0.0013942411035576436,0.16764466944117984,0.0022066912411235983,0.08214747754454883,3.035579601617775e-06,0.09881046595187329,0.0001845988537265059,0.1922442582295762,0.0019694322243806964,0.10390636774269957,3.6382191276582367e-06,0.11926395713916224,0.00012070742102368469,3.302139148829395,2.852971540075744,2.3566972697446285,2.1453806001695557
44,0.6875,0.36300837736519503,0.19994260527704982,0.17971816689390946,0.0967343109374853,0.11113451149443591,0.19228539684005244,0.11665857505132068,0.129276645629255,0.33004258567927275,0.1919657057964052,0.17490942683561606,0.09664433494885707,0.11010757640759082,0.18974985248213744,0.1165539592826302,0.1283984111089481,0.3601806172349544,0.0057508538718940025,0.18774486371585117,0.0015453297242409428,0.1760095871591082,0.0029273539555784056,0.09663357725035562,5.288508058168974e-06,0.10953490626782225,0.00021764291866293233,0.2005072273904161,0.0028017665264211504,0.11654127859290454,6.2411574579884195e-06,0.1281600297547752,0.00013036719240401784,3.231715607405392,3.206541211670432,2.431954021598769,2.28358971173557
48,0.75,0.38576927229775654,0.21077450466681918,0.19053296779110246,0.11555599761786274,0.12420174884215306,0.2043150931000362,0.13342843816862887,0.14033731214744075,0.37570045262247587,0.2068466198623977,0.19238201487517365,0.1154275514422927,0.12354136307623986,0.20597563004914912,0.13328053059004846,0.13962105582892997,0.3975402622577243,0.004759827013888011,0.19963500060104006,0.002232719337352996,0.18765421209451805,0.0018771993454193272,0.11538646872255917,1.606128999608287e-05,0.12305204090294608,0.00024052155849607816,0.20886978237279652,0.0016779399945053104,0.13323323238757973,1.8250768876175266e-05,0.13930851558685153,0.00017214843245056126,3.4343465767674948,3.5391389020695923,2.563705237133853,2.4282125457494974
52,0.8125,0.43256575878270337,0.22146700403794647,0.21852327427394533,0.14141011101208265,0.14098646683704322,0.2315919502259846,0.15688194075722417,0.1546148501694984,0.4243883080970085,0.21825726139179377,0.20674898972729272,0.1412090517883824,0.14069514209141615,0.21866782636994134,0.1566533295456113,0.15410521629961352,0.43799876521263004,0.00609974505821992,0.21334772739938607,0.0016181299326171155,0.2054474017737782,0.0020115211114355982,0.1410897807738611,1.849472850665358e-05,0.14006984291806218,0.00020701401667521275,0.22755264661146324,0.002226704992472617,0.1565219432623085,2.061096789471697e-05,0.15366428075934171,0.00014466032407367072,3.850956619882269,3.89932446142402,2.693760893908573,2.5950040159222163
