temperature_step,temperature,current_energy,best_energy,current_D,best_E_D,best_D,accepted,acceptance_rate,new_bests,infeasible_proposals,blackbox_calls,security_pct,raw_DD,raw_S,raw_V,raw_N,raw_P,raw_C,z_DD,z_S,z_V,z_N,z_P,z_C,sizes,n_covered,n_overlap
1,0.039955193936851506,-0.025557047149335477,-0.048855547680553134,7.042769556526323,7.1475382587124425,7.042769556526323,11,0.44,2,3,66,83.50733333333334,7.042769556526323,-0.2451868238209779,0.01547767220853087,9046.0,0.43126223183320933,6.03901162028267,-0.02584312073962198,0.1853491125596762,-0.064469360912272,0.24667954520766083,0.010379271149011174,0.013385298079441452,16|41|13|41|6|14|39|41|42|6|5,115,63
2,0.039156090058114476,0.04069700252131175,-0.048855547680553134,6.836361637951488,7.1475382587124425,6.816525128873951,11,0.44,0,3,91,83.43266666666668,6.836361637951488,-0.24282283635776844,0.015425267412282397,9104.0,2.947871262868308,6.092582625460096,-0.07741793947775685,0.37299227179275113,-0.07284322726217136,0.30149722192047435,0.07094698513159266,0.023364091738384,15|39|14|44|6|12|38|42|42|5|7,114,64
3,0.03837296825695219,-0.3708150780668849,-0.38301294912261746,6.65954130427988,6.66216825239294,6.595477844830934,15,0.6,7,1,116,83.21066666666667,6.65954130427988,-0.24632316650052974,0.014565242255175796,9531.0,2.9971905131875136,6.151527785350944,-0.12159975537559695,0.09515111714687512,-0.21026835318033213,0.7050687384096359,0.07213396102269495,0.03434394148725527,13|40|11|50|6|12|38|42|41|6|6,115,66
4,0.03760550889181315,-0.4967973835288825,-0.5151456382426426,6.664627649034283,6.663904865108596,6.476175668804283,11,0.44,3,0,141,83.21066666666667,6.664627649034283,-0.24264460779305824,0.01365137217161076,9679.0,3.367051328257024,6.1555241314786056,-0.1203288384914036,0.3871392888426613,-0.35629746671148244,0.8449483272630222,0.08103547245503714,0.035088350020669394,12|42|10|50|5|11|37|42|42|8|8,116,67
5,0.03685339871397688,-0.5698468045448855,-0.5698468045448855,6.655206117623482,6.655206117623482,6.476175668804283,14,0.56,5,0,166,83.29133333333334,6.655206117623482,-0.24153287186935357,0.01311564788366066,10293.0,3.236609979067481,6.1547699539857375,-0.12268298157904635,0.47538410579005214,-0.44190191341935253,1.4252595945331514,0.07789611539488835,0.03494786765416116,9|41|10|55|5|11|41|40|43|7|9,118,68
6,0.03611633073969734,-0.8819271096701398,-0.8942212578316441,6.3432616026152555,6.341419729792819,6.337621285756621,17,0.68,9,2,191,83.08733333333333,6.3432616026152555,-0.24447976805106134,0.012495870091291335,10847.0,4.320457784866928,6.321073543938704,-0.20062806202455122,0.2414721591011299,-0.5409374363384535,1.9488629203762324,0.10398128917148754,0.0659256177147728,5|43|7|53|5|12|43|45|44|6|10,121,69
7,0.03539400412490339,-0.8643739822774029,-0.8942212578316441,6.329033357429667,6.341419729792819,6.272101094538585,7,0.28,0,4,216,83.08733333333333,6.329033357429667,-0.2441160259865792,0.012556500748903649,10694.0,4.384254284641285,6.331686111219878,-0.20418325104770108,0.27034444001954294,-0.5312491432832768,1.8042576697372588,0.10551669181201362,0.06790244489469485,6|43|6|53|5|12|42|45|43|6|11,119,69
8,0.03468612404240532,-0.8321577636135872,-0.9088669750586869,6.3355834481255044,6.339879491379481,6.272101094538585,11,0.44,1,1,241,83.12866666666667,6.3355834481255044,-0.24363121335771698,0.012506098600178522,10867.0,5.302532258250961,6.332170666002976,-0.20254659029026179,0.3088267817119522,-0.5393030026126939,1.967765567518582,0.12761706456606803,0.06799270402238852,5|42|6|54|5|12|42|45|44|6|14,119,71
9,0.033992401561557216,-0.7788340019019777,-0.9088669750586869,6.3658833483820745,6.339879491379481,6.272101094538585,9,0.36,0,5,266,83.12866666666667,6.3658833483820745,-0.24257994701530528,0.012387107441676086,11181.0,6.291284908196557,6.337351611626103,-0.19497560234413028,0.392271783327028,-0.5583168358770134,2.264537127653469,0.15141356492146596,0.06895777061317124,5|43|5|54|5|11|41|47|45|7|16,121,72
10,0.03331255353032607,-0.7511096185932641,-0.9088669750586869,6.350980288249074,6.339879491379481,6.163657214220242,14,0.56,0,1,291,83.08733333333333,6.350980288249074,-0.2422009467136048,0.012313846529646112,11633.0,6.0485942736848415,6.337565832192455,-0.19869940630625563,0.4223551975025062,-0.5700233423406966,2.6917369530705675,0.14557268270413126,0.06899767396801876,5|43|5|57|5|11|42|49|43|6|17,123,73
11,0.03264630245971955,-0.624362189665883,-0.9088669750586869,6.391833878637556,6.339879491379481,6.163657214220242,8,0.32,0,3,316,83.05333333333333,6.391833878637556,-0.24080193923611096,0.01226232432890204,12158.0,8.364517543911717,6.337492213243261,-0.188491384571256,0.5334023950672667,-0.5782561770041098,3.187931440557241,0.20131045385049484,0.06898396079797539,5|44|5|56|5|11|42|52|45|6|19,127,75
12,0.03199337641052516,-0.6369750188038171,-0.9088669750586869,6.408858428503089,6.339879491379481,6.163657214220242,6,0.24,0,4,341,83.00266666666667,6.408858428503089,-0.24030012124472935,0.012165353526455118,12092.0,8.401424046468678,6.337505805071877,-0.18423748733962,0.5732345493101664,-0.5937513338917144,3.1255527049874883,0.20219868975182118,0.06898649257897806,5|45|5|55|5|11|40|51|47|6|20,127,75
13,0.031353508882314654,-1.3629641734319307,-1.3849635218571774,6.519119065858515,6.506288040551995,6.163657214220242,11,0.44,3,6,366,82.91266666666667,6.519119065858515,-0.23412761907958712,0.0090105518630268,12096.0,8.316950840504271,6.4486264818130845,-0.15668683703113603,1.0631812282438275,-1.0978633499890773,3.129333234415958,0.20016565684327298,0.08968519518442802,5|43|5|58|5|9|40|51|46|7|19,126,75
14,0.03072643870466836,-1.2274660348097999,-1.3849635218571774,6.553134318520013,6.506288040551995,6.163657214220242,11,0.44,0,6,391,82.91266666666667,6.553134318520013,-0.2320490768590118,0.0090408176635158,12486.0,8.128824148992095,6.451172689061116,-0.14818749988137167,1.2281669715855332,-1.0930271176895385,3.497934853691773,0.19563797554535114,0.09015948303205869,5|44|5|58|5|8|42|53|45|7|20,129,77
15,0.03011190993057499,-1.1749567862747623,-1.3849635218571774,6.551836138499895,6.506288040551995,6.163657214220242,10,0.4,0,7,416,82.94666666666667,6.551836138499895,-0.23095806371935168,0.008988676587349496,12697.0,8.175807623794784,6.512259994738835,-0.1485118740608574,1.314766903047387,-1.1013588436843567,3.6973577810435603,0.19676873587747418,0.10153835517604386,5|46|5|58|5|8|44|51|46|8|19,133,77
16,0.02950967173196349,-1.1453631875150947,-1.3849635218571774,6.580584002995814,6.506288040551995,6.104107631783448,13,0.52,0,2,441,82.94666666666667,6.580584002995814,-0.23092398723534782,0.009032891668175884,12767.0,8.085873467779754,6.5272259033276345,-0.14132869082485205,1.3174717478122397,-1.0942936282079974,3.7635170460417835,0.19460427323285642,0.10432608919805095,5|49|5|55|5|7|45|50|48|8|18,133,79
17,0.02891947829732422,-1.203091399692198,-1.3849635218571774,6.5885247859292795,6.506288040551995,6.104107631783448,10,0.4,0,4,466,82.94666666666667,6.5885247859292795,-0.2300589733126743,0.008727620209624655,12841.0,7.818395980032623,6.524452488165462,-0.13934454000709232,1.386132833269389,-1.1430735601483177,3.8334568404684766,0.18816684104737932,0.10380947881259632,6|49|5|54|5|6|44|51|49|8|20,134,80
18,0.028341088731377733,-1.1686848331227213,-1.3849635218571774,6.634088542948719,6.506288040551995,6.104107631783448,14,0.56,0,4,491,82.94666666666667,6.634088542948719,-0.2291483367072544,0.008559557136825787,13263.0,7.850203977010116,6.527924046918458,-0.12795959641805052,1.4584152510967179,-1.1699286919438572,4.23230269517205,0.1889323702334918,0.1044561340014678,6|51|5|57|5|6|44|51|49|8|17,134,83
19,0.027774266956750178,-1.112751892352534,-1.3849635218571774,6.700651452682,6.506288040551995,6.104107631783448,9,0.36,0,7,516,82.94666666666667,6.700651452682,-0.22847271322970364,0.008480722365044947,13604.0,7.850203977010116,6.586464637436491,-0.11132762789726844,1.5120433374350206,-1.1825258565142054,4.55459282894911,0.1889323702334918,0.11536062368795683,6|51|5|58|5|7|46|50|50|8|18,136,84
20,0.027218781617615175,-1.358285111218795,-1.4456524685320076,6.721028416271372,6.700651452682,6.104107631783448,14,0.56,1,2,541,82.988,6.721028416271372,-0.22518197010226337,0.007093955757370201,14103.0,8.871145208496234,6.613450697277332,-0.10623606837372047,1.7732483760688105,-1.404120043735383,5.026213875150729,0.21350355937694096,0.12038737877548515,5|51|5|60|5|7|47|49|52|8|20,137,85
21,0.02667440598526287,-1.1896129073674375,-1.4456524685320076,6.748261302102918,6.700651452682,6.104107631783448,12,0.48,0,3,566,82.954,6.748261302102918,-0.22422925414559502,0.007476591656413009,14062.0,9.3254453523313,6.6153854722695264,-0.09943143045005907,1.8488708718490137,-1.3429778943781767,4.987463448508913,0.22443728838876542,0.12074777373838803,6|49|5|58|5|8|47|50|54|9|21,138,86
22,0.02614091786555761,-1.0872032484681566,-1.4456524685320076,6.72881799346976,6.700651452682,6.104107631783448,12,0.48,0,3,591,82.954,6.72881799346976,-0.22328595915582558,0.007518272456840053,14410.0,11.27707853712656,6.616827342235819,-0.10428969909279612,1.9237455717887344,-1.3363176365941754,5.316369508785794,0.2714076199253152,0.121016354154772,6|51|5|58|5|7|48|50|53|11|24,138,87
23,0.025618099508246457,-1.0463781166596922,-1.4456524685320076,6.763118647551125,6.700651452682,6.104107631783448,10,0.4,0,6,616,82.954,6.763118647551125,-0.22293778195685618,0.007369324519071779,15110.0,11.280209385938523,6.615114902605912,-0.09571904914360586,1.9513823806146333,-1.3601183230437675,5.977962158768026,0.27148297066634297,0.12069737410831509,6|50|5|63|5|7|50|50|53|11|24,139,90
24,0.02510573751808153,-0.9595018130529481,-1.4456524685320076,6.789607679691083,6.700651452682,6.104107631783448,10,0.4,0,4,641,82.954,6.789607679691083,-0.22259684819944592,0.007333068195753723,15848.0,11.842033410443378,6.634463048091575,-0.08910027676026025,1.9784442361977466,-1.3659117928697853,6.675469838320722,0.2850044976119714,0.1243013974199029,5|52|5|65|5|8|52|49|55|11|23,140,92
25,0.024603622767719897,-0.9680305778916827,-1.4456524685320076,6.811757485271051,6.700651452682,6.104107631783448,8,0.32,0,10,666,82.954,6.811757485271051,-0.22294569882937623,0.007174046535399298,16453.0,11.246795085952778,6.64074367165727,-0.08356574002465728,1.9507539733180517,-1.3913221794350392,7.247274914376795,0.27067878227652686,0.1254713035361683,5|53|5|69|5|7|52|49|55|10|23,141,94
26,0.024111550312365497,-0.9826873460559525,-1.4456524685320076,6.8001210029751515,6.700651452682,6.104107631783448,11,0.44,0,6,691,82.954,6.8001210029751515,-0.22303514931418256,0.0071167948510455,16579.0,11.209403927421628,6.626129811617608,-0.08647332937154051,1.943653778488253,-1.4004705396502417,7.366361591373596,0.26977888206657624,0.12274914640259456,5|55|5|70|5|7|51|47|56|10|22,141,95
27,0.023629319306118186,-1.4262057606924208,-1.4456524685320076,6.72555598561966,6.700651452682,6.104107631783448,16,0.64,0,1,716,82.954,6.72555598561966,-0.21795910290630524,0.004924115107524326,16746.0,17.108032801277275,6.493372790834641,-0.1051047718126458,2.3465685143788844,-1.750843185568375,7.524198695012214,0.4117423186255476,0.0980201925070757,5|56|5|73|5|7|49|47|55|9|21,144,95
28,0.023156732919995822,-1.4186705966716509,-1.4456524685320076,6.745663225440428,6.700651452682,6.104107631783448,9,0.36,0,5,741,82.954,6.745663225440428,-0.21797981050947832,0.004905336440236724,16859.0,17.042515533282863,6.487388152919821,-0.10008060773870628,2.3449248338856448,-1.753843866066206,7.630998651366489,0.41016550192503154,0.0969054203149601,5|55|5|75|5|7|49|48|54|8|20,144,95
29,0.022693598261595904,-1.4272584283630523,-1.4456524685320076,6.744056121725472,6.700651452682,6.104107631783448,7,0.28,0,3,766,82.954,6.744056121725472,-0.21805235589316105,0.00488221333108948,16928.0,16.673665352385193,6.487386638040562,-0.10048217219109995,2.339166493287881,-1.7575387535470213,7.696212784007595,0.40128831361984424,0.09690513813493572,5|55|5|75|5|7|47|48|56|8|21,144,96
30,0.022239726296363987,-1.3639415560124064,-1.4456524685320076,6.813494402773371,6.700651452682,6.104107631783448,12,0.48,0,4,791,82.954,6.813494402773371,-0.21715626404111024,0.004927649445450059,16715.0,17.966540678906334,6.492274174284517,-0.0831317392074224,2.410294411137982,-1.7502784267000238,7.494899591941572,0.43240419297423927,0.09781555068959098,5|53|5|75|5|7|47|49|55|9|21,143,96
31,0.021794931770436708,-1.3274573346680545,-1.4456524685320076,6.811588040876391,6.700651452682,6.104107631783448,9,0.36,0,6,816,82.954,6.811588040876391,-0.21639973084335307,0.005005551973013223,16542.0,17.807111947788776,6.495584134033702,-0.08360807882639093,2.470344763139057,-1.7378302272825457,7.331391694160249,0.4285671910133258,0.09843210446242269,6|53|5|75|6|8|45|48|55|8|23,145,96
32,0.021359033135027974,-1.3188689515007674,-1.4456524685320076,6.816551239388156,6.700651452682,6.104107631783448,10,0.4,0,8,841,82.954,6.816551239388156,-0.2164361747554862,0.004911217718912713,16942.0,17.807111947788776,6.507792477859516,-0.08236793229822918,2.467452002109694,-1.752904084879657,7.709444637007239,0.4285671910133258,0.10070618058908368,6|53|5|77|6|8|44|48|55|7|27,146,98
33,0.020931852472327414,-1.4964885348179775,-1.4964885348179775,6.599335283501523,6.599335283501523,6.104107631783448,6,0.24,2,5,866,82.954,6.599335283501523,-0.2177954818982392,0.004811796444848329,16900.0,16.25301887288495,6.34725469602296,-0.13664333815104363,2.3595560463976586,-1.768790807488108,7.669749078008305,0.3911645338257014,0.07080244079354282,6|52|5|78|6|7|44|46|56|7|27,144,97
34,0.020513215422880867,-1.540114669939952,-1.540114669939952,6.587570780348941,6.587570780348941,6.104107631783448,9,0.36,5,5,891,82.954,6.587570780348941,-0.21785632865794655,0.004833975860299464,16405.0,16.371058326645716,6.347294923400884,-0.13958291586602656,2.3547262922647483,-1.7652467146950344,7.201908561235156,0.39400541208127277,0.07080993403923462,6|52|5|75|6|7|44|45|56|7|28,143,96
35,0.02010295111442325,-1.524048292799726,-1.5570297317864663,6.707884522087611,6.583160632865396,6.104107631783448,8,0.32,2,6,916,82.882,6.707884522087611,-0.21796173937737653,0.004777419661466747,16436.0,16.789030967272303,6.350538868337604,-0.1095203123345203,2.3463592426425732,-1.774283941899163,7.231207664305797,0.4040648400805449,0.07141419108196294,6|53|5|75|5|7|43|46|55|6|29,144,96
36,0.019700892092134784,-1.513920208160419,-1.5570297317864663,6.712180578041217,6.583160632865396,6.104107631783448,7,0.28,0,6,941,82.882,6.712180578041217,-0.21789000076757156,0.004792982342892571,16579.0,15.768022323945353,6.35059163390326,-0.10844686365761912,2.3520535449992015,-1.7717971501618568,7.366361591373596,0.379492028523346,0.07142401984456014,6|55|5|75|5|7|42|46|56|7|27,144,98
37,0.019306874250292087,-1.5114566891928778,-1.5570297317864663,6.72217015888253,6.583160632865396,6.104107631783448,12,0.48,0,6,966,82.84200000000001,6.72217015888253,-0.2180693650347849,0.0047984737802140584,16655.0,15.618754392731912,6.349993253564962,-0.10595078296111275,2.337816380768328,-1.7709196624986867,7.438191650514524,0.3758995684896201,0.07131255817036407,6|55|5|74|5|7|44|48|55|5|27,145,99
38,0.018920736765286245,-1.5488030292346273,-1.5764394521117582,6.729893748191386,6.733843393887337,6.104107631783448,14,0.56,3,5,991,82.84200000000001,6.729893748191386,-0.21873993198716066,0.004586702504690733,17270.0,15.360510936867534,6.34996964802445,-0.10402090196932516,2.284589659654397,-1.8047590147131654,8.01944805014177,0.3696843735269629,0.07130816111234356,6|55|5|77|5|5|45|49|55|5|27,147,101
39,0.018542322029980518,-1.5560878132800198,-1.5764394521117582,6.682849556785076,6.733843393887337,6.104107631783448,11,0.44,0,6,1016,82.954,6.682849556785076,-0.2186918375295658,0.004566520025423967,17337.0,15.600709270564494,6.347698434766234,-0.11577575934696444,2.2884071908829453,-1.8079840131119416,8.082771918068643,0.3754652730608353,0.07088509702414644,6|55|5|79|6|5|44|50|52|5|28,148,101
40,0.018171475589380908,-1.5698875585233276,-1.5764394521117582,6.719578190871036,6.733843393887337,6.104107631783448,9,0.36,0,2,1041,82.954,6.719578190871036,-0.2183477098833107,0.004465847955000927,17285.0,15.096771905896627,6.417674379603176,-0.10659843389083916,2.3157225636282313,-1.8240706029517932,8.033625035498533,0.3633369155003504,0.08391967631390806,7|54|5|79|5|5|44|51|51|5|29,148,100
41,0.01780804607759329,-1.5393767806621583,-1.5764394521117582,6.651145440200776,6.733843393887337,6.104107631783448,6,0.24,0,4,1066,82.954,6.651145440200776,-0.21803663735937515,0.004515541863977536,17544.0,15.241834116400685,6.344214565595773,-0.12369761659632736,2.340414162907116,-1.8161299146567536,8.27841431599196,0.36682815564418675,0.07023614874565806,7|56|5|80|5|5|45|49|52|5|27,149,101
42,0.017451885156041423,-1.457162340239575,-1.5764394521117582,6.560733255507343,6.733843393887337,6.104107631783448,8,0.32,0,6,1091,82.954,6.560733255507343,-0.2174445920884695,0.00467390324700457,17792.0,15.846324950430317,6.3440572193129405,-0.1462887655671551,2.3874081706041412,-1.7908250351154607,8.512807140557094,0.3813765529077616,0.07020683949368145,7|57|5|81|5|5|44|48|53|5|28,149,101
43,0.017102847452920594,-1.4569360983639499,-1.5764394521117582,6.598812397486831,6.733843393887337,6.104107631783448,12,0.48,0,4,1116,82.954,6.598812397486831,-0.21725808016516737,0.004607871265212209,17801.0,16.137390964679636,6.344688366802935,-0.1367739908489374,2.402212685039059,-1.8013764164761759,8.52131333177115,0.3883816947012216,0.07032440478016726,6|55|5|81|5|5|47|47|53|6|29,149,101
44,0.016760790503862182,-1.4348929479032728,-1.5764394521117582,6.60540796684091,6.733843393887337,6.104107631783448,8,0.32,0,5,1141,82.954,6.60540796684091,-0.21647339451283207,0.004610225549817555,17680.0,16.137390964679636,6.344004953679753,-0.13512596641140542,2.4644976578236277,-1.8010002206688052,8.406952316559936,0.3883816947012216,0.07019710385464863,6|53|5|81|5|5|47|48|53|6|29,150,102
45,0.016425574693784938,-1.4036707776121602,-1.5764394521117582,6.586947884138022,6.733843393887337,6.104107631783448,11,0.44,0,1,1166,82.954,6.586947884138022,-0.21580079123846596,0.0046600824910848215,17580.0,16.35922446439466,6.343886565045744,-0.13973855795278692,2.5178860134205814,-1.7930334811206279,8.312439080848188,0.3937206042405267,0.07017505133302004,6|57|5|81|5|5|48|43|51|8|29,151,102
46,0.01609706319990924,-1.3778403728786894,-1.5764394521117582,6.666264716437694,6.733843393887337,6.104107631783448,4,0.16,0,0,1191,82.954,6.666264716437694,-0.2153813144292215,0.0047177636399265135,17277.0,16.330163741986585,6.342992671711401,-0.1199197870597724,2.5511822787082052,-1.7838164959229599,8.026063976641593,0.39302119424031084,0.0700085437771702,5|57|5|79|5|6|48|43|51|9|29,151,102
47,0.015775121935911057,-1.2935979084279219,-1.5764394521117582,6.67454282699654,6.733843393887337,6.104107631783448,6,0.24,0,4,1216,82.954,6.67454282699654,-0.21480006154904216,0.004704733017675091,17662.0,18.563964413175384,6.343008518244677,-0.11785134872409901,2.5973196328387136,-1.7858986849018479,8.38993993413182,0.44678250498750044,0.07001149554716676,5|58|5|79|5|6|48|44|51|9|32,152,104
48,0.015459619497192835,-1.2913222694357984,-1.5764394521117582,6.619369988717099,6.733843393887337,6.104107631783448,13,0.52,0,0,1241,82.954,6.619369988717099,-0.21506224481595637,0.004644446373628214,18216.0,18.00795341417962,6.343697861510054,-0.13163729818368308,2.5765086525490637,-1.7955320073469707,8.913543259974903,0.4334008812457731,0.07013990109383515,5|56|5|82|5|6|52|44|50|9|32,151,107
49,0.015150427107248978,-1.4091909749659757,-1.5764394521117582,6.613704502259705,6.733843393887337,6.104107631783448,7,0.28,0,4,1266,82.954,6.613704502259705,-0.21574319760669233,0.004434841978891861,18018.0,17.698472173987938,6.343659957361533,-0.13305292428524426,2.5224575482471825,-1.8290251093819765,8.726407053265643,0.4259525366647339,0.0701328406013979,5|57|5|80|5|5|53|44|48|8|34,150,107
50,0.014847418565103998,-1.414456422858533,-1.5764394521117582,6.615813462337962,6.733843393887337,6.104107631783448,8,0.32,0,2,1291,82.954,6.615813462337962,-0.21550100945433848,0.004447398644840678,17916.0,16.88600545236004,6.343659957105074,-0.13252596178054454,2.541681402325833,-1.8270186548208867,8.630003552839659,0.406398743680178,0.07013284055362673,6|56|5|80|5|5|53|44|48|8|34,151,108
51,0.014550470193801918,-1.4517266935549777,-1.5764394521117582,6.632566982261327,6.733843393887337,6.104107631783448,8,0.32,0,1,1316,82.954,6.632566982261327,-0.21569935129277457,0.00448663399589897,17428.0,16.88600545236004,6.343646910371807,-0.1283397863700308,2.525937880098471,-1.8207491602426475,8.168778962566332,0.406398743680178,0.07013041030878132,5|55|5|76|5|6|54|44|48|8|36,151,106
52,0.01425946078992588,-1.4919143090535498,-1.5764394521117582,6.619940420683924,6.733843393887337,6.104107631783448,7,0.28,0,5,1341,83.0,6.619940420683924,-0.21617465390624827,0.0043420591886196205,17725.0,16.901456624560947,6.341268977488487,-0.13149476525425596,2.488210402532724,-1.843851055496272,8.449483272630221,0.4067706100157984,0.06968746731193302,5|55|5|77|5|5|55|45|49|8|34,151,106
53,0.013974271574127362,-1.471748863556039,-1.5764394521117582,6.598199527682591,6.733843393887337,6.104107631783448,11,0.44,0,1,1366,83.0,6.598199527682591,-0.21598036064465098,0.004317638056520428,17997.0,16.901456624560947,6.341094268362517,-0.13692712765338744,2.5036325661402734,-1.847753356639516,8.706559273766175,0.4067706100157984,0.0696549238434539,5|57|5|78|5|5|55|43|49|8|35,154,106
54,0.013694786142644815,-1.460157459931498,-1.5764394521117582,6.597878325393594,6.733843393887337,6.104107631783448,9,0.36,0,3,1391,83.0,6.597878325393594,-0.21585898419385485,0.004336250846704696,18039.0,16.64910011021183,6.340808050159438,-0.1370073859591136,2.5132669068626066,-1.844779181973083,8.746254832765109,0.40069709720779106,0.0696016093241445,5|62|5|76|5|5|54|43|49|8|33,154,106
55,0.013420890419791918,-1.4721004565368685,-1.5764394521117582,6.517441567622281,6.733843393887337,6.104107631783448,8,0.32,0,0,1416,83.0,6.517441567622281,-0.21549116363770937,0.0044048659615523655,17740.0,16.64910011021183,6.3396137566488155,-0.15710599085074067,2.5424629209109644,-1.8338150366572021,8.463660257986984,0.40069709720779106,0.06937914554040087,5|61|5|76|5|5|53|41|50|8|33,153,105
56,0.01315247261139608,-1.499941620629305,-1.5764394521117582,6.501479855498063,6.733843393887337,6.104107631783448,7,0.28,0,1,1441,83.0,6.501479855498063,-0.21543780978187366,0.004406958815930403,17469.0,16.564264568605367,6.339557758692848,-0.1610943185042574,2.546697920555458,-1.833480615304462,8.207529389208148,0.39865534389759805,0.0693687146730675,5|60|5|76|5|5|52|40|51|8|32,154,103
57,0.012889423159168158,-1.526119559334825,-1.5764394521117582,6.4736259990485285,6.733843393887337,6.104107631783448,10,0.4,0,2,1466,83.07266666666666,6.4736259990485285,-0.21592185205223594,0.004364032275292081,17689.0,15.979703776695217,6.339048267939593,-0.16805411736983217,2.508276726608085,-1.840339932388045,8.415458507773993,0.38458660679413037,0.06927381066518054,5|60|5|76|5|5|52|40|52|7|34,155,104
58,0.012631634695984795,-1.5389501221874917,-1.5764394521117582,6.4415526116786825,6.733843393887337,6.104107631783448,10,0.4,0,3,1491,82.968,6.4415526116786825,-0.21637539561287947,0.004340638951208454,17792.0,16.88246792581985,6.339708602658818,-0.1760682437237979,2.472276389087924,-1.8440779980495805,8.512807140557094,0.4063136053479819,0.06939681272361038,5|58|5|76|5|5|52|40|54|6|36,155,106
59,0.012379002002065098,-1.5733098031451505,-1.5810216842986644,6.408494344084031,6.409531468791157,6.104107631783448,11,0.44,2,2,1516,82.968,6.408494344084031,-0.2162171185513978,0.004392060233073715,17276.0,16.88246792581985,6.339217621950727,-0.18432846053506705,2.484839741606818,-1.8358612894140085,8.025118844284476,0.4063136053479819,0.06930535662417127,5|59|5|73|5|5|52|39|53|6|36,154,105
60,0.012131421962023796,-1.562187604023501,-1.5810216842986644,6.413036073860763,6.409531468791157,6.104107631783448,8,0.32,0,0,1541,82.968,6.413036073860763,-0.21613073446635334,0.004349566770596768,17489.0,16.88246792581985,6.339302184598841,-0.18319362573023074,2.491696538809624,-1.8426514040790722,8.226432036350499,0.4063136053479819,0.06932110830204233,5|61|5|74|5|5|51|39|53|6|35,154,107
61,0.01188879352278332,-1.5903849433596793,-1.5923838445558383,6.429476388604263,6.421112187137853,6.104107631783448,8,0.32,2,0,1566,82.968,6.429476388604263,-0.21606625111315478,0.004387296583789283,16990.0,16.88246792581985,6.341876919924972,-0.1790857104004878,2.496814950095821,-1.8366224823829975,7.754810990148878,0.4063136053479819,0.06980071014002828,5|60|5|72|5|5|50|40|51|6|37,153,106
62,0.011651017652327653,-1.5868376356225928,-1.6004559374152,6.395194151158636,6.402295734876661,6.104107631783448,9,0.36,2,1,1591,82.968,6.395194151158636,-0.2160755293741128,0.004391403278655745,17091.0,17.01645849219304,6.341994287430695,-0.1876517586141607,2.496078481639262,-1.8359662654636812,7.850269358217743,0.40953838210129323,0.06982257245375559,5|60|5|71|5|5|52|40|50|5|39,154,108
63,0.0114179972992811,-1.5766261285298957,-1.6004559374152,6.42498330817681,6.402295734876661,6.104107631783448,8,0.32,0,1,1616,82.968,6.42498330817681,-0.21605611099719743,0.0043880582598039486,17122.0,17.048626438201776,6.339304377197501,-0.18020838926969843,2.497619828896085,-1.8365007726616487,7.879568461288385,0.4103125742500288,0.0693215167224095,5|59|5|71|5|5|52|43|49|5|39,154,110
64,0.011189637353295478,-1.5481248716792961,-1.6004559374152,6.38923583870199,6.402295734876661,6.104107631783448,10,0.4,0,0,1641,82.92800000000001,6.38923583870199,-0.21549292583687674,0.0042884318085190725,17473.0,17.52004616951845,6.4259926162159635,-0.1891405526830049,2.542323045118851,-1.8524202809451797,8.211309918636617,0.4216583236691946,0.08546913327276762,5|58|5|73|5|5|53|42|49|5|41,155,111
65,0.010965844606229569,-1.5552211609191395,-1.6004559374152,6.380742315254523,6.402295734876661,6.104107631783448,11,0.44,0,1,1666,82.92800000000001,6.380742315254523,-0.21563223169409487,0.0042890365702390075,17580.0,16.726395154479675,6.423834607918112,-0.19126281589497757,2.5312655452146027,-1.852323644870263,8.312439080848188,0.40255737191703356,0.08506715613145344,5|57|5|73|5|5|53|42|52|5|40,155,111
66,0.010746527714104977,-1.5440989024357143,-1.6004559374152,6.389455114838779,6.402295734876661,6.104107631783448,6,0.24,0,1,1691,82.92800000000001,6.389455114838779,-0.21554438763142525,0.0042942540394614774,17618.0,16.726395154479675,6.425981364678781,-0.18908576250302248,2.5382382291631114,-1.8514899351131155,8.348354110418652,0.40255737191703356,0.0854670374232027,5|56|5|74|5|5|51|42|54|5|40,156,110
67,0.010531597159822877,-1.5548365567364286,-1.6004559374152,6.389043849120943,6.402295734876661,6.104107631783448,6,0.24,0,2,1716,82.92800000000001,6.389043849120943,-0.21542017675415684,0.004288415311275147,17487.0,16.616921908197444,6.425981364678781,-0.18918852481464815,2.5480975544702402,-1.8524229170725126,8.224541771636263,0.39992265822579337,0.0854670374232027,5|55|5|74|5|5|50|42|54|5|41,157,109
68,0.01032096521662642,-1.5366013105270713,-1.6004559374152,6.379925901052865,6.402295734876661,6.104107631783448,4,0.16,0,2,1741,82.92800000000001,6.379925901052865,-0.21535435164872913,0.004289749513791561,17592.0,17.243536560278965,6.426092699503315,-0.19146681201468288,2.5533224682785973,-1.8522097222057077,8.323780669133598,0.4150035136771299,0.08548777601560743,5|56|5|74|5|5|51|41|53|5|42,159,108
69,0.01011454591229389,-1.5085042918322429,-1.6004559374152,6.395982804720881,6.402295734876661,6.019106295739699,9,0.36,0,0,1766,82.92800000000001,6.395982804720881,-0.21518172547041498,0.004305169043183136,17703.0,17.401785324064743,6.425133228311783,-0.18745469900132788,2.567024791987718,-1.8497458050159303,8.428690360773638,0.4188121171371325,0.0853090531223129,5|56|5|75|5|5|50|43|52|5|42,160,108
70,0.009912254994048013,-1.5509245055860632,-1.6004559374152,6.443269869190391,6.402295734876661,6.019106295739699,9,0.36,0,2,1791,82.99133333333334,6.443269869190391,-0.21540771461493471,0.004250563501471546,17437.0,17.191835745665806,6.423536540279317,-0.17563915531718746,2.5490867454921196,-1.858471332849082,8.177285153780389,0.41375922021972766,0.08501163439065182,5|56|5|74|5|5|49|43|51|5|43,161,106
71,0.009714009894167052,-1.5686694359264182,-1.6004559374152,6.364579397724919,6.402295734876661,6.019106295739699,6,0.24,0,4,1816,82.99133333333334,6.364579397724919,-0.21561646845646074,0.004268205924039103,17479.0,17.243835449788815,6.4232014303253955,-0.19530141842352597,2.532516763233075,-1.8556522151490784,8.216980712779323,0.41501070710849797,0.08494921269309057,5|58|5|74|5|5|50|42|49|5|43,161,107
72,0.00951972969628371,-1.5371147088228536,-1.6004559374152,6.444566161082605,6.402295734876661,6.019106295739699,11,0.44,0,2,1841,82.99133333333334,6.444566161082605,-0.21594196475368968,0.0042169654615967335,17891.0,17.461108514923573,6.4157758557298425,-0.17531525292122183,2.506680266855135,-1.8638400302903682,8.606375243911723,0.42023985979090256,0.08356603392982681,5|57|5|75|5|5|53|43|47|5|45,161,107
73,0.009329335102358036,-1.5567537729241858,-1.6004559374152,6.431018457382179,6.402295734876661,6.019106295739699,8,0.32,0,6,1866,82.99133333333334,6.431018457382179,-0.21604263820330763,0.004229118388431678,17829.0,16.60321238527291,6.41621722622423,-0.178700396124505,2.4986892413394766,-1.8618980900031963,8.54777703777044,0.39959270849856493,0.08364824902129377,5|57|5|73|5|5|55|42|49|5|44,160,107
74,0.009142748400310876,-1.5949033322709152,-1.6004559374152,6.457223970431681,6.402295734876661,6.019106295739699,7,0.28,0,2,1891,83.03133333333334,6.457223970431681,-0.21645888485893333,0.004226971223499039,17613.0,16.60321238527291,6.340237098634715,-0.17215246620592553,2.465649371755833,-1.8622411897471942,8.343628448633064,0.39959270849856493,0.0694952568777865,5|56|5|73|5|5|55|42|47|5|45,159,107
75,0.008959893432304657,-1.605223759002696,-1.605223759002696,6.478764184942566,6.478764184942566,6.019106295739699,5,0.2,2,7,1916,83.03133333333334,6.478764184942566,-0.21627206760970283,0.00422974256309103,17336.0,16.78676898169856,6.339900212857552,-0.1667702470224271,2.4804781216499854,-1.8617983518961798,8.081826785711524,0.4040104004383225,0.06943250439356852,5|55|5|73|5|5|56|43|44|5|44,158,105
76,0.008780695563658564,-1.6135014502359297,-1.634675486255185,6.479601208541751,6.478472827493701,6.019106295739699,9,0.36,4,3,1941,83.03133333333334,6.479601208541751,-0.21616380196742105,0.004223594747794208,17278.0,16.343236189192965,6.33990169317893,-0.1665611012652994,2.4890717827714237,-1.8627807234981102,8.02700910899871,0.39333581134359713,0.0694327801364172,5|54|5|72|5|5|56|43|48|5|42,158,102
77,0.008605081652385393,-1.6322214875815917,-1.634675486255185,6.477703234760745,6.478472827493701,6.019106295739699,6,0.24,0,5,1966,83.03133333333334,6.477703234760745,-0.21604817213939043,0.004156066160144797,17296.0,16.097413138992312,6.339934528328558,-0.16703534495905387,2.4982499812902037,-1.8735712504775968,8.044021491426825,0.3874195406749049,0.0694388964148372,5|55|5|72|5|5|56|44|47|5|41,158,104
78,0.008432980019337686,-1.6471472739046316,-1.64767898829534,6.477611547567594,6.477703234760745,6.019106295739699,4,0.16,1,11,1991,83.03133333333334,6.477611547567594,-0.21610334329654518,0.004157488876269196,17201.0,15.74929096153344,6.339934419581199,-0.16705825469236257,2.4938707320817466,-1.8733439118457837,7.954233917500665,0.37904121721849976,0.06943887615821781,5|54|5|72|5|5|56|44|48|5|40,158,104
79,0.008264320418950932,-1.687675197151838,-1.68901294126088,6.491484110236316,6.489151086994918,6.019106295739699,8,0.32,4,4,2016,83.03133333333334,6.491484110236316,-0.21613938955851192,0.004154874473927765,16757.0,15.74929096153344,6.342465745332138,-0.1635919394947054,2.491009534812621,-1.873761672382209,7.534595150940507,0.37904121721849976,0.06991039199534897,5|53|5|70|5|5|57|43|48|5|39,157,104
80,0.008099034010571913,-1.6710232905384774,-1.6927641505273425,6.49194385695567,6.491671167366126,6.019106295739699,6,0.24,2,9,2041,83.03133333333334,6.49194385695567,-0.21610192245655258,0.004146071893369437,16946.0,15.74929096153344,6.342467933325844,-0.1634770633122418,2.4939835122504768,-1.8751682541916328,7.713225166435709,0.37904121721849976,0.06991079955794088,5|53|5|72|5|5|57|43|47|5|39,158,104
81,0.007937053330360475,-1.6906059101879076,-1.6927641505273425,6.495489481956128,6.491671167366126,6.019106295739699,4,0.16,0,10,2066,83.03133333333334,6.495489481956128,-0.21621242443216768,0.004166107602048185,16708.0,15.74929096153344,6.342554745111611,-0.1625911236255541,2.4852123406056985,-1.8719667085562703,7.488283665441751,0.37904121721849976,0.06992697018782668,5|52|5|71|5|5|57|44|47|5|38,156,104
82,0.007778312263753265,-1.6828122484519945,-1.6964952314720971,6.485144190884076,6.495671865444621,6.019106295739699,8,0.32,2,6,2091,83.03133333333334,6.485144190884076,-0.21609285745069143,0.004163763248931349,16758.0,15.906796875391027,6.339993549084463,-0.16517608507237438,2.4947030534344825,-1.8723413173913905,7.535540283297624,0.38283194236628626,0.06944989034602848,5|52|5|72|5|5|57|44|46|5|38,157,104
83,0.0076227460184781996,-1.6894680979222614,-1.6964952314720971,6.484097472757156,6.495671865444621,6.019106295739699,3,0.12,0,10,2116,83.03133333333334,6.484097472757156,-0.21618721355079676,0.004180907095800806,16672.0,15.906796875391027,6.339990572097053,-0.16543762686805027,2.487213471957329,-1.8696018680912292,7.454258900585521,0.38283194236628626,0.06944933581577477,5|53|5|70|5|5|57|44|47|5|38,157,105
84,0.007470291098108635,-1.690695636415389,-1.697386785489287,6.501747592545067,6.489074869640276,6.019106295739699,10,0.4,1,3,2141,83.03133333333334,6.501747592545067,-0.21610017703786413,0.004215594881183881,16449.0,15.984752850558351,6.3395682098466475,-0.16102741947361918,2.4941220560803323,-1.8640590380534094,7.243494384948324,0.3847081238267119,0.06937066143338898,5|53|5|67|5|5|58|46|45|5|39,158,105
85,0.0073208852761464625,-1.6713255645865344,-1.697386785489287,6.488815157454366,6.489074869640276,6.019106295739699,5,0.2,0,10,2166,83.03133333333334,6.488815157454366,-0.2159279455777255,0.004194008968666058,16689.0,15.984752850558351,6.339367616360849,-0.16425882648673626,2.507793048758045,-1.867508293835415,7.470326150656518,0.3847081238267119,0.06933329642600329,5|53|5|68|5|5|59|45|45|5|40,158,106
86,0.007174467570623533,-1.6776400176276651,-1.697386785489287,6.489065095762781,6.489074869640276,6.019106295739699,5,0.2,0,8,2191,83.03133333333334,6.489065095762781,-0.2160298150614736,0.004187359486073211,16689.0,15.967399527081813,6.33936726170343,-0.16419637479863616,2.4997070871963096,-1.8685708278497535,7.470326150656518,0.3842904780501878,0.06933323036315471,5|53|5|68|5|5|59|45|45|5|40,158,107
87,0.007030978219211063,-1.7180778804968408,-1.7180778804968408,6.508944850186804,6.508944850186804,6.019106295739699,5,0.2,4,5,2216,83.03133333333334,6.508944850186804,-0.2161533066236425,0.00418511047909503,16273.0,15.892986692319212,6.343958773411591,-0.1592290521394238,2.489904858028588,-1.8689302011362363,7.077151090095649,0.38249957003191665,0.0701885017504773,5|52|5|68|5|5|57|45|45|5|39,158,107
88,0.006890358654826841,-1.7681105672001227,-1.7681105672001227,6.4766422615696495,6.4766422615696495,6.019106295739699,6,0.24,5,7,2241,83.03133333333334,6.4766422615696495,-0.21611410236353085,0.0041833029894570405,15881.0,15.440427615668865,6.339186440603169,-0.16730044864497148,2.493016723610462,-1.8692190234910755,6.7066592061055985,0.3716077436191722,0.0692995484032454,5|51|5|68|5|5|56|43|45|5|39,158,107
89,0.006752551481730304,-1.7290162585072566,-1.7681105672001227,6.497925728745984,6.4766422615696495,6.019106295739699,6,0.24,0,5,2266,83.03133333333334,6.497925728745984,-0.2158824698582104,0.004129440052997893,16317.0,15.469488338076928,6.341757962330866,-0.16198238251011765,2.5114027158188934,-1.877825888957806,7.118736913808818,0.37230715361938777,0.06977855163690118,5|51|5|70|5|5|55|44|47|5|39,157,107
90,0.006617500452095698,-1.7218321277998805,-1.7681105672001227,6.511586802106884,6.4766422615696495,6.019106295739699,3,0.12,0,5,2291,83.03133333333334,6.511586802106884,-0.21589521977760937,0.004106420356563083,16438.0,15.469488338076928,6.343876380407193,-0.15856891180985788,2.510390682044087,-1.8815042519161576,7.233097929020032,0.37230715361938777,0.07017315421710339,5|51|5|71|5|5|54|45|47|5|39,158,108
91,0.006485150443053784,-1.7478499329532784,-1.7681105672001227,6.511472219446396,6.4766422615696495,6.019106295739699,5,0.2,0,4,2316,83.03133333333334,6.511472219446396,-0.21592078605692888,0.004107588677132745,16200.0,15.232341413561336,6.34387638048821,-0.1585975423972212,2.508361340731576,-1.8813175636546904,7.008156428026073,0.3665996929376618,0.0701731542321946,5|52|5|70|5|5|53|45|46|5|39,157,108
92,0.006355447434192708,-1.750152096230706,-1.7681105672001227,6.523747502550871,6.4766422615696495,6.019106295739699,6,0.24,0,2,2341,83.03133333333334,6.523747502550871,-0.21588084349119824,0.004109061036404451,16145.0,15.068615172666942,6.341120175573734,-0.1555303369070254,2.511531809838632,-1.88108229244589,6.956174148384612,0.3626592619817035,0.06965974963894081,5|49|5|70|5|5|55|47|46|5|37,156,109
93,0.0062283384855088535,-1.7879798983499047,-1.7956449270112387,6.538432586556864,6.538432586556864,6.019106295739699,9,0.36,4,5,2366,83.04466666666667,6.538432586556864,-0.21581640317035264,0.004114426626682916,15708.0,14.682852225458223,6.3429991927826865,-0.1518609982935034,2.5166468054016984,-1.880224914131372,6.543151308324276,0.35337503087409866,0.07000975847203318,5|49|5|69|5|5|53|46|46|6|37,156,106
94,0.006103771715798676,-1.8019471789399264,-1.8024802643252147,6.521623359480431,6.522943712869251,6.019106295739699,4,0.16,2,10,2391,83.03133333333334,6.521623359480431,-0.2160073400647274,0.0041303089827539234,15631.0,14.682852225458223,6.343132995481265,-0.15606109316186403,2.501491055791253,-1.8776870409483615,6.47037611682623,0.35337503087409866,0.07003468220672332,5|47|5|68|5|5|53|46|48|5|38,156,105
95,0.0059816962814827025,-1.8654775250588402,-1.8654775250588402,6.498307306321163,6.498307306321163,6.019106295739699,7,0.28,7,5,2416,83.03133333333334,6.498307306321163,-0.2162454038563564,0.004141836549569954,15144.0,14.22787674815735,6.338438260900737,-0.1618870383275385,2.482594575731405,-1.8758450281791619,6.010096658910021,0.34242504848175487,0.06916018325887947,5|47|5|67|5|5|50|45|50|5|36,155,104
96,0.005862062355853048,-1.8830089241409178,-1.8830089241409178,6.4914212988938065,6.4914212988938065,6.019106295739699,3,0.12,3,4,2441,83.03133333333334,6.4914212988938065,-0.21620440912256253,0.0041434975392880095,14954.0,14.22787674815735,6.338319004459558,-0.16360763406508327,2.4858485614147967,-1.8755796153371465,5.8305215110577,0.34242504848175487,0.06913796908882466,5|48|5|67|5|5|50|44|48|5|36,154,103
97,0.005744821108735987,-1.8734113579944496,-1.8838914244432323,6.479365068767927,6.491718689703266,6.019106295739699,5,0.2,1,4,2466,83.03133333333334,6.479365068767927,-0.2159673897514331,0.004124371191887631,15096.0,13.888744482427375,6.33805941958197,-0.16662010513547992,2.5046621398665976,-1.8786358523299043,5.964730305768382,0.33426308696143503,0.06908961561996867,5|49|5|69|5|5|50|43|48|5|34,154,103
98,0.005629924686561268,-1.8634725907009535,-1.8838914244432323,6.454271663501805,6.491718689703266,6.019106295739699,5,0.2,0,5,2491,83.08200000000001,6.454271663501805,-0.21615847880240902,0.004219324441565954,15027.0,13.888744482427375,6.337722355890758,-0.17289015444879438,2.4894943127194553,-1.8634630842014894,5.899516173127275,0.33426308696143503,0.06902682999529372,5|50|5|69|5|5|50|41|48|5|34,154,103
99,0.005517326192830042,-1.8672062251006014,-1.8838914244432323,6.4472150354562725,6.491718689703266,6.010215040191414,3,0.12,0,7,2516,83.08200000000001,6.4472150354562725,-0.21595700869821277,0.004200401104580923,14997.0,13.797937936165695,6.337823286441864,-0.1746533828891743,2.50548614323072,-1.8664868817572593,5.8711622024137515,0.33207762833282106,0.06904563055989085,5|50|5|70|5|5|48|40|49|6|34,154,103
100,0.005406979668973441,-1.8690667261554776,-1.8838914244432323,6.44932282413426,6.491718689703266,6.010215040191414,7,0.28,0,4,2541,83.08200000000001,6.44932282413426,-0.21620579293784567,0.004205619830834824,15078.0,13.644560520139317,6.337918085958703,-0.1741267130803991,2.4857387201082903,-1.8656529711365657,5.947717923340267,0.3283862645370501,0.06906328908271253,5|50|5|70|5|5|48|41|49|6|34,153,103
101,0.005298840075593972,-1.8768539438016578,-1.887344441662497,6.457504741749601,6.457585231517583,6.010215040191414,7,0.28,1,3,2566,83.08200000000001,6.457504741749601,-0.21618844301762072,0.004167115113633193,15072.0,13.840685292239874,6.337835217474352,-0.1720823103227181,2.487115882167785,-1.8718057162814634,5.942047129197562,0.3331064371800767,0.0690478529806004,5|49|5|70|5|5|48|42|47|5|37,153,102
102,0.005192863274082093,-1.9009602948122486,-1.9009602948122486,6.447609837723851,6.447609837723851,6.010215040191414,8,0.32,3,1,2591,83.03133333333334,6.447609837723851,-0.21612767636087263,0.004160378850298767,14849.0,13.766882353934502,6.338605520741469,-0.17455473427371246,2.4919392780722465,-1.8728821171626489,5.731282613560365,0.33133020765724325,0.06919133913195982,5|49|5|71|5|5|46|41|46|5|37,153,100
103,0.005089006008600451,-1.9130686370131644,-1.9217775585385775,6.455188329146426,6.4422175911464175,6.010215040191414,10,0.4,3,2,2616,83.03133333333334,6.455188329146426,-0.21606446555983305,0.004153292957421814,14698.0,13.766882353934502,6.338877893548183,-0.1726611086602837,2.4969566796402805,-1.8740143860420082,5.588567627635626,0.33133020765724325,0.06924207463762201,5|51|5|69|5|5|45|41|47|5|36,152,102
104,0.0049872258884284424,-1.9192381045024214,-1.9359940388256018,6.447992161933977,6.447237451556883,6.010215040191414,6,0.24,2,2,2641,83.03133333333334,6.447992161933977,-0.216049846999508,0.0041524636027762225,14659.0,13.683764833520812,6.338874838618807,-0.17445920353064517,2.498117038096289,-1.874146910266049,5.551707465708045,0.32932980229380576,0.06924150558894006,5|49|5|70|5|5|44|40|49|5|36,153,101
105,0.004887481370659873,-1.9826968771130624,-1.9826968771130624,6.428138630667223,6.428138630667223,6.010215040191414,8,0.32,5,4,2666,83.03133333333334,6.428138630667223,-0.21627539777622884,0.004146524900268533,14240.0,13.012849299159303,6.339155176734724,-0.1794199738512057,2.4802137873515013,-1.8750958673205795,5.1556970080758235,0.3131827489809736,0.06929372481096518,5|47|5|70|5|5|44|38|49|5|35,153,99
106,0.004789731743246676,-2.0031433464953143,-2.013215661085162,6.42698272483821,6.42698272483821,6.010215040191414,7,0.28,4,2,2691,83.03133333333334,6.42698272483821,-0.2162941718203295,0.004142115634724707,14060.0,12.930493986589864,6.339155176734724,-0.17970879820456065,2.478723584462757,-1.8758004326086524,4.985573183794678,0.3112006878204443,0.06929372481096518,5|46|5|70|5|5|43|38|49|5|35,152,99
107,0.004693937108381742,-2.0220675572476554,-2.0220675572476554,6.434580882106066,6.434580882106066,6.010215040191414,5,0.2,3,3,2716,83.04466666666667,6.434580882106066,-0.21613863906005984,0.004148057412685367,13729.0,13.130552329735947,6.338962465670324,-0.17781025871761041,2.4910691061524606,-1.8748509841213912,4.672734373588794,0.3160155304750132,0.06925782808024174,5|44|5|70|5|5|42|36|49|6|36,152,98
108,0.004600058366214107,-2.0459051390374596,-2.0459051390374596,6.507657823667442,6.507657823667442,6.010215040191414,10,0.4,7,3,2741,83.04466666666667,6.507657823667442,-0.21675943025265879,0.00408526421638328,13720.0,13.410226604943848,6.33996634227444,-0.1595506394113928,2.441793370804361,-1.8848848335237156,4.664228182374736,0.3227465050921196,0.06944482247129971,5|45|5|71|5|5|41|38|48|6|33,152,96
109,0.004508057198889825,-2.0472827422985596,-2.0472827422985596,6.487135434371977,6.487135434371977,6.010215040191414,5,0.2,2,6,2766,83.03133333333334,6.487135434371977,-0.21680037991678883,0.00407980315634411,13725.0,13.961905995520592,6.340068468980895,-0.16467853622511558,2.4385429625570763,-1.8857574671406838,4.668953844160324,0.3360238791802169,0.0694638458464893,5|43|5|72|5|5|42|37|47|5|35,152,95
110,0.004417896054912028,-2.04514225379789,-2.069760813051837,6.4845271503066355,6.4869385690099985,6.010215040191414,7,0.28,4,10,2791,83.03133333333334,6.4845271503066355,-0.2164951177144518,0.00414238385713049,13415.0,13.961905995520592,6.339814327632451,-0.16533026402129883,2.46277336349296,-1.8757575728183493,4.375962813453907,0.3360238791802169,0.06941650635625707,5|42|5|71|5|5|40|37|47|6|36,152,94
111,0.004329538133813787,-2.059283121499349,-2.069760813051837,6.487282507969001,6.4869385690099985,5.995711850383914,5,0.2,0,7,2816,83.03133333333334,6.487282507969001,-0.21618219164222208,0.004093787016284206,13291.0,13.961905995520592,6.339832633125398,-0.16464178717905167,2.4876120894648235,-1.8835229584205495,4.25876640117134,0.3360238791802169,0.06941991616229562,5|41|5|72|5|5|40|37|45|6|36,152,94
112,0.004242947371137512,-2.051900665350828,-2.069760813051837,6.486108509563849,6.4869385690099985,5.995711850383914,3,0.12,0,13,2841,83.03133333333334,6.486108509563849,-0.21608558404957476,0.004098747400926382,13304.0,14.046741537127058,6.339906133108664,-0.16493513229566656,2.495280384738113,-1.8827303287184756,4.271053121813867,0.33806563249041005,0.06943360717228353,5|41|5|71|5|5|41|38|45|6|36,153,94
113,0.004158088423714761,-2.09134410658507,-2.0915915279274406,6.4875467070818,6.483447001289005,5.995711850383914,8,0.32,3,7,2866,83.03133333333334,6.4875467070818,-0.2161817942970667,0.004094890060594812,12936.0,14.046741537127058,6.340219559949521,-0.16457577216641311,2.4876436290145985,-1.8833467007820077,3.923244414394637,0.33806563249041005,0.06949198990678195,5|38|5|69|5|5|40|39|46|5|37,153,92
114,0.004074926655240466,-2.127757337561662,-2.1364521021879677,6.481617647353721,6.481617647353721,5.995711850383914,8,0.32,6,8,2891,83.03133333333334,6.481617647353721,-0.21619262611880655,0.004082374455778349,12692.0,13.429278194033897,6.3401064588447404,-0.16605725690243794,2.4867838455837856,-1.885346594103304,3.692632119257973,0.3232050233540703,0.06947092230531612,5|37|5|70|5|5|37|38|46|5|37,150,92
115,0.003993428122135656,-2.14341226882758,-2.146218115157257,6.481239847821284,6.481617647353721,5.995711850383914,3,0.12,2,15,2916,83.03133333333334,6.481239847821284,-0.2164161729114203,0.004098062615514105,12525.0,13.768395388675856,6.340114909778931,-0.16615165707147858,2.4690396624799065,-1.8828397519379378,3.5347950156193546,0.3313666221556138,0.06947249648015631,5|39|5|69|5|5|37|38|44|5|37,150,91
116,0.003913559559692943,-2.168091051097327,-2.169342072508813,6.480393204282062,6.4813360543837195,5.995711850383914,6,0.24,5,11,2941,83.03133333333334,6.480393204282062,-0.21597282073712434,0.00407424898583522,12151.0,13.842808223438453,6.34011515735128,-0.16636320654774228,2.5042310515766992,-1.8866449790643154,3.181315514057419,0.3331575301738849,0.06947254259602405,5|38|5|68|5|5|37|38|43|5|36,148,90
117,0.0038352883684990837,-2.173990210676605,-2.173990210676605,6.480574147317328,6.480574147317328,5.995711850383914,7,0.28,2,5,2966,83.08066666666667,6.480574147317328,-0.21621543028162105,0.004082729792249456,12166.0,13.80593241105081,6.34011515735128,-0.16631799459894586,2.484973749201816,-1.8852898141836913,3.1954924994141813,0.3322700328987712,0.06947254259602405,5|38|5|68|5|6|35|38|43|5|38,148,91
118,0.003758582601129102,-2.2066369867457647,-2.2066369867457647,6.475320725288909,6.475320725288909,5.995711850383914,2,0.08,2,7,2991,83.03133333333334,6.475320725288909,-0.21637536491528445,0.003940234015295025,12363.0,13.965361142168364,6.3402773630724445,-0.16763065881619782,2.4722788257310113,-1.9080594970574467,3.3816835737663236,0.3361070348596845,0.06950275702669295,5|38|5|69|5|5|36|38|43|5|38,148,91
119,0.00368341094910652,-2.226400856356444,-2.231173941391218,6.470723940743903,6.470813846410931,5.995711850383914,7,0.28,5,7,3016,83.03133333333334,6.470723940743903,-0.21629139061187333,0.003953500792366925,12104.0,13.8239880431329,6.340194341416276,-0.16877925006852904,2.478944344830282,-1.9059395724313257,3.136894293272898,0.33270458127169544,0.06948729239291605,5|36|5|68|5|5|36|37|45|5|37,148,89
120,0.0036097427301243898,-2.2873633188853297,-2.2873633188853297,6.43802140381921,6.43802140381921,5.995711850383914,5,0.2,4,9,3041,83.03133333333334,6.43802140381921,-0.2167055480878357,0.003948179474163986,11783.0,13.460193492352056,6.3408707872450645,-0.17695058102236882,2.4460703053444424,-1.9067898764230713,2.8335068066381885,0.32394906778970933,0.06961329550457275,5|37|5|66|5|5|36|35|46|5|36,148,88
121,0.0035375478755219018,-2.3052853490675997,-2.3098790616635103,6.411726181224726,6.403615630272966,5.995711850383914,4,0.16,3,9,3066,83.03133333333334,6.411726181224726,-0.21708618136337163,0.003941292565392498,11847.0,13.4525296929206,6.340861695580078,-0.18352092652245075,2.4158572727280063,-1.907890349237486,2.893995277493707,0.32376462165355546,0.06961160197934183,5|36|5|67|5|5|37|34|46|5|36,148,88
122,0.0034667969180114636,-2.349879506188457,-2.3512031775767017,6.424524264517521,6.425699065033403,5.995711850383914,6,0.24,3,7,3091,83.10600000000001,6.424524264517521,-0.21780949157602175,0.003917546706325698,11745.0,12.721291953217573,6.415410615460418,-0.18032308977966055,2.3584440184195627,-1.9116847471633198,2.7975917770677245,0.3061657822130939,0.08349799978948447,5|36|5|66|5|5|36|34|47|6|36,150,87
123,0.0033974609796512344,-2.3632627778164106,-2.3632627778164106,6.420260796533174,6.420260796533174,5.995711850383914,4,0.16,3,9,3116,83.10600000000001,6.420260796533174,-0.21826201409976453,0.003920600786570103,11791.0,12.721291953217573,6.418825363046265,-0.1813883957524485,2.32252472641793,-1.9111967296225727,2.8410678654951282,0.3061657822130939,0.0841340726323158,5|37|5|66|6|5|37|34|45|6|37,150,88
124,0.00332951176005821,-2.395056839854957,-2.395056839854957,6.420207009865586,6.420207009865586,5.995711850383914,5,0.2,5,6,3141,83.10600000000001,6.420207009865586,-0.218192488985734,0.00392431235691841,11413.0,12.721291953217573,6.418824503894939,-0.1814018353416394,2.328043330998436,-1.9106036504338357,2.4838078345047228,0.3061657822130939,0.08413391259623329,5|36|5|65|6|5|38|34|43|6|36,150,87
125,0.0032629215248570456,-2.4215733149936836,-2.42843450832764,6.389381861380168,6.39915697564191,5.995711850383914,5,0.2,2,5,3166,83.10600000000001,6.389381861380168,-0.21858504378641747,0.0038938339486968105,11485.0,12.69700648028262,6.418750536728926,-0.18910406622836348,2.2968840189806183,-1.9154738557447242,2.551857364217181,0.3055812990611555,0.08412013456304664,5|36|5|65|6|5|39|33|43|5|37,151,87
126,0.0031976630943599048,-2.4215693154119164,-2.42843450832764,6.389257551758577,6.39915697564191,5.995711850383914,2,0.08,0,6,3191,83.10600000000001,6.389257551758577,-0.21858958296715486,0.0038934188888988465,11481.0,12.757330122372654,6.418750536728926,-0.1891351272760463,2.2965237183330256,-1.9155401789732107,2.548076834788711,0.307033119767288,0.08412013456304664,5|37|5|65|6|5|38|33|43|5|37,151,87
127,0.003133709832472707,-2.436690655041013,-2.436690655041013,6.393610404056905,6.393610404056905,5.995711850383914,6,0.24,1,2,3216,83.10600000000001,6.393610404056905,-0.21857769118092882,0.0038971179630263707,11292.0,12.757330122372654,6.418749435315392,-0.18804748698670953,2.2974676371867027,-1.914949096580382,2.3694468192935085,0.307033119767288,0.08411992940022846,5|39|5|63|6|5|38|33|42|5|37,151,86
128,0.0030710356358232527,-2.460721993284378,-2.466716686282072,6.379030731589575,6.392978755210691,5.995711850383914,6,0.24,5,4,3241,83.10600000000001,6.379030731589575,-0.21827633702760732,0.003830341145980824,11140.0,13.037549361792319,6.418602657908322,-0.19169048658651078,2.321387833997088,-1.9256194966437614,2.2257867010116525,0.3137772101429814,0.08409258883691274,5|39|5|63|6|5|39|32|40|5|37,151,83
129,0.0030096149231067875,-2.4721904029602992,-2.4732632564697288,6.379531558619231,6.378588153457262,5.995711850383914,6,0.24,2,6,3266,83.15533333333335,6.379531558619231,-0.21805648149825776,0.003823387055412505,10961.0,12.944404957161803,6.417979950405228,-0.19156534573216752,2.3388390204961915,-1.9267307045707627,2.0566080090876246,0.31153548582698043,0.08397659568609035,5|39|5|64|6|5|36|32|38|5|38,150,83
130,0.0029494226246446517,-2.4874992547921266,-2.4874992547921266,6.395609235371924,6.395609235371924,5.995711850383914,7,0.28,3,4,3291,83.15533333333335,6.395609235371924,-0.21806713758462204,0.003834040931785428,10772.0,12.574220401343013,6.418083097517489,-0.187548042181142,2.337993186183797,-1.9250283005306403,1.877977993592422,0.30262618286370707,0.08399580913460343,5|37|5|62|6|5|37|33|38|5|39,150,81
131,0.0028904341721517584,-2.504287819310055,-2.504287819310055,6.400311954896657,6.400311954896657,5.995711850383914,2,0.08,2,14,3316,83.15533333333335,6.400311954896657,-0.21808521022971714,0.003833522726985172,10620.0,12.348623720226986,6.418083097517489,-0.18637298112370265,2.3365586573319654,-1.9251111055036552,1.7343178753105657,0.2971967041132334,0.08399580913460343,5|37|5|62|6|5|37|33|38|5|37,150,80
132,0.0028326254887087233,-2.5349199418240267,-2.5349199418240267,6.398474323757742,6.398474323757742,5.995711850383914,6,0.24,5,7,3341,83.15533333333335,6.398474323757742,-0.21822068836068773,0.0038534704988771097,10311.0,12.185261346670277,6.418075772582077,-0.18683214709733148,2.325804985877295,-1.9219236114619007,1.442271976961266,0.29326503042253355,0.08399444470213106,5|35|5|60|6|5|36|33|39|5|38,148,79
133,0.0027759729789345487,-2.549218260263402,-2.549218260263402,6.398164875730188,6.398164875730188,5.995711850383914,4,0.16,4,10,3366,83.15533333333335,6.398164875730188,-0.2181923046403632,0.0038619246916430277,10163.0,11.88172944635353,6.413686808076465,-0.1869094683844223,2.32805796354125,-1.9205726992289363,1.3023923881078798,0.28595986974947796,0.08317690224548163,5|36|5|60|5|6|35|33|39|5|36,148,78
134,0.0027204535193558576,-2.5410724952527732,-2.549218260263402,6.398164875730188,6.398164875730188,5.995711850383914,3,0.12,0,9,3391,83.15533333333335,6.398164875730188,-0.2181759081586881,0.0038614223254355502,10244.0,11.88172944635353,6.413686808076465,-0.1869094683844223,2.3293594457486257,-1.9206529733217916,1.3789481090343954,0.28595986974947796,0.08317690224548163,5|37|5|60|5|6|35|33|40|5|35,149,78
135,0.0026660444489687404,-2.557195657217408,-2.557195657217408,6.3976383448491125,6.3976383448491125,5.995711850383914,5,0.2,2,8,3416,83.15533333333335,6.3976383448491125,-0.21819869607144418,0.0038602717188392197,10114.0,11.679557218151137,6.41368787921259,-0.18704103181928958,2.327550639226414,-1.9208368310323205,1.2560809026091235,0.2810941518163482,0.08317710176845758,5|37|5|60|5|6|36|33|40|5|32,147,78
136,0.0026127235599893656,-2.5779203742513617,-2.5793360374106675,6.392170221952278,6.392234545305818,5.995711850383914,6,0.24,5,7,3441,83.15533333333335,6.392170221952278,-0.21814268756685049,0.0038699723154945256,9857.0,11.647749221173644,6.413593909566351,-0.1884073430014831,2.3319963534738206,-1.9192867534493325,1.0131818868299327,0.2803286226302357,0.08315959782753056,5|34|5|59|5|6|35|33|41|5|33,147,76
137,0.0025604690887895782,-2.588100072400026,-2.588100072400026,6.392170221952278,6.392170221952278,5.995711850383914,3,0.12,2,12,3466,83.15533333333335,6.392170221952278,-0.21813621203086694,0.00387043787123582,9745.0,11.647749221173644,6.413593909566351,-0.1884073430014831,2.332510353674156,-1.9192123613738907,0.9073270628327755,0.2803286226302357,0.08315959782753056,5|33|5|59|5|6|35|33|42|5|31,146,76
138,0.0025092597070137867,-2.603214394013418,-2.603214394013418,6.384917270879607,6.384917270879607,5.995711850383914,5,0.2,3,9,3491,83.15533333333335,6.384917270879607,-0.21854895386556664,0.003889792523463298,9734.0,11.475909922008036,6.413603052368245,-0.1902196263647976,2.299748681704221,-1.916119643099914,0.8969306069044832,0.27619293313914745,0.0831613008781503,5|33|5|59|5|5|35|33|42|5|31,145,76
139,0.002459074512873511,-2.6121814200943128,-2.6121814200943128,6.413284870710126,6.413284870710126,5.995711850383914,4,0.16,2,4,3516,83.10600000000001,6.413284870710126,-0.21851911241771563,0.0038608599718308167,9649.0,11.475909922008036,6.414037562340137,-0.1831314592566907,2.302117367510723,-1.9207428329198537,0.816594356549498,0.27619293313914745,0.08324223804440094,5|33|5|59|5|5|34|34|41|5|31,145,76
140,0.0024098930226160407,-2.6657504937890275,-2.6657504937890275,6.393574507484457,6.393574507484457,5.995711850383914,8,0.32,8,4,3541,83.15533333333335,6.393574507484457,-0.21856625479348166,0.0038774261618254894,9112.0,11.367939261599378,6.413881845940578,-0.18805645640624588,2.298375408443613,-1.9180956885576337,0.30905828077741415,0.27359438247136564,0.08321323239450949,5|34|5|55|5|5|34|33|40|5|31,144,75
141,0.00236169516216372,-2.6866503438227514,-2.6866503438227514,6.388428791622641,6.388428791622641,5.995711850383914,5,0.2,3,6,3566,83.15533333333335,6.388428791622641,-0.21863271587231828,0.003876585017747747,9006.0,10.812063827757964,6.413881833246292,-0.18934220825473844,2.293100013800864,-1.9182300966384254,0.20887425092296186,0.2602160214023035,0.08321323002991587,5|33|5|55|5|5|34|33|41|5|29,144,73
142,0.0023144612589204457,-2.6983745226109814,-2.6983745226109814,6.38868123691077,6.38868123691077,5.995711850383914,2,0.08,2,5,3591,83.15533333333335,6.38868123691077,-0.21869499143284374,0.0038773051914506754,8905.0,10.812063827757964,6.41388190888967,-0.18927913015159958,2.288156847603128,-1.9181150186537987,0.11341588285409694,0.2602160214023035,0.08321324412018086,5|33|5|55|5|5|34|33|39|5|30,144,73
143,0.0022681720337420367,-2.701538012441616,-2.701538012441616,6.386239022835539,6.386239022835539,5.995711850383914,6,0.24,1,3,3616,83.15533333333335,6.386239022835539,-0.21871394667737762,0.003867537904024354,8919.0,10.812063827757964,6.413853116502499,-0.189889362303154,2.2866522618031917,-1.9196757528873842,0.1266477358537416,0.2602160214023035,0.08320788089637014,5|34|5|55|5|5|32|33|40|5|30,142,74
144,0.0022228085930671958,-2.751112694829321,-2.751112694829321,6.392181990357956,6.392181990357956,5.8835433600434905,6,0.24,5,2,3641,83.15533333333335,6.392181990357956,-0.21920314540901484,0.0038547574185078047,8618.0,10.812063827757964,6.423393191659088,-0.1884044024486502,2.24782177013358,-1.9217179720212012,-0.15783710363861825,0.2602160214023035,0.08498493251530297,5|32|5|53|5|5|33|33|39|5|31,141,74
145,0.002178352421205852,-2.7573161547088767,-2.7586857006486927,6.389347689392371,6.39294885864449,5.8835433600434905,4,0.16,2,5,3666,83.15533333333335,6.389347689392371,-0.21914815984770675,0.003841498244708844,8591.0,10.812063827757964,6.4138561898328685,-0.18911260472867275,2.2521862875418264,-1.9238366817052566,-0.18335567728079005,0.2602160214023035,0.08320845337264726,5|30|5|54|5|5|34|33|38|5|31,141,74
146,0.002134785372781735,-2.7640337421312386,-2.7640337421312386,6.392008209105793,6.392008209105793,5.8835433600434905,3,0.12,1,4,3691,83.15533333333335,6.392008209105793,-0.21917036152217595,0.0038291398770931725,8564.0,10.812063827757964,6.413857939801797,-0.18844782489407916,2.2504240140938916,-1.925811449782321,-0.20887425092296186,0.2602160214023035,0.08320877934336207,5|30|5|55|5|5|34|33|37|5|30,141,73
147,0.0020920896653261003,-2.7726822569118212,-2.7726822569118212,6.391476404948209,6.391476404948209,5.8835433600434905,2,0.08,1,5,3716,83.15533333333335,6.391476404948209,-0.21914691634748892,0.0038350129165771085,8455.0,10.727228286151497,6.413855446610802,-0.18858070595417095,2.2522849912418295,-1.924872985152615,-0.3118936778487666,0.2581742680921103,0.08320831493097315,5|30|5|54|5|5|34|33|37|5|30,140,73
148,0.0020502478720195783,-2.766861226279955,-2.7726822569118212,6.391501115370264,6.391476404948209,5.8835433600434905,1,0.04,0,9,3741,83.15533333333335,6.391501115370264,-0.21914297270347619,0.003832312309627804,8524.0,10.727228286151497,6.4138554352901895,-0.1885745316002642,2.25259802074514,-1.9253045204943393,-0.24667954520766083,0.2581742680921103,0.0832083128222567,5|30|5|54|5|5|35|33|37|5|30,140,74
149,0.0020092429145791867,-2.759423017650558,-2.7726822569118212,6.391501115370264,6.391476404948209,5.8835433600434905,1,0.04,0,7,3766,83.15533333333335,6.391501115370264,-0.21913236682676437,0.0038320894934064753,8599.0,10.727228286151497,6.4138554352901895,-0.1885745316002642,2.253439869631233,-1.9253401247403543,-0.17579461842385025,0.2581742680921103,0.0832083128222567,5|30|5|54|5|5|35|33|38|5|30,140,74
150,0.001969058056287603,-2.772008480153079,-2.7726822569118212,6.391450783907663,6.391476404948209,5.8835433600434905,2,0.08,0,8,3791,83.15533333333335,6.391450783907663,-0.21912620225920917,0.0038307442645532878,8471.0,10.703134399281282,6.413855426271307,-0.18858710784287352,2.25392918649495,-1.9255550815273859,-0.296771560134887,0.25759439587887123,0.08320831114228883,5|29|5|54|5|5|34|33|38|5|30,140,74
151,0.001929676895161851,-2.7845283467877087,-2.7845283467877087,6.39108902434251,6.39108902434251,5.8835433600434905,4,0.16,4,12,3816,83.15533333333335,6.39108902434251,-0.21917569125764666,0.0038541882298600023,8281.0,10.703134399281282,6.413853675440352,-0.18867750013076814,2.250000962611104,-1.9218089238043545,-0.47634670798720713,0.25759439587887123,0.08320798501100246,5|30|5|53|5|5|33|33|37|5|30,140,72
152,0.001891083357258614,-2.7987700580440813,-2.7987700580440813,6.3705435740610845,6.3705435740610845,5.8835433600434905,4,0.16,4,3,3841,83.114,6.3705435740610845,-0.21897178230263928,0.0038647106145348817,8064.0,10.703134399281282,6.413272015931459,-0.1938111591564209,2.266186378612234,-1.920127531083507,-0.6814404294816991,0.25759439587887123,0.08309963796394251,5|31|5|53|5|5|33|32|34|5|30,139,72
153,0.0018532616901134416,-2.8052494888055,-2.8052494888055,6.3705435740610845,6.3705435740610845,5.8835433600434905,1,0.04,1,6,3866,83.114,6.3705435740610845,-0.2189762853775807,0.003864809722740792,7997.0,10.703134399281282,6.413272015931459,-0.1938111591564209,2.2658289438874633,-1.9201116943866803,-0.7447642974085699,0.25759439587887123,0.08309963796394251,5|31|5|53|5|5|33|32|33|5|30,139,71
154,0.0018161964563111726,-2.8324173644848,-2.8324711672815273,6.356172787020128,6.356172787020128,5.8835433600434905,4,0.16,3,1,3891,83.114,6.356172787020128,-0.2191174756441487,0.0038717078855248664,7793.0,10.625178424113962,6.413709190388233,-0.19740196488654574,2.2546218676723417,-1.9190094232712689,-0.9375712982605346,0.2557182144184457,0.08318107144988628,5|31|5|51|5|5|33|31|34|5|30,138,71
155,0.0017798725271849492,-2.8561315633718762,-2.8561315633718762,6.351800143320166,6.351800143320166,5.8835433600434905,1,0.04,1,4,3916,83.114,6.351800143320166,-0.21924125936580496,0.0038686351722358406,7745.0,9.578197937054227,6.418096983099828,-0.19849455042197042,2.2447964481408555,-1.919500418223179,-0.9829376514021735,0.23052033349870046,0.08399839563378388,5|31|5|51|6|5|33|31|34|5|29,138,71
156,0.0017442750766412502,-2.867021621564103,-2.870538306176807,6.405266430348665,6.347745960522711,5.8835433600434905,5,0.2,3,3,3941,83.10600000000001,6.405266430348665,-0.21935776541773652,0.0038198958556908565,7703.0,9.544946008535561,6.421535826751539,-0.18513501421262596,2.2355486987367494,-1.9272885702999085,-1.0226332104011073,0.2297200529342381,0.08463895690591491,5|32|5|52|5|5|32|31|32|5|29,137,71
157,0.0017093895751084253,-2.8673652193671417,-2.8715372872461296,6.415527533494089,6.415365973543092,5.8835433600434905,4,0.16,1,2,3966,83.10600000000001,6.415527533494089,-0.21939015355646277,0.003818252598485741,7692.0,9.464266962034237,6.431344645629854,-0.18257108866930113,2.232977867559827,-1.9275511496285047,-1.0330296663293996,0.22777833479184167,0.08646606803254896,5|31|5|53|5|5|30|30|34|5|29,136,71
158,0.0016752017836062568,-2.885153833859944,-2.885153833859944,6.414979755294114,6.414979755294114,5.8835433600434905,3,0.12,3,8,3991,83.10600000000001,6.414979755294114,-0.21948064222019006,0.00382334927797677,7526.0,9.464266962034237,6.4313439859013934,-0.18270796113799062,2.225795266551649,-1.9267367411021594,-1.1899216376109003,0.22777833479184167,0.08646594514341976,5|30|5|52|5|5|30|30|34|5|29,136,69
159,0.0016416977479341316,-2.895670422422369,-2.895670422422369,6.412744587301842,6.412744587301842,5.8835433600434905,2,0.08,2,5,4016,83.10600000000001,6.412744587301842,-0.21943514308628956,0.0038232109348181266,7402.0,9.464266962034237,6.4313439859013934,-0.18326645901368588,2.2294067921457263,-1.9267588472299155,-1.3071180498934671,0.22777833479184167,0.08646594514341976,5|30|5|52|5|5|30|30|33|5|28,135,68
160,0.001608863792975449,-2.906511639909149,-2.906511639909149,6.403861181025393,6.403861181025393,5.8835433600434905,5,0.2,3,5,4041,83.10600000000001,6.403861181025393,-0.21952673146170906,0.003815483856541897,7385.0,9.464266962034237,6.4215688996623905,-0.18548614162881266,2.2221369007523903,-1.9279935723961685,-1.3231852999644642,0.22777833479184167,0.08464511747266174,5|32|5|53|5|5|29|29|31|5|28,134,68
161,0.00157668651711594,-2.910751396405315,-2.910751396405315,6.385250588215903,6.385250588215903,5.8835433600434905,2,0.08,1,8,4066,83.10600000000001,6.385250588215903,-0.2195647267259203,0.0038154534595014945,7397.0,9.464266962034237,6.430093503080152,-0.19013634089144751,2.2191210000661767,-1.9279984295995545,-1.3118437116790547,0.22777833479184167,0.08623301484827424,5|33|5|53|5|5|30|27|31|5|28,134,68
162,0.0015451527867736212,-2.938981579302601,-2.938981579302601,6.375957269438943,6.375957269438943,5.8835433600434905,6,0.24,3,6,4091,83.10600000000001,6.375957269438943,-0.21975151370316667,0.003809381797041853,7329.0,8.69122191865092,6.421234593866971,-0.19245844769193657,2.2042946530319503,-1.9289686325885644,-1.3761127119630427,0.20917331092604277,0.0845828455675438,5|33|5|54|5|5|27|27|30|5|29,135,65
163,0.0015142497310381487,-2.9633207621539617,-2.9633207621539617,6.376577943135564,6.376577943135564,5.8835433600434905,6,0.24,5,4,4116,83.10600000000001,6.376577943135564,-0.22006548735902276,0.003812508366892267,7195.0,8.660660740155516,6.421234621745467,-0.19230336094129363,2.1793727743766342,-1.9284690317898732,-1.5027604478167844,0.20843778916034406,0.084582850760535,5|34|5|51|5|5|28|27|30|5|30,135,65
164,0.0014839647364173858,-2.9689971441066176,-2.9689971441066176,6.376577943135564,6.376577943135564,5.8835433600434905,3,0.12,3,6,4141,83.10600000000001,6.376577943135564,-0.2203223244774849,0.003809785065759198,7252.0,8.660660740155516,6.421234621745467,-0.19230336094129363,2.1589861483616533,-1.9289041934802407,-1.4488879034610884,0.20843778916034406,0.084582850760535,5|33|5|51|5|5|28|27|32|5|30,135,66
165,0.001454285441689038,-2.9949423952406127,-2.9949423952406127,6.345050985255543,6.345050985255543,5.8835433600434905,4,0.16,3,5,4166,83.15533333333335,6.345050985255543,-0.22038038394218493,0.003816254563873272,7065.0,8.652996940724059,6.420539352923908,-0.20018095182663256,2.154377637720525,-1.9278704195428071,-1.625627654242056,0.20825334302419019,0.08445334144696404,5|34|5|50|5|5|28|24|32|5|30,133,65
166,0.0014251997328552572,-3.0016794287279684,-3.0016794287279684,6.3472350811976215,6.3472350811976215,5.836804596988736,5,0.2,2,4,4191,83.15533333333335,6.3472350811976215,-0.22038555708216204,0.0038141312860432374,7002.0,8.616090438167099,6.420534608100322,-0.19963521524299188,2.1539670161146294,-1.9282097023192941,-1.685170992740457,0.2073651071228639,0.08445245761782266,5|34|5|50|5|5|28|24|30|5|31,132,65
167,0.001396695738198152,-3.0164389910970684,-3.0164389910970684,6.345931249258428,6.345931249258428,5.836804596988736,4,0.16,4,4,4216,83.15533333333335,6.345931249258428,-0.22043121806345453,0.003835761421388944,6803.0,8.555766796077066,6.4205325681551235,-0.19996100165851885,2.1503426437705504,-1.9247533800838945,-1.8732523318068344,0.20591328641673143,0.08445207763256488,5|35|5|49|5|5|26|24|30|5|30,130,64
168,0.001368761823434189,-3.0175109726281586,-3.0175109726281586,6.334996302059009,6.334996302059009,5.836804596988736,3,0.12,3,10,4241,83.15533333333335,6.334996302059009,-0.22029726165891772,0.003827312644389715,6793.0,8.555766796077066,6.420415542796746,-0.20269329954522344,2.160975527124621,-1.9261034269207566,-1.8827036553780092,0.20591328641673143,0.08443027905140627,5|35|5|49|5|5|26|25|29|5|30,130,64
169,0.001341386586965505,-3.0188323540645436,-3.0188323540645436,6.334825403905816,6.334825403905816,5.836804596988736,1,0.04,1,2,4266,83.15533333333335,6.334825403905816,-0.22026017237312098,0.00383171816500424,6749.0,8.555766796077066,6.420415276739387,-0.2027360015952925,2.1639195151401704,-1.9253994600423654,-1.924289479091178,0.20591328641673143,0.08443022949229344,5|35|5|48|5|5|27|25|29|5|30,130,64
170,0.001314558855226195,-3.039263721472265,-3.039263721472265,6.312818016537835,6.312818016537835,5.836804596988736,5,0.2,5,7,4291,83.15533333333335,6.312818016537835,-0.22018914579893448,0.0038428160480538545,6524.0,8.555766796077066,6.420065939100349,-0.20823495251849564,2.1695572991712937,-1.9236261072945815,-2.13694425944261,0.20591328641673143,0.08436515757128465,5|32|5|47|5|5|27|24|31|5|30,127,64
171,0.001288267678121671,-3.0492213648398203,-3.0492213648398203,6.311889627518841,6.311889627518841,5.836804596988736,2,0.08,2,4,4316,83.15533333333335,6.311889627518841,-0.22022963969380724,0.003860591589538197,6378.0,8.555766796077066,6.420061662414694,-0.2084669276079384,2.166343067927757,-1.9207857182587915,-2.274933583581761,0.20591328641673143,0.08436436094326641,5|32|5|46|5|5|26|24|31|5|30,125,64
172,0.0012625023245592375,-3.0486933941419574,-3.0492213648398203,6.311545471691134,6.311889627518841,5.836804596988736,2,0.08,0,6,4341,83.15533333333335,6.311545471691134,-0.2202494308046176,0.003854915278531842,6412.0,8.555766796077066,6.420062080952177,-0.20855292127792077,2.1647721346571784,-1.9216927472548075,-2.242799083439767,0.20591328641673143,0.0843644389052006,5|31|5|47|5|5|26|24|32|5|29,125,64
173,0.0012372522780680528,-3.0602316096227176,-3.0602316096227176,6.286035957884112,6.286035957884112,5.836804596988736,5,0.2,4,6,4366,83.18933333333334,6.286035957884112,-0.22045777660374385,0.0038600837171891664,6428.0,8.555766796077066,6.419424746355985,-0.21492694297136722,2.1482345410491672,-1.9208668721889286,-2.2276769657258875,0.20591328641673143,0.08424572113229264,5|32|5|47|5|5|26|23|32|5|29,125,64
174,0.0012125072325066917,-3.0667642931273416,-3.0667642931273416,6.273257400800558,6.273257400800558,5.836804596988736,5,0.2,3,1,4391,83.18933333333334,6.273257400800558,-0.22056665781752285,0.0038712607295753486,6429.0,8.333938003292754,6.419257533666354,-0.21811990073127135,2.139592018509354,-1.9190808752074824,-2.22673183336877,0.20057449016003384,0.08421457404215568,5|31|5|48|5|5|25|22|33|5|29,125,63
175,0.0011882570878565578,-3.086456512050995,-3.086456512050995,6.246406893040003,6.246406893040003,5.836804596988736,5,0.2,4,10,4416,83.15533333333335,6.246406893040003,-0.22062457042712247,0.003860060934114416,6353.0,8.338762923169691,6.419467136513598,-0.22482899445373644,2.1349951645945917,-1.9208705127416383,-2.298561892509698,0.2006906124354812,0.08425361724390348,5|32|5|48|5|5|23|21|33|5|29,123,63
176,0.0011644919460994266,-3.092200898420276,-3.092200898420276,6.246406893040003,6.246406893040003,5.836804596988736,1,0.04,1,6,4441,83.15533333333335,6.246406893040003,-0.22061415203107512,0.003860015532003958,6288.0,8.338762923169691,6.419467136513598,-0.22482899445373644,2.135822132071742,-1.9208777676349345,-2.359995495722334,0.2006906124354812,0.08425361724390348,5|32|5|48|5|5|23|21|32|5|29,123,63
177,0.001141202107177438,-3.108719134377536,-3.108719134377536,6.076047089773965,6.076047089773965,5.836804596988736,1,0.04,1,6,4466,83.43266666666666,6.076047089773965,-0.22004477083796148,0.0038837336640504,6247.0,8.338762923169691,6.416749502661929,-0.2673965278816011,2.1810171627334913,-1.9170878002646872,-2.3987459223641503,0.2006906124354812,0.08374739737073625,5|32|5|48|5|5|23|20|32|5|29,123,62
178,0.0011183780650338892,-3.114902933072864,-3.114902933072864,6.075912094475561,6.075912094475561,5.836804596988736,3,0.12,3,2,4491,83.43266666666666,6.075912094475561,-0.22008737115645116,0.00388721758028413,6188.0,8.338762923169691,6.4167873456098015,-0.26743025894237504,2.1776357326412663,-1.9165310983785244,-2.4545087314340814,0.2006906124354812,0.08375444646318864,5|33|5|48|5|5|23|20|30|5|29,123,62
179,0.0010960105037332115,-3.1226592680904304,-3.1226592680904304,6.0725374556613065,6.0725374556613065,5.836804596988736,3,0.12,3,1,4516,83.43266666666666,6.0725374556613065,-0.22008180161158464,0.0038971311466912658,6079.0,8.338762923169691,6.416782655379598,-0.26827347458232526,2.1780778191626666,-1.9149469899364155,-2.557528158359886,0.2006906124354812,0.08375357280328144,5|32|5|47|5|5|24|20|31|5|28,123,62
180,0.0010740902936585473,-3.1241163303097528,-3.124399655535186,6.051577953980933,6.052180236280112,5.836804596988736,5,0.2,2,1,4541,83.47466666666668,6.051577953980933,-0.2199105593940515,0.0039052401196257537,6020.0,8.338762923169691,6.416445545751767,-0.273510591973318,2.1916702900162863,-1.9136512410651403,-2.613290967429817,0.2006906124354812,0.08369077862188742,5|32|5|46|5|5|24|19|33|5|27,123,62
181,0.0010526084877853763,-3.137639551093523,-3.137639551093523,6.051392832266814,6.051392832266814,5.836804596988736,2,0.08,2,0,4566,83.47466666666668,6.051392832266814,-0.21990508810270154,0.00390852498309347,5864.0,8.338762923169691,6.416447334170227,-0.2735568480419618,2.19210457759605,-1.9131263462153272,-2.760731615140143,0.2006906124354812,0.08369111175468441,5|32|5|45|5|5|24|19|32|5|27,123,62
182,0.0010315563180296689,-3.16004114473674,-3.16004114473674,6.064657458929647,6.064657458929647,5.836804596988736,9,0.36,9,1,4591,83.43266666666666,6.064657458929647,-0.22023527796071132,0.003906437078137295,5763.0,8.138232539955446,6.416605383567406,-0.27024243684839794,2.165895526546533,-1.91345997669013,-2.856189983209008,0.19586440910172687,0.08372055197737845,5|31|5|45|5|5|26|20|30|5|26,122,62
183,0.0010109251916690756,-3.186043664443086,-3.186043664443086,5.857657583755004,5.857657583755004,5.812580635963095,2,0.08,2,0,4616,83.882,5.857657583755004,-0.21964632337558052,0.003926356142856961,5724.0,8.138232539955446,6.413020003990293,-0.3219651668418119,2.2126442088972893,-1.91027706982438,-2.8930501451365895,0.19586440910172687,0.0830526951232742,5|31|5|45|5|5|26|19|30|5|26,122,61
184,0.000990706687835694,-3.1927596646887073,-3.1927596646887073,5.84097153493765,5.84097153493765,5.776340479339838,5,0.2,3,0,4641,83.882,5.84097153493765,-0.2195339318770822,0.0039337875028209466,5625.0,8.138232539955446,6.412747351282682,-0.3261344833542435,2.221565362743229,-1.909089598073868,-2.986618248491219,0.19586440910172687,0.08300190747983174,5|31|5|43|5|5|26|18|31|5|27,122,60
185,0.0009708925540789802,-3.217146376850875,-3.219569449470752,5.856175347308421,5.8561447276761225,5.776340479339838,5,0.2,3,0,4666,83.882,5.856175347308421,-0.2197980788528972,0.003924393710518511,5537.0,7.605330721244822,6.4130668448926125,-0.3223355309082074,2.200598511685356,-1.9105906507806916,-3.069789895917557,0.18303895845030527,0.0830614202852811,5|29|5|44|5|5|25|19|32|5|25,122,59
186,0.0009514747029974005,-3.2335203032768387,-3.2335203032768387,5.836654689595849,5.836654689595849,5.776340479339838,3,0.12,3,1,4691,83.882,5.836654689595849,-0.21974849048396852,0.003937651284858745,5350.0,7.605330721244822,6.412773515554666,-0.32721312664254953,2.204534623171481,-1.908472196677319,-3.2465296466985247,0.18303895845030527,0.08300678115861573,5|29|5|43|5|5|25|18|31|5|25,121,57
187,0.0009324452089374525,-3.2537267054845302,-3.2537267054845302,5.809315861143956,5.809315861143956,5.776340479339838,4,0.16,3,0,4716,83.882,5.809315861143956,-0.21992218699132,0.0039340183993817526,5337.0,7.266213526602863,6.412653602517059,-0.33404423628046853,2.190747341345997,-1.9090527026543784,-3.258816367341052,0.1748773596487618,0.08298444468284241,5|28|5|43|5|5|25|17|33|5|24,120,57
188,0.0009137963047587034,-3.2586754769925976,-3.2586754769925976,5.812648648194059,5.812648648194059,5.763468328043662,2,0.08,2,0,4741,83.882,5.812648648194059,-0.22002590947416178,0.00393590721648896,5313.0,7.266213526602863,6.412650108800444,-0.33321147807434603,2.182514296684453,-1.9087508848219004,-3.2814995439118713,0.1748773596487618,0.08298379390025797,5|27|5|42|5|5|25|17|34|5|25,120,57
189,0.0008955203786635294,-3.2586754769925976,-3.2586754769925976,5.812648648194059,5.812648648194059,5.664120141622027,0,0.0,0,1,4766,83.882,5.812648648194059,-0.22002590947416178,0.00393590721648896,5313.0,7.266213526602863,6.412650108800444,-0.33321147807434603,2.182514296684453,-1.9087508848219004,-3.2814995439118713,0.1748773596487618,0.08298379390025797,5|27|5|42|5|5|25|17|34|5|25,120,57
190,0.0008776099710902588,-3.2634120656121772,-3.2634120656121772,5.812073266887131,5.812073266887131,5.664120141622027,3,0.12,2,0,4791,83.882,5.812073266887131,-0.22002692292476755,0.003936153008603067,5264.0,7.266213526602863,6.412650108800444,-0.3333552476875227,2.182433853333398,-1.9087116092124004,-3.327811029410628,0.1748773596487618,0.08298379390025797,5|27|5|42|5|5|25|17|34|5|24,120,56
191,0.0008600577716684535,-3.2639705440658466,-3.2639705440658466,5.811691891596036,5.811691891596036,5.664120141622027,1,0.04,1,0,4816,83.882,5.811691891596036,-0.22006906101418078,0.003930378392552835,5300.0,7.237291320808632,6.412652489421556,-0.33345054132569923,2.179089112997589,-1.909634346566389,-3.2937862645543987,0.17418128335455496,0.08298423734399728,5|27|5|43|5|5|24|17|34|5|24,120,56
192,0.0008428566162350845,-3.2639705440658466,-3.2639705440658466,5.811691891596036,5.811691891596036,5.664120141622027,0,0.0,0,0,4841,83.882,5.811691891596036,-0.22006906101418078,0.003930378392552835,5300.0,7.237291320808632,6.412652489421556,-0.33345054132569923,2.179089112997589,-1.909634346566389,-3.2937862645543987,0.17418128335455496,0.08298423734399728,5|27|5|43|5|5|24|17|34|5|24,120,56
193,0.0008259994839103828,-3.2783763601080738,-3.2783763601080738,5.8082366604227245,5.8082366604227245,5.664120141622027,4,0.16,4,0,4866,83.882,5.8082366604227245,-0.22032855436727905,0.003942998330490579,5223.0,7.237291320808632,6.41265957201968,-0.334313894450387,2.1584916464995065,-1.9076177816486737,-3.366561456052444,0.17418128335455496,0.08298555663574875,5|27|5|42|5|5|26|17|34|5|22,120,55
194,0.0008094794942321751,-3.2783763601080738,-3.2783763601080738,5.8082366604227245,5.8082366604227245,5.664120141622027,0,0.0,0,0,4891,83.882,5.8082366604227245,-0.22032855436727905,0.003942998330490579,5223.0,7.237291320808632,6.41265957201968,-0.334313894450387,2.1584916464995065,-1.9076177816486737,-3.366561456052444,0.17418128335455496,0.08298555663574875,5|27|5|42|5|5|26|17|34|5|22,120,55
195,0.0007932899043475316,-3.2847119102544444,-3.2847119102544444,5.808486560386819,5.808486560386819,5.664120141622027,3,0.12,3,0,4916,83.882,5.808486560386819,-0.22022416271615516,0.003946197985672472,5127.0,7.030344915630337,6.4126590263765415,-0.33425145234332143,2.1667778068617314,-1.907106502399883,-3.457294162335722,0.1692006643851448,0.08298545499755335,5|26|5|42|5|5|26|17|34|5|21,119,54
196,0.0007774241062605809,-3.291293452280551,-3.291293452280551,5.808486560386819,5.808486560386819,5.664120141622027,1,0.04,1,0,4941,83.882,5.808486560386819,-0.22023111717389374,0.003946282008164875,5060.0,7.030344915630337,6.4126590263765415,-0.33425145234332143,2.1662257919119368,-1.9070930762791438,-3.5206180302625922,0.1692006643851448,0.08298545499755335,5|26|5|42|5|5|26|17|33|5|21,119,53
197,0.0007618756241353693,-3.3059682478797887,-3.3059682478797887,5.805672633580039,5.805672633580039,5.664120141622027,4,0.16,3,0,4966,83.882,5.805672633580039,-0.22035163661147825,0.003948286092733576,4956.0,7.030344915630337,6.412663067642707,-0.33495456376464733,2.156659477213022,-1.9067728396303332,-3.6189117954028096,0.1692006643851448,0.08298620777344491,5|24|5|41|5|5|27|17|34|5|20,119,53
198,0.0007466381116526619,-3.3132893452964187,-3.3132893452964187,5.803178487411933,5.803178487411933,5.664120141622027,2,0.08,2,0,4991,83.882,5.803178487411933,-0.2203407864653381,0.003948724750416495,4913.0,6.764031449874301,6.412663946442603,-0.3355777721057548,2.1575207151559304,-1.906702745648998,-3.6595524867588614,0.16279124694099487,0.08298637146951146,5|25|5|41|5|5|26|17|34|5|19,118,53
199,0.0007317053494196087,-3.320181509229165,-3.320181509229165,5.805707018874085,5.805707018874085,5.664120141622027,4,0.16,2,0,5016,83.882,5.805707018874085,-0.22046489760742088,0.003946223799192568,4896.0,6.746678126397763,6.412841666016987,-0.3349459719658444,2.147669306398957,-1.9071023776062996,-3.675619736829858,0.16237360116447078,0.08301947570110202,5|24|5|41|5|5|26|18|35|5|17,118,52
200,0.0007170712424312165,-3.3289693412605175,-3.3298346499205613,5.791612914511016,5.786814529301411,5.664120141622027,5,0.2,4,0,5041,83.84333333333333,5.791612914511016,-0.22057037981197067,0.003950138569838862,4845.0,6.950407179118678,6.413246291547489,-0.33846764343475233,2.139296582595372,-1.9064768286388514,-3.7238214870428497,0.1672767874929675,0.08309484622410515,5|25|5|41|5|5|24|17|35|5|18,117,52
201,0.0007027298175825921,-3.35841668983173,-3.35841668983173,5.782043910196665,5.782043910196665,5.664120141622027,7,0.28,7,0,5066,83.84333333333333,5.782043910196665,-0.22071137273661237,0.003937827433499511,4671.0,6.849558370992025,6.41467074408117,-0.34085863534254646,2.128105170533752,-1.9084440495365782,-3.88827451718129,0.16484963981497197,0.08336018225548035,5|22|5|41|5|5|24|16|35|5|18,115,51
202,0.0006886752212309403,-3.388550178384177,-3.388550178384177,5.775826084275697,5.775826084275697,5.664120141622027,2,0.08,2,0,5091,83.84333333333333,5.775826084275697,-0.22125165461835603,0.003925710348833538,4639.0,6.849558370992025,6.412089850200011,-0.3424122736284873,2.08521991807597,-1.9103802625324686,-3.918518752609049,0.16484963981497197,0.08287943324936373,5|21|5|41|6|5|24|16|35|5|18,115,50
203,0.0006749017168063214,-3.393976371414845,-3.3944669151338944,5.775454671452904,5.775454671452904,5.664120141622027,3,0.12,2,0,5116,83.84333333333333,5.775454671452904,-0.22121915084683408,0.0039008467216730775,4653.0,6.849558370992025,6.412083813979165,-0.3425050779605345,2.0877999276869716,-1.9143532708393463,-3.9052868996094046,0.16484963981497197,0.08287830886870107,5|21|5|42|6|5|24|16|34|5|18,115,50
204,0.000661403682470195,-3.395875509852894,-3.395875509852894,5.775659253311008,5.775659253311008,5.664120141622027,1,0.04,1,0,5141,83.84333333333333,5.775659253311008,-0.2212195483236954,0.003900116825207851,4635.0,6.849558370992025,6.412084023039456,-0.3424539594166255,2.0877683776829468,-1.9144699024434477,-3.922299282037519,0.16484963981497197,0.0828783478108396,5|21|5|42|6|5|25|16|33|5|18,115,50
205,0.0006481756088207911,-3.400143507350839,-3.400143507350839,5.771195058612054,5.771195058612054,5.664120141622027,2,0.08,1,0,5166,83.84333333333333,5.771195058612054,-0.22123293869978655,0.0039019703864693668,4601.0,6.849558370992025,6.412083813979165,-0.34356942065474066,2.086705507209999,-1.9141737182124916,-3.954433782179513,0.16484963981497197,0.08287830886870107,5|22|5|42|6|5|24|16|32|5|19,115,50
206,0.0006352120966443752,-3.4086653553525994,-3.4086653553525994,5.7711327139785835,5.7711327139785835,5.6414601576722125,2,0.08,2,1,5191,83.84333333333333,5.7711327139785835,-0.2212025521074702,0.003904111459363245,4491.0,6.849558370992025,6.412083328625351,-0.34358499860927244,2.089117464239935,-1.9138315919274522,-4.058398341462436,0.16484963981497197,0.08287821846073606,5|22|5|42|6|5|23|16|31|5|19,115,48
207,0.0006225078547114877,-3.417750996036641,-3.417750996036641,5.773598052458383,5.773598052458383,5.6414601576722125,2,0.08,2,0,5216,83.84333333333333,5.773598052458383,-0.2211377240874711,0.0038713120023049345,4472.0,6.849558370992025,6.412119796476938,-0.3429689883994814,2.094263233694626,-1.9190726822363104,-4.076355856247668,0.16484963981497197,0.08288501141085843,5|21|5|43|6|5|23|16|30|5|19,114,48
208,0.0006100576976172579,-3.417750996036641,-3.417750996036641,5.773598052458383,5.773598052458383,5.6414601576722125,0,0.0,0,1,5241,83.84333333333333,5.773598052458383,-0.2211377240874711,0.0038713120023049345,4472.0,6.849558370992025,6.412119796476938,-0.3429689883994814,2.094263233694626,-1.9190726822363104,-4.076355856247668,0.16484963981497197,0.08288501141085843,5|21|5|43|6|5|23|16|30|5|19,114,48
209,0.0005978565436649127,-3.4311245205568666,-3.4311245205568666,5.802429663945094,5.802429663945094,5.6414601576722125,3,0.12,3,0,5266,83.79933333333334,5.802429663945094,-0.22149744895122617,0.0038635835396534164,4435.0,6.800403346225301,6.41488421322857,-0.33576487943591804,2.0657098208951994,-1.9203076286146372,-4.111325753461014,0.16366661637185373,0.08339994564180092,5|22|5|42|5|5|22|16|31|5|19,114,47
210,0.0005858994127916144,-3.439477978979974,-3.439477978979974,5.7944279661808,5.7944279661808,5.6414601576722125,4,0.16,3,0,5291,83.79933333333334,5.7944279661808,-0.2215038868466799,0.0038666884839798324,4360.0,6.800403346225301,6.414858676063158,-0.3377642509456945,2.0651988084382586,-1.919811483401325,-4.1822106802448245,0.16366661637185373,0.08339518877559254,5|22|5|41|5|5|23|16|31|5|18,114,47
211,0.0005741814245357822,-3.4453886876918705,-3.4453886876918705,5.791687130073358,5.791687130073358,5.6414601576722125,3,0.12,2,0,5316,83.79933333333334,5.791687130073358,-0.22147413735739493,0.0038611310527309484,4311.0,6.800403346225301,6.4148657717441955,-0.3384490993100804,2.0675601949692277,-1.9206995163650684,-4.2285221657435805,0.16366661637185373,0.08339651050432823,5|22|5|41|5|5|24|16|30|5|17,114,47
212,0.0005626977960450665,-3.4511887603394125,-3.4511887603394125,5.791687130073358,5.791687130073358,5.6414601576722125,1,0.04,1,1,5341,83.79933333333334,5.791687130073358,-0.22148023142195017,0.003861187590544693,4252.0,6.800403346225301,6.4148657717441955,-0.3384490993100804,2.067076474330472,-1.9206904820756538,-4.284284974813512,0.16366661637185373,0.08339651050432823,5|22|5|41|5|5|24|16|29|5|17,113,47
213,0.0005514438401241651,-3.4521439189634657,-3.4521439189634657,5.8041897089862,5.8041897089862,5.6414601576722125,1,0.04,1,0,5366,83.84333333333333,5.8041897089862,-0.22154837856431983,0.0038597446762324854,4242.0,6.800403346225301,6.41520634885527,-0.3353250997773044,2.061667247214864,-1.9209210482159649,-4.293736298384687,0.16366661637185373,0.08345995058175666,5|21|5|41|5|5|24|17|29|5|17,113,47
214,0.0005404149633216818,-3.458521049512258,-3.458521049512258,5.806439338413633,5.806439338413633,5.6414601576722125,3,0.12,3,0,5391,83.84333333333333,5.806439338413633,-0.22161663272062643,0.003862182133239471,4189.0,6.800403346225301,6.415204718365083,-0.3347629884457772,2.0562495257931226,-1.9205315621255439,-4.343828313311913,0.16366661637185373,0.08345964686662032,5|19|5|40|5|5|25|17|30|5|17,112,47
215,0.0005296066640552481,-3.5554208819727537,-3.5554208819727537,6.063440415746694,6.063440415746694,5.6414601576722125,2,0.08,2,1,5416,83.70266666666666,6.063440415746694,-0.2236563858884546,0.003594260117072609,4177.0,7.3227546741080705,6.418523611490227,-0.27054653749526586,1.8943426906581688,-1.9633433525757793,-4.355169901597322,0.176238146329613,0.08407786467982364,5|20|5|39|5|5|25|16|31|5|17,112,47
216,0.0005190145307741432,-3.5740886551108395,-3.5740886551108395,5.995819995785859,5.995819995785859,5.6414601576722125,6,0.24,6,1,5441,83.708,5.995819995785859,-0.22339276246686532,0.003549232785470438,4201.0,7.3227546741080705,6.417315515701275,-0.2874427444167663,1.9152679842329863,-1.9705383592148933,-4.332486725026503,0.176238146329613,0.08385282991412786,5|18|5|41|5|5|25|14|31|5|17,111,46
217,0.0005086342401586603,-3.5874570439408644,-3.5874570439408644,5.942501896230215,5.942501896230215,5.6414601576722125,2,0.08,2,0,5466,84.006,5.942501896230215,-0.2232827374084179,0.0035540873106470836,4139.0,7.3227546741080705,6.416197305384768,-0.3007652532576622,1.9240013002438292,-1.9697626450068138,-4.391084931167787,0.176238146329613,0.08364453832096529,5|17|5|41|5|5|25|13|31|5|17,109,46
218,0.0004984615553554871,-3.5874570439408644,-3.5874570439408644,5.942501896230215,5.942501896230215,5.6414601576722125,0,0.0,0,0,5491,84.006,5.942501896230215,-0.2232827374084179,0.0035540873106470836,4139.0,7.3227546741080705,6.416197305384768,-0.3007652532576622,1.9240013002438292,-1.9697626450068138,-4.391084931167787,0.176238146329613,0.08364453832096529,5|17|5|41|5|5|25|13|31|5|17,109,46
219,0.0004884923242483774,-3.6052239921436073,-3.6052239921436073,5.948001522688897,5.948001522688897,5.6414601576722125,2,0.08,2,0,5516,84.006,5.948001522688897,-0.2234761035184745,0.00354245806048194,4057.0,7.3227546741080705,6.416194742014682,-0.2993910703305129,1.9086527299386504,-1.9716209059600809,-4.468585784451419,0.176238146329613,0.08364406083615658,5|17|5|41|5|5|24|13|31|5|16,109,44
220,0.00047872247776340984,-3.6076712182530213,-3.6076712182530213,5.946387252540757,5.946387252540757,5.6414601576722125,1,0.04,1,0,5541,83.874,5.946387252540757,-0.22355357331814954,0.003539681318693923,4065.0,7.419918176033084,6.416117529341256,-0.29979442544818263,1.9025035103753438,-1.9720646070387147,-4.46102472559448,0.17857659903385353,0.08362967825488117,5|17|5|41|5|5|24|12|31|5|17,109,44
221,0.0004691480282081416,-3.6251121309153183,-3.6251121309153183,5.93082479092338,5.93082479092338,5.6414601576722125,2,0.08,2,1,5566,83.96866666666666,5.93082479092338,-0.2236802303120703,0.003541500482535757,3985.0,7.293310646427686,6.415877298408802,-0.3036829930117588,1.8924500228471197,-1.9717739192396846,-4.5366353141638776,0.1755295112476244,0.08358492988965044,5|16|5|41|5|5|23|12|31|5|17,107,44
222,0.0004597650676439788,-3.630349561820851,-3.630349561820851,5.902543497553835,5.902543497553835,5.6414601576722125,3,0.12,3,0,5591,83.96333333333332,5.902543497553835,-0.22360093744534584,0.0035422267675771775,3973.0,7.265152081276051,6.415051691201531,-0.3107495948615589,1.8987439496332723,-1.9716578647121572,-4.547976902449287,0.17485181363975935,0.08343114214687042,5|15|5|41|5|5|23|10|32|5|17,107,42
223,0.0004505697662910992,-3.639833953877791,-3.639833953877791,5.857707768369136,5.857707768369136,5.582571755018668,7,0.28,5,0,5616,84.00933333333334,5.857707768369136,-0.22368490133628713,0.0036108300412445796,3795.0,7.265152081276051,6.4145130845211975,-0.32195262729199636,1.8920792570310814,-1.9606956115219611,-4.716210462016198,0.17485181363975935,0.08333081464865431,5|14|5|39|5|5|24|8|32|5|17,103,42
224,0.0004415583709652772,-3.6446259223417177,-3.6446259223417177,5.848401435146045,5.848401435146045,5.582571755018668,3,0.12,3,1,5641,84.12599999999999,5.848401435146045,-0.2236643496563154,0.0036006302866534016,3795.0,7.265152081276051,6.414270603846352,-0.3242779859914668,1.8937105610110976,-1.9623254505417205,-4.716210462016198,0.17485181363975935,0.08328564721876285,5|16|5|40|5|5|24|7|30|5|17,103,42
225,0.00043272720354597163,-3.6511900753686692,-3.6511900753686692,5.864841927096577,5.864841927096577,5.55941243166903,2,0.08,2,0,5666,84.00933333333334,5.864841927096577,-0.22369586692181576,0.0036009195576037992,3694.0,7.265152081276051,6.414615586096022,-0.32017002638328446,1.891208856005926,-1.9622792273627188,-4.811668830085063,0.17485181363975935,0.0833499078514326,5|16|5|40|5|5|24|8|28|5|17,102,42
226,0.0004240726594750522,-3.6513166191184174,-3.6513166191184174,5.802041284070012,5.802041284070012,5.55941243166903,1,0.04,1,1,5691,84.05,5.802041284070012,-0.223488791073238,0.0036333555864784123,3663.0,7.265152081276051,6.4136582078075435,-0.3358619232983686,1.9076456464004268,-1.9570962099642797,-4.840967933155705,0.17485181363975935,0.08317157480797678,5|15|5|40|5|5|24|8|28|5|17,101,42
227,0.0004155912062855512,-3.6513166191184174,-3.6513166191184174,5.802041284070012,5.802041284070012,5.55941243166903,0,0.0,0,1,5716,84.05,5.802041284070012,-0.223488791073238,0.0036333555864784123,3663.0,7.265152081276051,6.4136582078075435,-0.3358619232983686,1.9076456464004268,-1.9570962099642797,-4.840967933155705,0.17485181363975935,0.08317157480797678,5|15|5|40|5|5|24|8|28|5|17,101,42
228,0.00040727938215984015,-3.665185599250626,-3.665185599250626,5.806038301442294,5.806038301442294,5.55941243166903,3,0.12,3,1,5741,84.05,5.806038301442294,-0.22352807317962198,0.0036383905541208916,3527.0,7.093312782110443,6.41369969218942,-0.3348631949167639,1.9045276017162076,-1.9562916624966342,-4.96950593372368,0.17071612414867102,0.0831793021986696,5|16|5|39|5|5|24|8|27|5|16,99,42
229,0.0003991337945166433,-3.669304519932604,-3.669304519932604,5.823530676331014,5.823530676331014,5.55941243166903,2,0.08,2,0,5766,84.04866666666666,5.823530676331014,-0.22361238715932857,0.003641161309559361,3463.0,7.093312782110443,6.4139132079235175,-0.33049240298971805,1.8978351205732749,-1.9558489179886698,-5.029994404579199,0.17071612414867102,0.08321907426280097,5|17|5|38|5|5|24|8|26|5|17,99,42
230,0.00039115111862631044,-3.669304519932604,-3.669304519932604,5.823530676331014,5.823530676331014,5.55941243166903,0,0.0,0,1,5791,84.04866666666666,5.823530676331014,-0.22361238715932857,0.003641161309559361,3463.0,7.093312782110443,6.4139132079235175,-0.33049240298971805,1.8978351205732749,-1.9558489179886698,-5.029994404579199,0.17071612414867102,0.08321907426280097,5|17|5|38|5|5|24|8|26|5|17,99,42
231,0.00038332809625378424,-3.675917520780247,-3.6771204274482865,5.81761689037522,5.823229755062693,5.55941243166903,3,0.12,2,0,5816,84.00933333333334,5.81761689037522,-0.2236373654011359,0.003645951170483916,3403.0,7.093312782110443,6.4138705988120766,-0.33197007129252415,1.8958524551498075,-1.9550835366097088,-5.0867023460062475,0.17071612414867102,0.08321113736615973,5|16|5|38|5|5|23|8|27|5|16,98,41
232,0.00037566153432870856,-3.678201063808169,-3.678201063808169,5.806568793081522,5.806568793081522,5.55941243166903,1,0.04,1,1,5841,84.00933333333334,5.806568793081522,-0.22360097996133577,0.00362932080508407,3449.0,7.093312782110443,6.413872283785167,-0.3347306418135489,1.8987405748968191,-1.9577409356872284,-5.043226257578844,0.17071612414867102,0.08321145122995113,5|16|5|39|5|5|23|8|27|5|15,98,41
233,0.0003681483036421344,-3.678201063808169,-3.678201063808169,5.806568793081522,5.806568793081522,5.55941243166903,0,0.0,0,0,5866,84.00933333333334,5.806568793081522,-0.22360097996133577,0.00362932080508407,3449.0,7.093312782110443,6.413872283785167,-0.3347306418135489,1.8987405748968191,-1.9577409356872284,-5.043226257578844,0.17071612414867102,0.08321145122995113,5|16|5|39|5|5|23|8|27|5|15,98,41
234,0.0003607853375692917,-3.6822442221565557,-3.6822442221565557,5.788405019773075,5.788405019773075,5.55941243166903,1,0.04,1,0,5891,84.05,5.788405019773075,-0.22369583366883095,0.003637969994886983,3465.0,7.093312782110443,6.413695986784346,-0.33926919499722474,1.891211495484866,-1.9563588644908996,-5.028104139864964,0.17071612414867102,0.08317861198439178,5|15|5|39|5|5|24|8|27|5|15,98,41
