temperature_step,temperature,current_energy,best_energy,current_D,best_E_D,best_D,accepted,acceptance_rate,new_bests,infeasible_proposals,blackbox_calls,security_pct,raw_DD,raw_S,raw_V,raw_N,raw_P,z_DD,z_S,z_V,z_N,z_P,sizes,n_covered,n_overlap
1,0.07515249419071297,0.058599863099906876,-0.049998543609804845,6.622952248327756,6.74652566724523,6.622952248327756,13,0.52,1,8,66,47.474000000000004,6.622952248327756,-0.12608124064780757,0.054875567644165714,5423.0,0.09046463054930298,-0.13275092850649764,0.6279504567062332,-0.4094704953229704,0.1472945359313414,0.004231771474551221,41|39|45|14,67,40
2,0.07364944430689871,-0.1576043564602401,-0.4240979714155456,6.294039083748011,6.266548751503765,6.266548751503765,6,0.24,1,16,91,47.474000000000004,6.294039083748011,-0.1069959186397986,0.03988857720089547,5758.0,0.11425697814241234,-0.48378538217657147,1.8901207489919494,-1.810888478682135,0.551750843611664,0.0053447343777961,42|39|48|13,69,41
3,0.07217645542076073,-0.2740448075904251,-0.4240979714155456,6.268525887001786,6.266548751503765,6.2619696019065,9,0.36,0,12,116,47.474000000000004,6.268525887001786,-0.1219229906379122,0.04816832889685869,5790.0,0.09226086693774133,-0.5110144871369378,0.9029481553661911,-1.036657456890713,0.5903854759870979,0.004315796157612317,40|39|50|13,70,41
4,0.07073292631234551,-0.13486064647321244,-0.4240979714155456,6.26157152925125,6.266548751503765,6.26157152925125,10,0.4,0,10,141,47.474000000000004,6.26157152925125,-0.12479203534791064,0.04997267133627676,6050.0,0.09398459673305182,-0.5184365651699192,0.7132095175438949,-0.8679352606425604,0.9042918640374975,0.004396429113645376,38|39|54|13,73,42
5,0.0693182677860986,0.13016819557715092,-0.4240979714155456,6.305542030924498,6.266548751503765,6.26157152925125,8,0.32,0,14,166,47.474000000000004,6.305542030924498,-0.12100940433233356,0.049225301266380715,6268.0,0.05514513486440058,-0.47150879609692026,0.963366391634698,-0.9378210632752716,1.1674902970951404,0.002579589473393902,35|43|55|13,75,43
6,0.06793190243037663,0.04904810562143153,-0.4240979714155456,6.295645010933441,6.266548751503765,6.26157152925125,8,0.32,0,14,191,47.474000000000004,6.295645010933441,-0.1196094426514667,0.04791484778960047,6177.0,0.04823909275602704,-0.4820714472147656,1.0559501082304692,-1.0603602131911263,1.0576230612775004,0.0022565373388877285,34|44|54|13,76,43
7,0.0665732643817691,0.2895638197366543,-0.4240979714155456,6.299895511802742,6.266548751503765,6.26157152925125,8,0.32,0,16,216,47.474000000000004,6.299895511802742,-0.11843095381254351,0.047419900333361145,6492.0,0.36886931510544735,-0.4775350758828807,1.1338871533405772,-1.1066422381658692,1.437932723723177,0.017255038085296253,35|43|57|13,77,45
8,0.06524179909413372,0.19681154608076815,-0.4240979714155456,6.272604024910456,6.266548751503765,6.2606364601214,13,0.52,0,6,241,47.474000000000004,6.272604024910456,-0.12036208811787821,0.04777167574801126,6514.0,0.053582160603278244,-0.5066620711593337,1.006175378313442,-1.0737480827942238,1.4644940334812877,0.0025064763699244688,32|40|61|13,79,43
9,0.06393696311225104,0.2939509370056641,-0.4240979714155456,6.267680508948624,6.266548751503765,6.259838406439824,9,0.36,0,12,266,47.474000000000004,6.267680508948624,-0.11718578979737068,0.04605119092670197,6639.0,0.0786689345168068,-0.5119167216930267,1.2162336302988823,-1.2346288398618979,1.615410566197826,0.0036799901906428116,30|43|61|13,81,43
10,0.06265822385000602,-0.0393002647331791,-0.4240979714155456,6.275642568211178,6.266548751503765,6.254533088458998,13,0.52,0,11,291,47.474000000000004,6.275642568211178,-0.12308437995954186,0.050407634355512536,6060.0,0.06943933987949275,-0.503419168465291,0.826141953253192,-0.8272623183623488,0.9163651866548206,0.003248246479639976,31|41|57|13,81,41
11,0.0614050593730059,-0.2528110862293358,-0.4240979714155456,6.236217365420064,6.266548751503765,6.236217365420064,6,0.24,0,15,316,47.474000000000004,6.236217365420064,-0.1257534451210896,0.05086293046126183,5886.0,0.07556843162978102,-0.5454959413433045,0.649628570158757,-0.7846880501818437,0.7062893731133992,0.003534954284406189,32|38|57|13,82,40
12,0.06017695818554578,-0.21948589333759363,-0.4240979714155456,6.236050342593455,6.266548751503765,6.233877088344919,9,0.36,0,8,341,47.474000000000004,6.236050342593455,-0.12605802158139953,0.05112031377812696,5938.0,0.07717462099053361,-0.545674197409048,0.6294860040667931,-0.7606204022950463,0.7690706507234792,0.0036100889119207082,31|38|58|13,83,41
13,0.058973419021834866,-0.2254922001542994,-0.4240979714155456,6.2516594467770314,6.266548751503765,6.232899879025336,9,0.36,0,9,366,47.474000000000004,6.2516594467770314,-0.12319496257674917,0.049877946686213384,5838.0,0.08910581662146819,-0.529015291808957,0.8188287890202961,-0.8767928647471809,0.6483374245502486,0.004168208621487887,33|38|56|13,84,40
14,0.05779395064139817,-0.15866761365472737,-0.4240979714155456,6.234990936325711,6.266548751503765,6.22024695387065,9,0.36,0,11,391,47.474000000000004,6.234990936325711,-0.12237657667493101,0.04879381215286848,6018.0,0.08462962156682234,-0.5468048547996915,0.8729511335354614,-0.9781691642224689,0.8656572316620638,0.003958820328717995,32|35|60|13,86,39
15,0.0566380716285702,-0.2942196313751142,-0.4240979714155456,6.211433046216195,6.266548751503765,6.211433046216195,9,0.36,0,9,416,47.474000000000004,6.211433046216195,-0.12558688387976508,0.04960750040620879,5899.0,0.40033929012374586,-0.5719471475831981,0.6606437707698772,-0.9020820168131461,0.7219846925159192,0.01872714648587935,35|32|59|13,85,39
16,0.055505310195998796,-0.31872646743055627,-0.4240979714155456,6.20804213732031,6.266548751503765,6.192337736436388,11,0.44,0,9,441,47.474000000000004,6.20804213732031,-0.12560644117370462,0.049533187195438026,5870.0,0.40824485504800173,-0.5755661144714129,0.6593503875407323,-0.909030968330098,0.6869720569256824,0.019096954486349172,36|34|57|13,85,41
17,0.05439520399207882,-0.2650357317693824,-0.43928416751518584,6.214089019141978,6.201678798112108,6.192337736436388,12,0.48,2,10,466,47.474000000000004,6.214089019141978,-0.1267383210601504,0.05002428934748052,5963.0,0.467699016240148,-0.5691125453070741,0.5844957339745999,-0.8631085137756689,0.7992539572667868,0.02187811240241644,39|32|57|13,87,42
18,0.05330729991223724,-0.30439156094135866,-0.43928416751518584,6.20905851506074,6.201678798112108,6.192337736436388,8,0.32,0,7,491,47.474000000000004,6.20905851506074,-0.1255053076860985,0.04926733504823246,5899.0,0.45986614909987944,-0.5744813795223265,0.6660386521431388,-0.9338905277872687,0.7219846925159192,0.02151170507253658,37|35|56|13,87,42
19,0.05224115391399249,-0.43233242575903563,-0.5374627999692857,6.221593628987219,6.208159730780378,6.192337736436388,8,0.32,2,14,516,47.474000000000004,6.221593628987219,-0.12394241878074802,0.048960142415846515,5606.0,0.44103769430278295,-0.5611032075829451,0.76939724078254,-0.9626157932774072,0.36823633982835347,0.020630944078583194,36|35|54|13,85,41
20,0.05119633083571264,-0.44667950887391455,-0.5374627999692857,6.216016145956144,6.208159730780378,6.192337736436388,6,0.24,0,14,541,47.474000000000004,6.216016145956144,-0.12432735158910957,0.04864909379783224,5644.0,0.3976147806335852,-0.5670558082067884,0.743940465411594,-0.9917016279974766,0.4141149657741811,0.01859969886936228,35|35|55|13,85,41
21,0.05017240421899839,-0.36832926304967883,-0.5374627999692857,6.22814968371804,6.208159730780378,6.192337736436388,9,0.36,0,11,566,47.474000000000004,6.22814968371804,-0.1224041557100547,0.04781239719995311,5715.0,0.3769458376992755,-0.5541062207228867,0.871127248205761,-1.0699402619194576,0.49983555635717486,0.017632843175734374,35|36|55|13,85,41
22,0.04916895613461843,-0.24323909596759924,-0.5374627999692857,6.25092676800512,6.208159730780378,6.192337736436388,9,0.36,0,10,591,47.474000000000004,6.25092676800512,-0.1254336415139302,0.051072033904213394,5794.0,0.3861754323365896,-0.5297972474133863,0.6707781537053713,-0.7651350033947731,0.5952148050340271,0.01806458688673721,34|38|55|13,86,41
23,0.04818557701192606,-0.3640980263691517,-0.5374627999692857,6.23178793740248,6.208159730780378,6.192337736436388,4,0.16,0,12,616,47.474000000000004,6.23178793740248,-0.12656795688062675,0.05071911600984492,5719.0,0.3738877509508833,-0.5502232736962379,0.5957624344355169,-0.7981359908638298,0.5046648854041041,0.01748979141959531,34|37|55|13,86,42
24,0.04722186547168754,-0.6057817802709552,-0.6172680203955436,6.177568827308452,6.194937088074092,6.177568827308452,9,0.36,3,12,641,47.474000000000004,6.177568827308452,-0.12897814267048222,0.050080231548897895,5596.0,0.3738877509508833,-0.6080889286469997,0.4363695302147664,-0.857877416352089,0.3561630172110304,0.01748979141959531,33|33|57|13,85,42
25,0.04627742816225379,-0.609763933608046,-0.6578247080766347,6.205090227417376,6.17484680665274,6.17484680665274,11,0.44,1,6,666,47.474000000000004,6.205090227417376,-0.12846054440033033,0.05057564174992086,5478.0,0.34823752867262187,-0.5787165571768109,0.4705998753800212,-0.8115521205909966,0.21369781032661825,0.016289920505471723,32|37|54|13,85,43
26,0.045351879599008715,-0.603447897255126,-0.6578247080766347,6.207772594453595,6.17484680665274,6.17484680665274,8,0.32,0,6,691,47.474000000000004,6.207772594453595,-0.13034857847837247,0.05092726044048577,5554.0,0.3863493278888379,-0.5758537856355596,0.34573844924700503,-0.7786726203265432,0.3054550622182735,0.018072721405532982,32|35|56|13,86,43
27,0.04444484200702854,-1.0755196325394618,-1.0755196325394618,6.173365775787127,6.173365775787127,6.173365775787127,13,0.52,10,4,716,47.474000000000004,6.173365775787127,-0.11873051778655044,0.03989709527231184,5051.0,0.3845756270535728,-0.6125746593912236,1.114076078187015,-1.810091962629654,-0.3018330654330766,0.017989750894809767,33|33|52|13,86,40
28,0.043555945166887974,-1.097584409422493,-1.1639502327737035,6.170032359138873,6.160967038143624,6.160967038143624,9,0.36,2,3,741,47.474000000000004,6.170032359138873,-0.12083773155770403,0.040315583068076075,5103.0,0.38686551963113125,-0.6161322673497549,0.9747196334631951,-1.7709596014647957,-0.2390517878229967,0.018096867919780286,35|30|53|13,86,40
29,0.04268482626355021,-1.146319988835074,-1.208216455873441,6.139011640780583,6.139011640780583,6.138101934385854,9,0.36,2,9,766,47.474000000000004,6.139011640780583,-0.1173691028968604,0.03543266324460686,5259.0,0.42750906718165427,-0.6492393062099019,1.2041105784443924,-2.2275563863772394,-0.05070795499275687,0.01999809941881496,35|27|56|13,87,40
30,0.0418311297382792,-1.7042455394036258,-1.7042455394036258,6.112146495024907,6.112146495024907,6.110031555898287,6,0.24,5,10,791,47.474000000000004,6.112146495024907,-0.13280350627120543,0.03719050109952526,5092.0,0.4246642818764491,-0.6779112864730212,0.18338662052124208,-2.0631827857509486,-0.2523324427020521,0.01986502551763732,37|23|55|13,85,39
31,0.04099450714351362,-2.2004205122639044,-2.2004205122639044,6.090710023690544,6.090710023690544,6.090710023690544,10,0.4,9,6,816,47.474000000000004,6.090710023690544,-0.1440285803001307,0.03662191419739408,4967.0,0.42380480598552983,-0.7007894829510705,-0.5589616071938545,-2.1163507591853294,-0.40324897541859034,0.019824820793026474,39|19|54|13,85,36
32,0.04017461700064334,-2.177297662470332,-2.2004205122639044,6.098701117891849,6.090710023690544,6.060089571155929,3,0.12,0,14,841,47.474000000000004,6.098701117891849,-0.14240582240020042,0.03699660993923889,4873.0,0.4255285357808404,-0.6922609420191033,-0.4516437001653831,-2.081313347711886,-0.5167382080214271,0.019905453749059537,40|20|52|13,84,37
33,0.039371124660630474,-2.320767657676445,-2.362828578282484,6.096109312225772,6.09436575492509,6.060089571155929,6,0.24,4,9,866,47.474000000000004,6.096109312225772,-0.1445549291846254,0.03756264776312814,4711.0,0.4435787215555608,-0.695027061420779,-0.5937706570546932,-2.028383735948766,-0.7123260344220608,0.020749808728547158,41|19|50|13,82,37
34,0.03858370216741786,-2.6276442877550945,-2.6276442877550945,6.092418640822467,6.092418640822467,6.060089571155929,9,0.36,5,10,891,47.474000000000004,6.092418640822467,-0.14689457675179501,0.03655977994411133,4415.0,0.4435787215555608,-0.6989659515572987,-0.7484986544372277,-2.1221608689777285,-1.0696963838948235,0.020749808728547158,39|18|49|13,79,37
35,0.0378120281240695,-2.8239371095817782,-2.8239371095817782,6.082460872150348,6.082460872150348,6.060089571155929,5,0.2,4,13,916,47.474000000000004,6.082460872150348,-0.1552135601759938,0.036522583384981065,4566.0,0.4435787215555608,-0.7095934370520091,-1.2986582868308967,-2.1256390807695857,-0.8873892123732452,0.020749808728547158,40|14|51|13,79,36
36,0.03705578756158811,-2.9306757679561986,-2.9306757679561986,6.077501150336696,6.077501150336696,6.060089571155929,6,0.24,3,15,941,47.474000000000004,6.077501150336696,-0.15466271255614453,0.036571361139266054,4364.0,0.4435787215555608,-0.7148867284878668,-1.2622290612166633,-2.1210779233910175,-1.1312703292431712,0.020749808728547158,37|15|51|13,77,36
37,0.036314671810356344,-3.316384027688848,-3.316384027688848,6.086775414563718,6.086775414563718,6.060089571155929,7,0.28,6,10,966,47.474000000000004,6.086775414563718,-0.15878674230054657,0.03670018764192882,3925.0,0.4408771205619403,-0.7049887170164066,-1.5349636698181104,-2.1090314903030496,-1.6612891921436537,0.020623432729982818,38|14|46|13,74,34
38,0.035588378374149215,-3.589215596190644,-3.589215596190644,6.0794500419997055,6.0794500419997055,6.060089571155929,2,0.08,2,15,991,47.474000000000004,6.0794500419997055,-0.16452575912639256,0.03543944793484545,3898.0,0.4408771205619403,-0.71280676272833,-1.914502277627345,-2.2269219570067884,-1.693887163210426,0.020623432729982818,38|13|46|13,74,33
39,0.03487661080666623,-3.698838789238151,-3.698838789238151,6.075615180177827,6.075615180177827,6.060089571155929,2,0.08,2,14,1016,47.474000000000004,6.075615180177827,-0.16505370154245824,0.03579028495725604,3732.0,0.3952594565037207,-0.7168995409126975,-1.94941671256934,-2.194115549723386,-1.8943043186579889,0.018489521074951783,37|13|45|13,73,32
40,0.0341790785905329,-3.7267087974160495,-3.751885411987738,6.073926833483873,6.075615180177827,6.060089571155929,3,0.12,1,7,1041,47.474000000000004,6.073926833483873,-0.16591060769526736,0.034986615024013804,3798.0,0.3952594565037207,-0.7187014385657607,-2.0060865182398255,-2.269265894376903,-1.8146203893836566,0.018489521074951783,37|12|46|13,73,32
41,0.033495497018722245,-3.8240046492470627,-3.8240046492470627,6.074868969282871,6.074868969282871,6.060089571155929,4,0.16,2,14,1066,47.474000000000004,6.074868969282871,-0.1671704504424303,0.03502552951868414,3693.0,0.44787776306759247,-0.7176959387527421,-2.089403744313005,-2.265627040208632,-1.9413902768655489,0.020950910099636188,38|12|44|13,72,32
42,0.0328255870783478,-3.8852314242557493,-3.8852314242557493,6.059832741422538,6.059832741422538,6.059832741422538,5,0.2,2,12,1091,47.474000000000004,6.059832741422538,-0.16753290406975674,0.03507733430960359,3634.0,0.44787776306759247,-0.7337434388245466,-2.1133739031895824,-2.260782827763612,-2.012622880307755,0.020950910099636188,36|12|45|13,72,31
43,0.03216907533678084,-3.8459396080991732,-3.9723552102762456,6.061611206025104,6.055409908059634,6.055409908059634,5,0.2,1,6,1116,47.474000000000004,6.061611206025104,-0.16962619157091113,0.03372000748218922,3916.0,0.446154033272282,-0.7318453623187583,-2.251809361394655,-2.387705056241344,-1.6721551824992444,0.02087027714360313,35|11|49|13,74,31
44,0.03152569383004522,-4.060405908555454,-4.064986348310763,6.056590617865046,6.054968945565347,6.053525655286602,9,0.36,2,11,1141,47.474000000000004,6.056590617865046,-0.1766979475724596,0.03128307597488575,4140.0,0.4829934110047315,-0.7372036137104898,-2.719486057428502,-2.615580002280506,-1.4017127558712077,0.02259355647257175,39|7|49|13,74,31
45,0.030895179953444315,-4.215597801417795,-4.215597801417795,6.052082384660341,6.052082384660341,6.052082384660341,4,0.16,3,11,1166,47.474000000000004,6.052082384660341,-0.17675006699400891,0.03131849117037834,3891.0,0.4829934110047315,-0.742015051349518,-2.7229328730233893,-2.6122683639609003,-1.7023384890425521,0.02259355647257175,37|7|48|13,74,28
46,0.030277276354375427,-4.252573734275655,-4.252573734275655,6.050535009915201,6.050535009915201,6.050535009915201,1,0.04,1,14,1191,47.474000000000004,6.050535009915201,-0.17844335174175074,0.030677675550964033,3975.0,0.4821339351138122,-0.7436664958849691,-2.8349149346351026,-2.672190370081076,-1.6009225790570383,0.022553351747960904,37|6|49|13,74,28
47,0.02967173082728792,-4.377453702988138,-4.434705174765173,6.05244981140609,6.05244981140609,6.049754555394726,3,0.12,2,16,1216,47.474000000000004,6.05244981140609,-0.18160739996609096,0.029067961842681317,4063.0,0.48041539171318803,-0.7416229130563533,-3.044163050566588,-2.822713034880675,-1.4946773400245954,0.02247296140207234,37|5|50|13,74,28
48,0.02907829621074216,-4.40146355479308,-4.481863767629021,6.0670434489892076,6.049863354004056,6.049754555394726,3,0.12,1,11,1241,47.474000000000004,6.0670434489892076,-0.18399596236373023,0.027881569498038966,4212.0,0.5329971026489833,-0.7260477699860106,-3.2021259342059576,-2.933651356580081,-1.3147848330264817,0.02493263854959495,36|4|52|14,75,28
49,0.028496730286527317,-4.398095829706316,-4.481863767629021,6.0669769101735325,6.049863354004056,6.049754555394726,2,0.08,0,10,1266,47.474000000000004,6.0669769101735325,-0.18390051516313388,0.027887614531804668,4212.0,0.5329971026489833,-0.7261187839171137,-3.195813721028523,-2.9330860917217803,-1.3147848330264817,0.02493263854959495,36|4|52|14,76,27
50,0.02792679568079677,-4.460068872446872,-4.481863767629021,6.0669769101735325,6.049863354004056,6.049754555394726,1,0.04,0,13,1291,47.474000000000004,6.0669769101735325,-0.18392638444373394,0.027910285636346004,4109.0,0.5329971026489833,-0.7261187839171137,-3.197524535100326,-2.930966140172661,-1.4391400559849092,0.02493263854959495,36|4|51|14,76,26
51,0.027368259767180835,-5.369401752084931,-5.369401752084931,6.06275952208687,6.06275952208687,5.904045704362091,3,0.12,3,9,1316,47.474000000000004,6.06275952208687,-0.19938056156517775,0.020893923114736253,4001.0,0.5268652385599925,-0.7306198154425854,-4.219556190957248,-3.5870589463148383,-1.5695319402519985,0.024645801059848343,36|3|50|14,75,25
52,0.026820894571837218,-5.426959004914782,-5.426959004914782,6.054892757147319,6.054892757147319,5.904045704362091,3,0.12,2,11,1341,47.474000000000004,6.054892757147319,-0.2006994579799068,0.021382330971560306,3962.0,0.47510640788703995,-0.7390156652597698,-4.30677881536854,-3.541388432521024,-1.6166178984595583,0.022224616759774784,34|3|51|14,75,24
53,0.026284476680400473,-5.409721318982473,-5.487554163822713,6.052596156850248,6.054892757147319,5.904045704362091,4,0.16,1,16,1366,47.474000000000004,6.052596156850248,-0.20076824460081566,0.021348543851405603,4001.0,0.47510640788703995,-0.7414667250451418,-4.311327883462935,-3.5445478311988268,-1.5695319402519985,0.022224616759774784,36|3|50|14,77,23
54,0.025758787146792462,-5.622305619148485,-5.6795621790637725,6.053222578220515,6.046459769371183,5.904045704362091,8,0.32,1,9,1391,47.474000000000004,6.053222578220515,-0.2123999962150293,0.023774337433613173,4097.0,0.47510640788703995,-0.7407981732595665,-5.0805709346698285,-3.317714381021412,-1.453628043125697,0.022224616759774784,36|2|51|14,77,23
55,0.02524361140385661,-5.736323691737261,-5.736323691737261,6.0198260955909975,6.0198260955909975,5.904045704362091,4,0.16,3,11,1416,47.474000000000004,6.0198260955909975,-0.21233106317981792,0.023003678803250084,4033.0,0.41109705668868024,-0.7764407601086936,-5.076012183753057,-3.389777872868552,-1.5308973078765646,0.019230375310260162,34|2|52|13,76,22
56,0.024738739175779477,-5.814371131463063,-5.814371131463063,6.021544186547598,6.021544186547598,5.904045704362091,2,0.08,2,13,1441,47.474000000000004,6.021544186547598,-0.21249025439337713,0.02315078223042852,3898.0,0.41109705668868024,-0.7746071177214195,-5.086539982050776,-3.3760223834631256,-1.693887163210426,0.019230375310260162,35|2|50|13,76,21
57,0.024243964392263888,-5.789260179549345,-5.814371131463063,6.013982889911922,6.021544186547598,5.904045704362091,2,0.08,0,10,1466,47.474000000000004,6.013982889911922,-0.21242664217847387,0.02293749910221888,3966.0,0.41109705668868024,-0.7826769547464387,-5.082333113136346,-3.395966268297877,-1.611788569412629,0.019230375310260162,33|2|52|13,76,21
58,0.02375908510441861,-6.557861961472108,-6.610765679856519,6.013289286729361,6.006721184604521,5.904045704362091,5,0.2,3,11,1491,47.474000000000004,6.013289286729361,-0.22514278342640998,0.015546293095073566,3963.0,0.41109705668868024,-0.783417206704932,-5.923290143304281,-4.087110301273286,-1.615410566197826,0.019230375310260162,33|1|52|13,76,21
59,0.023283903402330237,-6.672839084300056,-6.672839084300056,6.013485748287037,6.013485748287037,5.904045704362091,3,0.12,3,9,1516,47.474000000000004,6.013485748287037,-0.22608076234479302,0.016357074413233745,3759.0,0.42252469695124467,-0.7832075319853014,-5.9853215371197255,-4.011294978367577,-1.8617063475912166,0.01976493961225217,33|1|50|13,74,21
60,0.022818225334283633,-6.708677079810098,-6.725757770817625,6.005215761176775,6.006922097774593,5.904045704362091,2,0.08,1,11,1541,47.474000000000004,6.005215761176775,-0.22632872644690147,0.01632618152731272,3732.0,0.41109705668868024,-0.7920337229674067,-6.0017201560742945,-4.01418374019414,-1.8943043186579889,0.019230375310260162,31|1|51|13,74,20
61,0.02236186082759796,-6.626733227978403,-6.725757770817625,6.0144507989959255,6.006922097774593,5.904045704362091,2,0.08,0,11,1566,47.474000000000004,6.0144507989959255,-0.22575857679921232,0.01654779677726655,3795.0,0.4628558873616328,-0.7821775761038107,-5.96401442875314,-3.9934607272685265,-1.8182423861688535,0.021651559610333725,32|1|51|13,75,20
62,0.021914623611046,-6.658266434469478,-6.725757770817625,6.045260085636268,6.006922097774593,5.904045704362091,5,0.2,0,11,1591,47.474000000000004,6.045260085636268,-0.22474056756768532,0.01544294684384431,3721.0,0.444165198507511,-0.7492961889523545,-5.896690387337082,-4.09677410239024,-1.9075849735370443,0.02077724305752938,32|1|50|14,75,21
63,0.021476331138825078,-6.779160332888207,-6.779160332888207,6.049562959481387,6.049562959481387,5.904045704362091,4,0.16,3,6,1616,47.474000000000004,6.049562959481387,-0.22464619987448248,0.01557151143564528,3498.0,0.444165198507511,-0.7447039222628697,-5.890449565261239,-4.084752160316205,-2.1768200679033485,0.02077724305752938,30|1|49|14,74,19
64,0.021046804516048574,-6.83753755306099,-6.83753755306099,6.049445429667734,6.049445429667734,5.904045704362091,1,0.04,1,10,1641,47.474000000000004,6.049445429667734,-0.22468467729419403,0.015605222495578849,3401.0,0.444165198507511,-0.7448293566278283,-5.892994193854006,-4.081599873951052,-2.2939312972913823,0.02077724305752938,30|1|48|14,74,19
65,0.0206258684257276,-6.987352440808685,-6.987352440808685,6.015935048457189,6.015935048457189,5.904045704362091,4,0.16,3,13,1666,47.474000000000004,6.015935048457189,-0.2252448945652488,0.015899039501599065,3220.0,0.444165198507511,-0.7805935023881523,-5.930043062951104,-4.054125349455149,-2.5124584366649296,0.02077724305752938,29|1|47|13,72,18
66,0.020213351057213048,-7.118712850924718,-7.118712850924718,6.006193107482351,6.006193107482351,5.884343744000491,3,0.12,3,8,1691,47.474000000000004,6.006193107482351,-0.22575846047646722,0.01632188933454819,3015.0,0.444165198507511,-0.7909906445401181,-5.964006735976821,-4.014585098702443,-2.7599615503200527,0.02077724305752938,27|1|46|13,69,18
67,0.019809084036068788,-7.232122230032813,-7.232122230032813,6.004579894206963,6.004579894206963,5.884343744000491,3,0.12,3,15,1716,47.474000000000004,6.004579894206963,-0.22527794747036578,0.015917293769928398,2835.0,0.444165198507511,-0.7927123556230494,-5.932228951923524,-4.052418411694254,-2.9772813574318677,0.02077724305752938,27|1|44|13,68,17
68,0.01941290235534741,-7.199014603713072,-7.232122230032813,6.005186421640162,6.004579894206963,5.884343744000491,1,0.04,0,9,1741,47.474000000000004,6.005186421640162,-0.22529161648497348,0.01591110518635539,2890.0,0.444165198507511,-0.7920650357554457,-5.933132925362139,-4.05299709974664,-2.910878083036591,0.02077724305752938,28|1|44|13,69,17
69,0.01902464430824046,-7.351069524899737,-7.351069524899737,5.984964343051141,5.984964343051141,5.884343744000491,5,0.2,5,10,1766,47.474000000000004,5.984964343051141,-0.2268956383888929,0.016191925021526218,2748.0,0.39240636783455846,-0.8136471646393422,-6.03921176408716,-4.026737927260874,-3.0823192642025785,0.018356058757455822,27|1|43|13,69,15
70,0.018644151422075653,-7.446977928194965,-7.446977928194965,5.9838778334253275,5.9838778334253275,5.884343744000491,2,0.08,2,16,1791,47.474000000000004,5.9838778334253275,-0.22778883607398895,0.01696622569443138,2580.0,0.39240636783455846,-0.8148067482437018,-6.0982816389781105,-3.954333871780632,-3.285151084173606,0.018356058757455822,27|1|41|13,67,15
71,0.01827126839363414,-7.4333207278884075,-7.481483018044655,5.981298554877958,5.980872710490859,5.884343744000491,3,0.12,1,11,1816,47.474000000000004,5.981298554877958,-0.22772580423955277,0.016885286351285958,2610.0,0.39240636783455846,-0.817559498006381,-6.094113152386151,-3.9619024260860902,-3.2489311163216366,0.018356058757455822,26|1|42|13,67,15
72,0.017905843025761457,-7.4990549704218425,-7.4990549704218425,5.981686471432709,5.981686471432709,5.884343744000491,2,0.08,1,10,1841,47.474000000000004,5.981686471432709,-0.22794808697319544,0.01706085898791183,2499.0,0.39240636783455846,-0.8171454918475195,-6.108813384468905,-3.9454848103356404,-3.3829449973739227,0.018356058757455822,27|1|40|13,66,15
73,0.017547726165246226,-7.498676299965741,-7.4990549704218425,5.983368331054246,5.981686471432709,5.884343744000491,4,0.16,0,10,1866,47.474000000000004,5.983368331054246,-0.22831378269021255,0.017321142444014326,2499.0,0.37644339126787835,-0.8153505175595478,-6.132997952580538,-3.921145973426812,-3.3829449973739227,0.017609339642221153,27|1|40|13,66,15
74,0.017196771641941302,-7.546299319098648,-7.546299319098648,5.979637807150452,5.979637807150452,5.884343744000491,3,0.12,2,10,1891,47.474000000000004,5.979637807150452,-0.2283728051954734,0.017449465900734498,2420.0,0.37644339126787835,-0.8193319405048554,-6.136901290060789,-3.9091465796449065,-3.478324246050775,0.017609339642221153,27|1|39|13,65,15
75,0.016852836209102474,-7.476629423666832,-7.546299319098648,6.013640718742363,5.979637807150452,5.884343744000491,3,0.12,0,8,1916,47.474000000000004,6.013640718742363,-0.22933174275253826,0.019125657563518375,2398.0,0.37644339126787835,-0.7830421388816537,-6.200318742288024,-3.75240763004233,-3.504885555808886,0.017609339642221153,28|1|38|13,65,15
76,0.016515779484920425,-7.526501968730299,-7.546299319098648,6.016313224907879,5.979637807150452,5.884343744000491,2,0.08,0,9,1941,47.474000000000004,6.016313224907879,-0.229581454619453,0.01934950620113572,2307.0,0.37644339126787835,-0.780189891410986,-6.216832946235892,-3.731475775345094,-3.6147527916265254,0.017609339642221153,29|1|36|13,65,14
77,0.016185463895222015,-7.5234818725894765,-7.546299319098648,6.016440975312326,5.979637807150452,5.884343744000491,1,0.04,0,8,1966,47.474000000000004,6.016440975312326,-0.2296630129003626,0.019262283422575164,2323.0,0.37644339126787835,-0.7800535490621218,-6.222226642984146,-3.73963188720064,-3.5954354754388085,0.017609339642221153,28|1|37|13,65,14
78,0.015861754617317574,-7.647275764160807,-7.647275764160807,6.015523323897144,6.015523323897144,5.884343744000491,5,0.2,4,6,1991,47.474000000000004,6.015523323897144,-0.2306064856710662,0.020052875469094924,2110.0,0.37644339126787835,-0.781032917776657,-6.284621361934283,-3.6657044422151115,-3.85259724718779,0.017609339642221153,28|1|34|13,62,14
79,0.015544519524971222,-7.656445101035145,-7.677037037488826,6.023535039085017,6.014449300893515,5.884343744000491,3,0.12,1,11,2016,47.474000000000004,6.023535039085017,-0.2303387081688976,0.02019462191679431,2055.0,0.37644339126787835,-0.7724823689789867,-6.266912422675209,-3.652449878422926,-3.9190005215830666,0.017609339642221153,27|1|34|13,61,14
80,0.015233629134471799,-7.741017260291763,-7.741017260291763,5.998352663477988,5.998352663477988,5.884343744000491,1,0.04,1,8,2041,47.474000000000004,5.998352663477988,-0.23110370970814273,0.020185940763268465,2002.0,0.37644339126787835,-0.7993584031888755,-6.3175042972049065,-3.653261644114875,-3.982989131454879,0.017609339642221153,26|1|34|13,61,13
81,0.014928956551782363,-7.741017260291763,-7.741017260291763,5.998352663477988,5.998352663477988,5.884343744000491,0,0.0,0,9,2066,47.474000000000004,5.998352663477988,-0.23110370970814273,0.020185940763268465,2002.0,0.37644339126787835,-0.7993584031888755,-6.3175042972049065,-3.653261644114875,-3.982989131454879,0.017609339642221153,26|1|34|13,61,13
82,0.014630377420746715,-7.755598122678894,-7.755598122678894,5.987186842214204,5.987186842214204,5.884343744000491,1,0.04,1,13,2091,47.474000000000004,5.987186842214204,-0.23120684478904444,0.019969496317263035,2020.0,0.37644339126787835,-0.8112751897125109,-6.324324933249296,-3.673501140508658,-3.9612571507436973,0.017609339642221153,25|1|35|13,61,13
83,0.01433776987233178,-7.788722063712043,-7.788722063712043,5.98897500158459,5.98897500158459,5.884343744000491,3,0.12,1,10,2116,47.474000000000004,5.98897500158459,-0.2313456097905998,0.02020923961857183,1951.0,0.37644339126787835,-0.809366766410389,-6.3335018841280215,-3.6510829922409442,-4.044563076803227,0.017609339642221153,25|1|34|13,60,13
84,0.014051014474885144,-7.840500268673465,-7.840500268673465,5.978839061600086,5.978839061600086,5.884343744000491,1,0.04,1,7,2141,47.474000000000004,5.978839061600086,-0.23168425468294487,0.020205323048015436,1902.0,0.37644339126787835,-0.8201844062559674,-6.3558974990709025,-3.651449226704868,-4.10372235762811,0.017609339642221153,24|1|34|13,59,13
85,0.01376999418538744,-7.840500268673465,-7.840500268673465,5.978839061600086,5.978839061600086,5.884343744000491,0,0.0,0,10,2166,47.474000000000004,5.978839061600086,-0.23168425468294487,0.020205323048015436,1902.0,0.37644339126787835,-0.8201844062559674,-6.3558974990709025,-3.651449226704868,-4.10372235762811,0.017609339642221153,24|1|34|13,59,13
86,0.013494594301679692,-7.858440606048548,-7.858440606048548,5.997339916810465,5.997339916810465,5.884343744000491,3,0.12,1,11,2191,47.474000000000004,5.997339916810465,-0.23083629816635987,0.020026170861696734,1807.0,0.37644339126787835,-0.8004392628546607,-6.2998195600172915,-3.6682015624466904,-4.2184189224926785,0.017609339642221153,26|1|31|13,59,12
87,0.013224702415646099,-8.208329698342602,-8.208329698342602,5.962619321637207,5.962619321637207,5.884343744000491,3,0.12,3,10,2216,47.474000000000004,5.962619321637207,-0.21182095233721462,0.0010126298602778166,1770.0,0.05256714520779648,-0.837495016379508,-5.042277004905326,-5.44613812600074,-4.263090216176774,0.002458995789163249,24|1|32|13,59,11
88,0.012960208367333177,-8.213440192079819,-8.213440192079819,5.967202296569471,5.967202296569471,5.884343744000491,2,0.08,1,8,2241,47.474000000000004,5.967202296569471,-0.21167802575206157,0.0010075009983171526,1746.0,0.05256714520779648,-0.832603810204813,-5.0328248358676575,-5.446617720580656,-4.29206619045835,0.002458995789163249,26|1|30|13,59,11
89,0.012701004199986514,-8.213491677512897,-8.213491677512897,5.966838814637413,5.966838814637413,5.884343744000491,4,0.16,1,6,2266,47.474000000000004,5.966838814637413,-0.2116690456409537,0.0010083458740547187,1746.0,0.05256714520779648,-0.8329917383730331,-5.032230953854191,-5.446538717123837,-4.29206619045835,0.002458995789163249,26|1|30|13,59,11
90,0.012446984115986784,-8.300986653389415,-8.300986653389415,5.959461427586851,5.959461427586851,5.884343744000491,4,0.16,4,6,2291,47.474000000000004,5.959461427586851,-0.2120188445095137,0.0009730227932903623,1636.0,0.05256714520779648,-0.8408652968428358,-5.055364215110475,-5.44984174189043,-4.424872739248904,0.002458995789163249,25|1|29|13,58,10
91,0.012198044433667048,-8.303148717524964,-8.303148717524964,5.957644107433902,5.957644107433902,5.884343744000491,3,0.12,1,11,2316,47.474000000000004,5.957644107433902,-0.21379379208243918,0.002701294794723844,1599.0,0.05256714520779648,-0.8428048421567162,-5.172746887300709,-5.288232813659439,-4.4695440329329985,0.002458995789163249,23|1|30|13,57,10
92,0.011954083544993707,-8.346286140307175,-8.346286140307175,5.954229099839022,5.954229099839022,5.884343744000491,2,0.08,2,11,2341,47.474000000000004,5.954229099839022,-0.21431177472311272,0.00265387676362215,1572.0,0.01142764026256445,-0.8464495285190863,-5.207002652055608,-5.2926668247287685,-4.50214200399977,0.0005345643019920107,21|1|31|13,56,10
93,0.011715001874093833,-8.36536827496095,-8.36536827496095,5.947936721183067,5.947936721183067,5.884343744000491,3,0.12,1,8,2366,47.548,5.947936721183067,-0.21443952037933092,0.0026992172432851423,1555.0,0.01142764026256445,-0.8531651055821101,-5.21545086016965,-5.288427083346777,-4.52266665244922,0.0005345643019920107,19|1|32|13,55,10
94,0.011480701836611956,-8.36536827496095,-8.36536827496095,5.947936721183067,5.947936721183067,5.884343744000491,0,0.0,0,6,2391,47.548,5.947936721183067,-0.21443952037933092,0.0026992172432851423,1555.0,0.01142764026256445,-0.8531651055821101,-5.21545086016965,-5.288427083346777,-4.52266665244922,0.0005345643019920107,19|1|32|13,55,10
95,0.011251087799879716,-8.384816859054927,-8.397006403058509,5.931818833012446,5.933963530947665,5.884343744000491,3,0.12,2,13,2416,47.686,5.931818833012446,-0.21492464720099153,0.002668523331841463,1582.0,0.0,-0.8703670137985796,-5.247533769854593,-5.291297239275655,-4.490068681382447,0.0,16|1|34|13,54,10
96,0.011026066043882121,-8.42522401994113,-8.42522401994113,5.931722263972294,5.931722263972294,5.884343744000491,1,0.04,1,12,2441,47.686,5.931722263972294,-0.21493547777659824,0.002679210289173461,1515.0,0.0,-0.8704700776582901,-5.24825002870385,-5.290297912943318,-4.570959942918512,0.0,16|1|33|13,53,10
97,0.010805544723004478,-8.42522401994113,-8.42522401994113,5.931722263972294,5.931722263972294,5.884343744000491,0,0.0,0,9,2466,47.686,5.931722263972294,-0.21493547777659824,0.002679210289173461,1515.0,0.0,-0.8704700776582901,-5.24825002870385,-5.290297912943318,-4.570959942918512,0.0,16|1|33|13,53,10
98,0.010589433828544388,-8.50295278702183,-8.50295278702183,5.9103521413131315,5.9103521413131315,5.884343744000491,2,0.08,2,9,2491,47.807,5.9103521413131315,-0.21681052303653178,0.002740256275897672,1522.0,0.0,-0.8932774631337442,-5.3722524648579855,-5.284589565831799,-4.562508617086386,0.0,14|1|34|13,52,10
99,0.0103776451519735,-8.576801183336919,-8.576801183336919,5.913811164530593,5.913811164530593,5.884343744000491,2,0.08,2,9,2516,47.807,5.913811164530593,-0.21697480380472753,0.0029022955749426656,1390.0,0.0,-0.8895858008467542,-5.383116850857003,-5.269437438488277,-4.72187647563505,0.0,14|1|32|13,50,10
100,0.01017009224893403,-8.623116490889036,-8.623116490889036,5.909933911513064,5.909933911513064,5.884343744000491,1,0.04,1,6,2541,47.807,5.909933911513064,-0.21510196488096464,0.0011146402460933988,1356.0,0.0,-0.8937238212768209,-5.25926032641283,-5.436599240277653,-4.762925772533949,0.0,15|1|31|13,50,10
101,0.009966690403955349,-8.623116490889036,-8.623116490889036,5.909933911513064,5.909933911513064,5.860787275999707,0,0.0,0,9,2566,47.807,5.909933911513064,-0.21510196488096464,0.0011146402460933988,1356.0,0.0,-0.8937238212768209,-5.25926032641283,-5.436599240277653,-4.762925772533949,0.0,15|1|31|13,50,10
102,0.009767356595876242,-8.621359084815007,-8.623116490889036,5.906483757769709,5.909933911513064,5.860787275999707,1,0.04,0,13,2591,47.807,5.906483757769709,-0.2155342527772112,0.0010977265626315662,1390.0,0.0,-0.897406017566908,-5.287848837527713,-5.438180821333434,-4.72187647563505,0.0,14|1|32|13,50,10
103,0.009572009463958716,-8.6474880553294,-8.6474880553294,5.9043432553885475,5.9043432553885475,5.860787275999707,1,0.04,1,8,2616,47.807,5.9043432553885475,-0.21582254911306004,0.0011402344526728115,1363.0,0.0,-0.8996904809598845,-5.306914749558463,-5.434205952478746,-4.754474446701823,0.0,13|1|32|13,50,9
104,0.009380569274679541,-8.654244295157216,-8.654244295157216,5.89649670581581,5.89649670581581,5.860787275999707,1,0.04,1,10,2641,47.807,5.89649670581581,-0.2164622241991085,0.0011107873859798874,1403.0,0.0,-0.9080647558113649,-5.3492184052152485,-5.436959517243924,-4.706181156232531,0.0,12|1|33|13,50,9
105,0.00919295788918595,-8.740525886449875,-8.740525886449875,5.894604077874369,5.894604077874369,5.860787275999707,3,0.12,3,11,2666,47.807,5.894604077874369,-0.21605723749095035,0.0011396203819657206,1239.0,0.0,-0.9100846737926755,-5.322435404562008,-5.434263373595763,-4.9041836471566285,0.0,13|1|30|13,49,8
106,0.00900909873140223,-8.755630495986978,-8.755630495986978,5.890101258088629,5.890101258088629,5.860787275999707,2,0.08,1,6,2691,47.858999999999995,5.890101258088629,-0.21639481011596173,0.001158087101438077,1239.0,0.0,-0.9148903339293919,-5.344760107210435,-5.432536569748108,-4.9041836471566285,0.0,13|1|30|13,49,8
107,0.008828916756774186,-8.853395022214553,-8.853395022214553,5.88002672775192,5.88002672775192,5.860787275999707,3,0.12,3,8,2716,47.858999999999995,5.88002672775192,-0.21712488659256454,0.0011948950555933872,1132.0,0.0,-0.9256424339775852,-5.393042281306214,-5.429094696005734,-5.033368199161986,0.0,11|1|29|13,47,7
108,0.008652338421638702,-8.853395022214553,-8.853395022214553,5.88002672775192,5.88002672775192,5.860787275999707,0,0.0,0,11,2741,47.858999999999995,5.88002672775192,-0.21712488659256454,0.0011948950555933872,1132.0,0.0,-0.9256424339775852,-5.393042281306214,-5.429094696005734,-5.033368199161986,0.0,11|1|29|13,47,7
109,0.008479291653205928,-8.905268387119499,-8.905268387119499,5.880081664190674,5.880081664190674,5.860787275999707,2,0.08,2,11,2766,47.858999999999995,5.880081664190674,-0.2170619177334287,0.0011887379688545817,1043.0,0.0,-0.9255838027495249,-5.388877959462075,-5.429670438821713,-5.140820770456161,0.0,12|1|27|13,47,6
110,0.00830970582014181,-8.927555457647804,-8.927555457647804,5.88569657141081,5.88569657141081,5.860787275999707,1,0.04,1,12,2791,47.807,5.88569657141081,-0.21756708842079214,0.001238122417474076,1020.0,0.0,-0.9195912609461375,-5.422286430844226,-5.425052550083103,-5.168589412476004,0.0,11|1|27|13,46,6
111,0.008143511703738972,-8.920670136610394,-8.927555457647804,5.892944900653193,5.88569657141081,5.860787275999707,2,0.08,0,12,2816,47.858999999999995,5.892944900653193,-0.21649343445252456,0.0011836421910836358,964.0,0.0,-0.911855440159299,-5.3512824340359275,-5.430146939733249,-5.236200019133013,0.0,13|1|25|13,46,6
112,0.007980641469664193,-8.920670136610394,-8.927555457647804,5.892944900653193,5.88569657141081,5.860787275999707,0,0.0,0,11,2841,47.858999999999995,5.892944900653193,-0.21649343445252456,0.0011836421910836358,964.0,0.0,-0.911855440159299,-5.3512824340359275,-5.430146939733249,-5.236200019133013,0.0,13|1|25|13,46,6
113,0.00782102864027091,-8.920670136610394,-8.927555457647804,5.892944900653193,5.88569657141081,5.860787275999707,0,0.0,0,12,2866,47.858999999999995,5.892944900653193,-0.21649343445252456,0.0011836421910836358,964.0,0.0,-0.911855440159299,-5.3512824340359275,-5.430146939733249,-5.236200019133013,0.0,13|1|25|13,46,6
114,0.007664608067465491,-8.952941083051183,-8.952941083051183,5.889765778129158,5.889765778129158,5.860787275999707,2,0.08,2,11,2891,47.858999999999995,5.889765778129158,-0.2169442949212659,0.001207640517910348,939.0,0.0,-0.9152483768324196,-5.3810992057609495,-5.427902881000257,-5.266383325676321,0.0,12|1|25|13,45,6
115,0.007511315906116181,-9.01395444296338,-9.01395444296338,5.88689728905532,5.88689728905532,5.860787275999707,2,0.08,2,11,2916,47.858999999999995,5.88689728905532,-0.21694429492126607,0.001207640517910348,843.0,0.0,-0.9183097881814599,-5.38109920576096,-5.427902881000257,-5.382287222802622,0.0,12|1|23|13,43,6
116,0.007361089587993858,-9.043494124209788,-9.043494124209788,5.8846722315263955,5.8846722315263955,5.860787275999707,1,0.04,1,11,2941,47.858999999999995,5.8846722315263955,-0.21694429492126668,0.001207640517910348,798.0,0.0,-0.9206844935388713,-5.381099205761001,-5.427902881000257,-5.436617174580576,0.0,12|1|22|13,42,6
117,0.00721386779623398,-9.053433635980255,-9.053433635980255,5.884266986706331,5.884266986706331,5.860787275999707,2,0.08,2,10,2966,47.807,5.884266986706331,-0.21809483464104168,0.0011982586645844628,846.0,0.0,-0.9211169933878685,-5.457187890761198,-5.428780168406151,-5.378665226017425,0.0,10|1|24|13,42,6
118,0.007069590440309301,-9.082382769738917,-9.082382769738917,5.883726511165745,5.883726511165745,5.860787275999707,1,0.04,1,9,2991,47.807,5.883726511165745,-0.21809483464104262,0.0011982586645844628,799.0,0.0,-0.9216938189957891,-5.4571878907612605,-5.428780168406151,-5.435409842318844,0.0,10|1|23|13,42,5
119,0.0069281986315031146,-9.082382769738917,-9.082382769738917,5.883726511165745,5.883726511165745,5.860787275999707,0,0.0,0,7,3016,47.807,5.883726511165745,-0.21809483464104262,0.0011982586645844628,799.0,0.0,-0.9216938189957891,-5.4571878907612605,-5.428780168406151,-5.435409842318844,0.0,10|1|23|13,42,5
120,0.006789634658873052,-9.082382769738917,-9.082382769738917,5.883726511165745,5.883726511165745,5.860787275999707,0,0.0,0,5,3041,47.807,5.883726511165745,-0.21809483464104262,0.0011982586645844628,799.0,0.0,-0.9216938189957891,-5.4571878907612605,-5.428780168406151,-5.435409842318844,0.0,10|1|23|13,42,5
121,0.006653841965695591,-9.077573752175265,-9.082382769738917,5.8837100817239705,5.883726511165745,5.860787275999707,1,0.04,0,11,3066,47.807,5.8837100817239705,-0.21756708842079284,0.001238122417474076,775.0,0.0,-0.9217113534113686,-5.422286430844272,-5.425052550083103,-5.464385816600419,0.0,11|1|22|13,42,5
122,0.006520765126381679,-9.074406270637695,-9.082382769738917,5.8820552536676605,5.883726511165745,5.860787275999707,1,0.04,0,12,3091,47.807,5.8820552536676605,-0.21787576195064887,0.001252075688245996,799.0,0.0,-0.9234774781069457,-5.442699948585065,-5.423747794157591,-5.435409842318844,0.0,10|1|23|13,42,5
123,0.006390349823854045,-9.068555832536575,-9.085074952082081,5.8924133222224615,5.891491013353599,5.860787275999707,2,0.08,1,13,3116,47.807,5.8924133222224615,-0.2182915478048195,0.0012927989127915623,810.0,0.0,-0.912422770275906,-5.470197129553067,-5.4199398075284835,-5.422129187439788,0.0,8|1|24|13,42,4
124,0.006262542827376964,-9.090410681416447,-9.090410681416447,5.898520067960273,5.898520067960273,5.860787275999707,1,0.04,1,9,3141,47.744,5.898520067960273,-0.21829154780481808,0.0012927989127915623,763.0,0.0,-0.9059053110051168,-5.4701971295529725,-5.4199398075284835,-5.478873803741207,0.0,8|1|23|13,41,4
125,0.006137291970829425,-9.090410681416447,-9.090410681416447,5.898520067960273,5.898520067960273,5.860787275999707,0,0.0,0,11,3166,47.744,5.898520067960273,-0.21829154780481808,0.0012927989127915623,763.0,0.0,-0.9059053110051168,-5.4701971295529725,-5.4199398075284835,-5.478873803741207,0.0,8|1|23|13,41,4
126,0.006014546131412836,-9.209117028750034,-9.209117028750034,5.892229578587174,5.892229578587174,5.860787275999707,3,0.12,3,8,3191,47.686,5.892229578587174,-0.2197069201746995,0.0012283400884670944,660.0,0.0,-0.9126188717202215,-5.563800001804052,-5.425967285555939,-5.603229026699634,0.0,7|1|21|13,39,3
127,0.005894255208784579,-9.209117028750034,-9.209117028750034,5.892229578587174,5.892229578587174,5.860787275999707,0,0.0,0,11,3216,47.686,5.892229578587174,-0.2197069201746995,0.0012283400884670944,660.0,0.0,-0.9126188717202215,-5.563800001804052,-5.425967285555939,-5.603229026699634,0.0,7|1|21|13,39,3
128,0.005776370104608888,-9.218231941483936,-9.242231339379996,5.890247464262487,5.89208230638049,5.860787275999707,2,0.08,1,9,3241,47.744,5.890247464262487,-0.22038282401444062,0.0011693150052724,690.0,0.0,-0.9147342945552037,-5.608499574942251,-5.431486660067549,-5.567009058847665,0.0,6|1|22|13,39,3
129,0.00566084270251671,-9.218231941483936,-9.242231339379996,5.890247464262487,5.89208230638049,5.860787275999707,0,0.0,0,12,3266,47.744,5.890247464262487,-0.22038282401444062,0.0011693150052724,690.0,0.0,-0.9147342945552037,-5.608499574942251,-5.431486660067549,-5.567009058847665,0.0,6|1|22|13,39,3
130,0.005547625848466376,-9.210617494861829,-9.242231339379996,5.8899348231629105,5.89208230638049,5.860787275999707,1,0.04,0,7,3291,47.872,5.8899348231629105,-0.21957974128044733,0.0011586839127930538,660.0,0.0,-0.9150679625545517,-5.555389275379657,-5.432480762535265,-5.603229026699634,0.0,7|1|21|13,39,3
131,0.005436673331497048,-9.232893963993293,-9.242231339379996,5.889805909301367,5.89208230638049,5.860787275999707,2,0.08,0,12,3316,47.744,5.889805909301367,-0.22025728587153315,0.0011643551427827333,660.0,0.0,-0.9152055466096484,-5.600197356386021,-5.431950451681636,-5.603229026699634,0.0,7|1|21|13,39,3
132,0.005327939864867107,-9.232893963993293,-9.242231339379996,5.889805909301367,5.89208230638049,5.860787275999707,0,0.0,0,13,3341,47.744,5.889805909301367,-0.22025728587153315,0.0011643551427827333,660.0,0.0,-0.9152055466096484,-5.600197356386021,-5.431950451681636,-5.603229026699634,0.0,7|1|21|13,39,3
133,0.005221381067569765,-9.224024144052851,-9.242231339379996,5.888987984414318,5.89208230638049,5.860787275999707,1,0.04,0,12,3366,47.872,5.888987984414318,-0.2194726032940006,0.0011534760507788543,634.0,0.0,-0.9160784816173883,-5.548303915037734,-5.43296774432852,-5.634619665504674,0.0,8|1|20|13,39,3
134,0.005116953446218369,-9.248648034067042,-9.248648034067042,5.887975189731483,5.887975189731483,5.860787275999707,3,0.12,1,6,3391,47.872,5.887975189731483,-0.2194726032940008,0.0011534760507788543,595.0,0.0,-0.9171593925277901,-5.5483039150377484,-5.43296774432852,-5.681705623712234,0.0,8|1|19|13,38,3
135,0.005014614377294001,-9.244349043660296,-9.248648034067042,5.8882233728297235,5.887975189731483,5.860787275999707,1,0.04,0,11,3416,47.872,5.8882233728297235,-0.21979593067131295,0.0011585544732920236,619.0,0.0,-0.9168945176985557,-5.569686536203625,-5.432492866289198,-5.6527296494306585,0.0,7|1|20|13,38,3
136,0.004914322089748121,-9.254114196981785,-9.254114196981785,5.888623132041513,5.888623132041513,5.860787275999707,1,0.04,1,11,3441,47.686,5.888623132041513,-0.22062837224112702,0.0011677834058222692,647.0,0.0,-0.9164678723963242,-5.624738424719948,-5.4316298783488195,-5.618924346102154,0.0,6|1|21|13,38,3
137,0.004816035647953159,-9.255615783097108,-9.255615783097108,5.888712950625438,5.888712950625438,5.860787275999707,1,0.04,1,6,3466,47.744,5.888712950625438,-0.22015912087169864,0.0011632639940530637,619.0,0.0,-0.9163720129995809,-5.593705406893036,-5.432052483871359,-5.6527296494306585,0.0,7|1|20|13,38,3
138,0.004719714934994096,-9.255615783097108,-9.255615783097108,5.888712950625438,5.888712950625438,5.860787275999707,0,0.0,0,8,3491,47.744,5.888712950625438,-0.22015912087169864,0.0011632639940530637,619.0,0.0,-0.9163720129995809,-5.593705406893036,-5.432052483871359,-5.6527296494306585,0.0,7|1|20|13,38,3
139,0.004625320636294214,-9.255615783097108,-9.255615783097108,5.888712950625438,5.888712950625438,5.860787275999707,0,0.0,0,10,3516,47.744,5.888712950625438,-0.22015912087169864,0.0011632639940530637,619.0,0.0,-0.9163720129995809,-5.593705406893036,-5.432052483871359,-5.6527296494306585,0.0,7|1|20|13,38,3
140,0.004532814223568329,-9.28519473057163,-9.28519473057163,5.882691824152729,5.882691824152729,5.860787275999707,2,0.08,1,7,3541,47.686,5.882691824152729,-0.22062837224112794,0.0011677834058222692,606.0,0.0,-0.9227980946206267,-5.624738424720008,-5.4316298783488195,-5.668424968833179,0.0,6|1|20|13,37,3
141,0.004442157939096963,-9.28519473057163,-9.28519473057163,5.882691824152729,5.882691824152729,5.860787275999707,0,0.0,0,14,3566,47.686,5.882691824152729,-0.22062837224112794,0.0011677834058222692,606.0,0.0,-0.9227980946206267,-5.624738424720008,-5.4316298783488195,-5.668424968833179,0.0,6|1|20|13,37,3
142,0.004353314780315023,-9.26922638326414,-9.28519473057163,5.881145504609096,5.882691824152729,5.860787275999707,2,0.08,0,11,3591,47.686,5.881145504609096,-0.22085160115270666,0.0011731252926785304,647.0,0.0,-0.9244484129862416,-5.6395012304225105,-5.431130364031134,-5.618924346102154,0.0,6|1|21|13,38,3
143,0.004266248484708722,-9.26922638326414,-9.28519473057163,5.881145504609096,5.882691824152729,5.860787275999707,0,0.0,0,11,3616,47.686,5.881145504609096,-0.22085160115270666,0.0011731252926785304,647.0,0.0,-0.9244484129862416,-5.6395012304225105,-5.431130364031134,-5.618924346102154,0.0,6|1|21|13,38,3
144,0.004180923515014548,-9.273640380981211,-9.28519473057163,5.881034032971916,5.882691824152729,5.860787275999707,1,0.04,0,7,3641,47.744,5.881034032971916,-0.22046606085729484,0.0011701126943362153,619.0,0.0,-0.9245673817277543,-5.614004280088444,-5.431412068987812,-5.6527296494306585,0.0,7|1|20|13,38,3
145,0.004097305044714257,-9.273640380981211,-9.28519473057163,5.881034032971916,5.882691824152729,5.860787275999707,0,0.0,0,10,3666,47.744,5.881034032971916,-0.22046606085729484,0.0011701126943362153,619.0,0.0,-0.9245673817277543,-5.614004280088444,-5.431412068987812,-5.6527296494306585,0.0,7|1|20|13,38,3
146,0.004015358943819972,-9.264720811106246,-9.28519473057163,5.883340479381426,5.882691824152729,5.860787275999707,1,0.04,0,8,3691,47.686,5.883340479381426,-0.22080165322388062,0.0011840626117598015,647.0,0.0,-0.922105813622641,-5.636198022234618,-5.430107626630436,-5.618924346102154,0.0,6|1|21|13,38,3
147,0.003935051764943572,-9.264720811106246,-9.28519473057163,5.883340479381426,5.882691824152729,5.860787275999707,0,0.0,0,11,3716,47.686,5.883340479381426,-0.22080165322388062,0.0011840626117598015,647.0,0.0,-0.922105813622641,-5.636198022234618,-5.430107626630436,-5.618924346102154,0.0,6|1|21|13,38,3
148,0.0038563507296447007,-9.278402309124303,-9.28519473057163,5.887516975409891,5.882691824152729,5.860787275999707,1,0.04,0,10,3741,47.614999999999995,5.887516975409891,-0.221167460294169,0.0011968401308256838,636.0,0.0,-0.9176484243798574,-5.660389954476176,-5.4289128140315075,-5.63220500098121,0.0,5|1|21|13,37,3
149,0.003779223715051807,-9.278402309124303,-9.28519473057163,5.887516975409891,5.882691824152729,5.860787275999707,0,0.0,0,12,3766,47.614999999999995,5.887516975409891,-0.221167460294169,0.0011968401308256838,636.0,0.0,-0.9176484243798574,-5.660389954476176,-5.4289128140315075,-5.63220500098121,0.0,5|1|21|13,37,3
150,0.0037036392407507708,-9.395271025565265,-9.395271025565265,5.84009014315871,5.84009014315871,5.84009014315871,5,0.2,3,10,3791,47.745000000000005,5.84009014315871,-0.22215763035607794,0.001216052982402007,579.0,0.0,-0.9682649820049302,-5.725872907078585,-5.427116240142134,-5.701022939899951,0.0,3|1|20|13,34,3
151,0.003629566455935755,-9.39303349525814,-9.395271025565265,5.839472936956409,5.84009014315871,5.837400798012712,1,0.04,0,8,3816,47.80800000000001,5.839472936956409,-0.22146086502450568,0.00119838536911597,547.0,0.0,-0.9689236988498555,-5.679793700144792,-5.428768320396393,-5.739657572275385,0.0,4|1|19|13,34,3
152,0.00355697512681704,-9.39303349525814,-9.395271025565265,5.839472936956409,5.84009014315871,5.837400798012712,0,0.0,0,11,3841,47.80800000000001,5.839472936956409,-0.22146086502450568,0.00119838536911597,547.0,0.0,-0.9689236988498555,-5.679793700144792,-5.428768320396393,-5.739657572275385,0.0,4|1|19|13,34,3
153,0.0034858356242806992,-9.628815203622588,-9.628815203622588,5.850765489955255,5.850765489955255,5.833803872227614,2,0.08,2,8,3866,47.674,5.850765489955255,-0.2877754159768832,0.04288814609391803,540.0,0.0,-0.9568716571580761,-10.065376302483614,-1.530401892337899,-5.748108898107511,0.0,3|1|19|13,33,3
154,0.0034161189117950853,-9.63669653981461,-9.63669653981461,5.851188872674418,5.851188872674418,5.833803872227614,1,0.04,1,11,3891,47.674,5.851188872674418,-0.28830805940439297,0.04264763057613949,574.0,0.0,-0.9564197995326614,-10.100601629585872,-1.55289224976941,-5.707059601208613,0.0,2|1|20|13,33,3
155,0.0033477965335591835,-9.63669653981461,-9.63669653981461,5.851188872674418,5.851188872674418,5.833803872227614,0,0.0,0,11,3916,47.674,5.851188872674418,-0.28830805940439297,0.04264763057613949,574.0,0.0,-0.9564197995326614,-10.100601629585872,-1.55289224976941,-5.707059601208613,0.0,2|1|20|13,33,3
156,0.0032808406028879997,-9.66205009610958,-9.66205009610958,5.851275269189016,5.851275269189016,5.833803872227614,1,0.04,1,12,3941,47.674,5.851275269189016,-0.2886149208184847,0.04282395707141494,535.0,0.0,-0.9563275923589539,-10.12089530660913,-1.5364041414759486,-5.754145559416172,0.0,2|1|19|13,32,3
157,0.0032152237908302395,-9.789155502207734,-9.789155502207734,5.852756110052029,5.852756110052029,5.833803872227614,1,0.04,1,12,3966,47.674,5.852756110052029,-0.291577898494103,0.04170230061925467,571.0,0.0,-0.9547471564892488,-10.31684601665226,-1.6412890767909027,-5.710681597993809,0.0,1|1|20|13,32,3
158,0.003150919315013635,-9.789155502207734,-9.789155502207734,5.852756110052029,5.852756110052029,5.833803872227614,0,0.0,0,4,3991,47.674,5.852756110052029,-0.291577898494103,0.04170230061925467,571.0,0.0,-0.9547471564892488,-10.31684601665226,-1.6412890767909027,-5.710681597993809,0.0,1|1|20|13,32,3
159,0.003087900928713362,-10.162346949296097,-10.162346949296097,5.836475198429094,5.836475198429094,5.833803872227614,1,0.04,1,7,4016,47.80800000000001,5.836475198429094,-0.3237782211467297,0.05633590673642873,612.0,0.0,-0.9721230524164008,-12.446351122047135,-0.2729156964494736,-5.661180975262785,0.0,1|1|21|13,33,3
160,0.0030261429101390946,-10.162346949296097,-10.162346949296097,5.836475198429094,5.836475198429094,5.824386857044343,0,0.0,0,9,4041,47.80800000000001,5.836475198429094,-0.3237782211467297,0.05633590673642873,612.0,0.0,-0.9721230524164008,-12.446351122047135,-0.2729156964494736,-5.661180975262785,0.0,1|1|21|13,33,3
161,0.002965620051936313,-10.162346949296097,-10.162346949296097,5.836475198429094,5.836475198429094,5.824386857044343,0,0.0,0,9,4066,47.80800000000001,5.836475198429094,-0.3237782211467297,0.05633590673642873,612.0,0.0,-0.9721230524164008,-12.446351122047135,-0.2729156964494736,-5.661180975262785,0.0,1|1|21|13,33,3
162,0.0029063076508975866,-10.208545928413159,-10.208545928413159,5.835764689281706,5.835764689281706,5.824386857044343,1,0.04,1,9,4091,47.80800000000001,5.835764689281706,-0.3249241815675264,0.05670384039913721,571.0,0.0,-0.9728813473624229,-12.522136964101978,-0.23851060000568386,-5.710681597993809,0.0,1|1|20|13,32,3
163,0.0028481814978796346,-10.208545928413159,-10.208545928413159,5.835764689281706,5.835764689281706,5.824386857044343,0,0.0,0,7,4116,47.80800000000001,5.835764689281706,-0.3249241815675264,0.05670384039913721,571.0,0.0,-0.9728813473624229,-12.522136964101978,-0.23851060000568386,-5.710681597993809,0.0,1|1|20|13,32,3
164,0.002791217867922042,-10.208545928413159,-10.208545928413159,5.835764689281706,5.835764689281706,5.824386857044343,0,0.0,0,7,4141,47.80800000000001,5.835764689281706,-0.3249241815675264,0.05670384039913721,571.0,0.0,-0.9728813473624229,-12.522136964101978,-0.23851060000568386,-5.710681597993809,0.0,1|1|20|13,32,3
165,0.002735393510563601,-10.208545928413159,-10.208545928413159,5.835764689281706,5.835764689281706,5.824386857044343,0,0.0,0,12,4166,47.80800000000001,5.835764689281706,-0.3249241815675264,0.05670384039913721,571.0,0.0,-0.9728813473624229,-12.522136964101978,-0.23851060000568386,-5.710681597993809,0.0,1|1|20|13,32,3
166,0.002680685640352329,-10.208545928413159,-10.208545928413159,5.835764689281706,5.835764689281706,5.824386857044343,0,0.0,0,9,4191,47.80800000000001,5.835764689281706,-0.3249241815675264,0.05670384039913721,571.0,0.0,-0.9728813473624229,-12.522136964101978,-0.23851060000568386,-5.710681597993809,0.0,1|1|20|13,32,3
167,0.0026270719275452823,-10.208545928413159,-10.208545928413159,5.835764689281706,5.835764689281706,5.824386857044343,0,0.0,0,10,4216,47.80800000000001,5.835764689281706,-0.3249241815675264,0.05670384039913721,571.0,0.0,-0.9728813473624229,-12.522136964101978,-0.23851060000568386,-5.710681597993809,0.0,1|1|20|13,32,3
168,0.0025745304889943765,-10.208545928413159,-10.208545928413159,5.835764689281706,5.835764689281706,5.824386857044343,0,0.0,0,13,4241,47.80800000000001,5.835764689281706,-0.3249241815675264,0.05670384039913721,571.0,0.0,-0.9728813473624229,-12.522136964101978,-0.23851060000568386,-5.710681597993809,0.0,1|1|20|13,32,3
169,0.002523039879214489,-10.260465208824902,-10.260465208824902,5.835362609107715,5.835362609107715,5.824386857044343,1,0.04,1,5,4266,47.80800000000001,5.835362609107715,-0.3264306781217,0.05717154777633574,532.0,0.0,-0.9733104697248209,-12.621766155336521,-0.19477576666226912,-5.75776755620137,0.0,1|1|19|13,32,2
170,0.002472579081630199,-10.403371460772611,-10.403371460772611,5.8385088618226515,5.8385088618226515,5.824386857044343,1,0.04,1,10,4291,47.745000000000005,5.8385088618226515,-0.33262953533884426,0.05890498931703588,495.0,0.0,-0.9699526135432152,-13.031715404414797,-0.032683440158529024,-5.802438849885465,0.0,1|1|18|13,31,2
171,0.002423127499997595,-10.525567055078994,-10.525567055078994,5.820691891987332,5.820691891987332,5.82000484046348,1,0.04,1,9,4316,47.80800000000001,5.820691891987332,-0.336384153509435,0.059805440569898956,460.0,0.0,-0.9889678763715936,-13.280019704012526,0.05151682564381889,-5.844695479046096,0.0,1|1|17|13,30,2
172,0.0023746649499976433,-10.586841342451862,-10.586841342451862,5.820340006002525,5.820340006002525,5.819988834141903,1,0.04,1,14,4341,47.80800000000001,5.820340006002525,-0.33817431007343757,0.060195060784521436,427.0,0.0,-0.9893434286988729,-13.398408192961055,0.08794980913833933,-5.884537443683262,0.0,1|1|16|13,30,1
173,0.0023271716509976905,-10.650157901723443,-10.650157901723443,5.820519294530837,5.820519294530837,5.819988834141903,1,0.04,1,12,4366,47.80800000000001,5.820519294530837,-0.34007392918226925,0.06058046839839026,396.0,0.0,-0.9891520819929253,-13.524035772355287,0.1239888766912145,-5.921964743796964,0.0,1|1|15|13,29,1
174,0.002280628217977737,-10.722630028412695,-10.722630028412695,5.819054009842577,5.819054009842577,5.818470110955626,1,0.04,1,9,4391,47.80800000000001,5.819054009842577,-0.34226737754569886,0.060989578356493365,367.0,0.0,-0.9907159154462677,-13.669095172496494,0.16224432595083957,-5.9569773793872,0.0,1|1|14|13,28,1
175,0.002235015653618182,-10.722630028412695,-10.722630028412695,5.819054009842577,5.819054009842577,5.818470110955626,0,0.0,0,10,4416,47.80800000000001,5.819054009842577,-0.34226737754569886,0.060989578356493365,367.0,0.0,-0.9907159154462677,-13.669095172496494,0.16224432595083957,-5.9569773793872,0.0,1|1|14|13,28,1
176,0.0021903153405458185,-10.722630028412695,-10.722630028412695,5.819054009842577,5.819054009842577,5.817031993676197,0,0.0,0,12,4441,47.80800000000001,5.819054009842577,-0.34226737754569886,0.060989578356493365,367.0,0.0,-0.9907159154462677,-13.669095172496494,0.16224432595083957,-5.9569773793872,0.0,1|1|14|13,28,1
177,0.002146509033734902,-10.85497077353039,-10.85497077353039,5.815767624618816,5.815767624618816,5.815767624618816,1,0.04,1,11,4466,47.80800000000001,5.815767624618816,-0.3466668386385986,0.06169412071476988,340.0,0.0,-0.9942233288483617,-13.960044892453784,0.2281253535436974,-5.989575350453972,0.0,1|1|13|13,28,0
178,0.002103578853060204,-10.85497077353039,-10.85497077353039,5.815767624618816,5.815767624618816,5.814669562218709,0,0.0,0,11,4491,47.80800000000001,5.815767624618816,-0.3466668386385986,0.06169412071476988,340.0,0.0,-0.9942233288483617,-13.960044892453784,0.2281253535436974,-5.989575350453972,0.0,1|1|13|13,28,0
179,0.002061507275999,-10.85497077353039,-10.85497077353039,5.815767624618816,5.815767624618816,5.814669562218709,0,0.0,0,10,4516,47.80800000000001,5.815767624618816,-0.3466668386385986,0.06169412071476988,340.0,0.0,-0.9942233288483617,-13.960044892453784,0.2281253535436974,-5.989575350453972,0.0,1|1|13|13,28,0
180,0.00202027713047902,-10.959856279639267,-10.959856279639267,5.8092932192115425,5.8092932192115425,5.8092932192115425,1,0.04,1,12,4541,47.80800000000001,5.8092932192115425,-0.3497392905625243,0.062094323632340284,315.0,0.0,-1.001133175001479,-14.163235466929171,0.2655479146508751,-6.01975865699728,0.0,1|1|12|13,27,0
181,0.0019798715878694396,-10.959856279639267,-10.959856279639267,5.8092932192115425,5.8092932192115425,5.808686119044115,0,0.0,0,8,4566,47.80800000000001,5.8092932192115425,-0.3497392905625243,0.062094323632340284,315.0,0.0,-1.001133175001479,-14.163235466929171,0.2655479146508751,-6.01975865699728,0.0,1|1|12|13,27,0
182,0.0019402741561120507,-10.959856279639267,-10.959856279639267,5.8092932192115425,5.8092932192115425,5.808686119044115,0,0.0,0,8,4591,47.80800000000001,5.8092932192115425,-0.3497392905625243,0.062094323632340284,315.0,0.0,-1.001133175001479,-14.163235466929171,0.2655479146508751,-6.01975865699728,0.0,1|1|12|13,27,0
183,0.0019014686729898096,-11.614816260783794,-11.614816260783794,5.82227764157428,5.82227764157428,5.803743328953697,1,0.04,1,12,4616,47.866,5.82227764157428,-0.36996537358329035,0.06235230495485463,295.0,0.0,-0.987275476067024,-15.500847748629347,0.28967148142773463,-6.043905302231926,0.0,1|2|11|13,27,0
184,0.0018634392995300134,-12.533140300106524,-12.533140300106524,5.862683216433103,5.862683216433103,5.803743328953697,3,0.12,3,3,4641,47.749,5.862683216433103,-0.38570238196169315,0.05354561667181084,246.0,0.002701600993620502,-0.9441523954998019,-16.541583894256664,-0.533832835894226,-6.103064583056809,0.00012637599856434237,2|3|8|13,26,0
185,0.001826170513539413,-13.247505943863349,-13.247505943863349,5.883561183668685,5.883561183668685,5.803743328953697,2,0.08,2,5,4666,47.686,5.883561183668685,-0.3964373297459559,0.044842728572914575,238.0,0.3238762460600819,-0.921870265711387,-17.251518585264183,-1.3476309053013056,-6.112723241150667,0.015150343853057907,4|2|7|13,26,0
186,0.0017896471032686247,-14.321708432345966,-14.321708432345966,5.868318750643541,5.868318750643541,5.803743328953697,3,0.12,3,9,4691,47.686,5.868318750643541,-0.41681701209589417,0.03329107599723102,231.0,2.03693351670294,-0.9381378394231925,-18.599288856969178,-2.427813995986434,-6.121174566982794,0.09528405852321495,6|1|5|13,25,0
187,0.0017538541612032521,-14.321708432345966,-14.321708432345966,5.868318750643541,5.868318750643541,5.800343144530418,0,0.0,0,7,4716,47.686,5.868318750643541,-0.41681701209589417,0.03329107599723102,231.0,2.03693351670294,-0.9381378394231925,-18.599288856969178,-2.427813995986434,-6.121174566982794,0.09528405852321495,6|1|5|13,25,0
188,0.001718777077979187,-16.297738717249853,-16.297738717249853,5.881811190602402,5.881811190602402,5.800343144530418,3,0.12,3,10,4741,47.686,5.881811190602402,-0.4454470768512009,0.010592933267164322,260.0,2.03693351670294,-0.9237379558074459,-20.49268196740244,-4.5502938581826715,-6.086161931392557,0.09528405852321495,9|1|3|13,26,0
189,0.0016844015364196033,-16.300630072272543,-16.300630072272543,5.877634821598869,5.877634821598869,5.800343144530418,1,0.04,1,10,4766,47.686,5.877634821598869,-0.44516389194301637,0.010645640169529572,243.0,2.03693351670294,-0.9281952094821443,-20.473954089602724,-4.545365290228925,-6.106686579842006,0.09528405852321495,8|1|3|13,25,0
190,0.0016507135056912112,-16.300630072272543,-16.300630072272543,5.877634821598869,5.877634821598869,5.800343144530418,0,0.0,0,11,4791,47.686,5.877634821598869,-0.44516389194301637,0.010645640169529572,243.0,2.03693351670294,-0.9281952094821443,-20.473954089602724,-4.545365290228925,-6.106686579842006,0.09528405852321495,8|1|3|13,25,0
191,0.001617699235577387,-17.03885758300114,-17.03885758300114,5.899953682317303,5.899953682317303,5.800343144530418,3,0.12,3,5,4816,47.686,5.899953682317303,-0.4563551028717904,0.0016289068946281993,292.0,2.03693351670294,-0.904375277893683,-21.214062847687828,-5.388510697602819,-6.047527299017123,0.09528405852321495,11|1|1|13,26,0
192,0.0015853452508658393,-17.03885758300114,-17.03885758300114,5.899953682317303,5.899953682317303,5.800343144530418,0,0.0,0,12,4841,47.686,5.899953682317303,-0.4563551028717904,0.0016289068946281993,292.0,2.03693351670294,-0.904375277893683,-21.214062847687828,-5.388510697602819,-6.047527299017123,0.09528405852321495,11|1|1|13,26,0
193,0.0015536383458485225,-17.03885758300114,-17.03885758300114,5.899953682317303,5.899953682317303,5.800343144530418,0,0.0,0,8,4866,47.686,5.899953682317303,-0.4563551028717904,0.0016289068946281993,292.0,2.03693351670294,-0.904375277893683,-21.214062847687828,-5.388510697602819,-6.047527299017123,0.09528405852321495,11|1|1|13,26,0
194,0.001522565578931552,-17.101784549635056,-17.101784549635056,5.899413964143514,5.899413964143514,5.800343144530418,1,0.04,1,13,4891,47.686,5.899413964143514,-0.4569035967523456,0.0016024604460916554,271.0,1.713057270642858,-0.9049512951975626,-21.250336413375994,-5.390983677666121,-6.072881276513502,0.08013371467015705,10|1|1|13,25,0
195,0.001492114267352921,-17.101784549635056,-17.101784549635056,5.899413964143514,5.899413964143514,5.800343144530418,0,0.0,0,8,4916,47.686,5.899413964143514,-0.4569035967523456,0.0016024604460916554,271.0,1.713057270642858,-0.9049512951975626,-21.250336413375994,-5.390983677666121,-6.072881276513502,0.08013371467015705,10|1|1|13,25,0
196,0.0014622719820058625,-17.101784549635056,-17.101784549635056,5.899413964143514,5.899413964143514,5.800343144530418,0,0.0,0,6,4941,47.686,5.899413964143514,-0.4569035967523456,0.0016024604460916554,271.0,1.713057270642858,-0.9049512951975626,-21.250336413375994,-5.390983677666121,-6.072881276513502,0.08013371467015705,10|1|1|13,25,0
197,0.0014330265423657452,-17.101784549635056,-17.101784549635056,5.899413964143514,5.899413964143514,5.800343144530418,0,0.0,0,14,4966,47.686,5.899413964143514,-0.4569035967523456,0.0016024604460916554,271.0,1.713057270642858,-0.9049512951975626,-21.250336413375994,-5.390983677666121,-6.072881276513502,0.08013371467015705,10|1|1|13,25,0
198,0.0014043660115184303,-17.105369667203142,-17.105369667203142,5.894455837125897,5.894455837125897,5.800343144530418,1,0.04,1,9,4991,47.686,5.894455837125897,-0.45659916355621977,0.0016689692019026126,252.0,1.713057270642858,-0.9102428845782427,-21.230203321779513,-5.384764512664506,-6.095820589486415,0.08013371467015705,9|1|1|13,24,0
199,0.0013762786912880616,-17.114027498656526,-17.114027498656526,5.892428462834211,5.892428462834211,5.800343144530418,1,0.04,1,17,5016,47.686,5.892428462834211,-0.4565127825400719,0.0016884732166515303,235.0,1.713057270642858,-0.9124066113715324,-21.224490682906897,-5.382940712407857,-6.116345237935865,0.08013371467015705,8|1|1|13,23,0
200,0.0013487531174623004,-17.114027498656526,-17.114027498656526,5.892428462834211,5.892428462834211,5.800343144530418,0,0.0,0,11,5041,47.686,5.892428462834211,-0.4565127825400719,0.0016884732166515303,235.0,1.713057270642858,-0.9124066113715324,-21.224490682906897,-5.382940712407857,-6.116345237935865,0.08013371467015705,8|1|1|13,23,0
201,0.0013217780551130543,-17.114027498656526,-17.114027498656526,5.892428462834211,5.892428462834211,5.800343144530418,0,0.0,0,9,5066,47.686,5.892428462834211,-0.4565127825400719,0.0016884732166515303,235.0,1.713057270642858,-0.9124066113715324,-21.224490682906897,-5.382940712407857,-6.116345237935865,0.08013371467015705,8|1|1|13,23,0
202,0.0012953424940107933,-17.114027498656526,-17.114027498656526,5.892428462834211,5.892428462834211,5.800343144530418,0,0.0,0,6,5091,47.686,5.892428462834211,-0.4565127825400719,0.0016884732166515303,235.0,1.713057270642858,-0.9124066113715324,-21.224490682906897,-5.382940712407857,-6.116345237935865,0.08013371467015705,8|1|1|13,23,0
203,0.0012694356441305774,-17.114027498656526,-17.114027498656526,5.892428462834211,5.892428462834211,5.800343144530418,0,0.0,0,7,5116,47.686,5.892428462834211,-0.4565127825400719,0.0016884732166515303,235.0,1.713057270642858,-0.9124066113715324,-21.224490682906897,-5.382940712407857,-6.116345237935865,0.08013371467015705,8|1|1|13,23,0
204,0.0012440469312479658,-17.126764180634254,-17.126764180634254,5.885049049859772,5.885049049859772,5.800343144530418,1,0.04,1,7,5141,47.686,5.885049049859772,-0.4564480343219753,0.001732384139616574,220.0,1.713057270642858,-0.9202823320201657,-21.220208686652093,-5.378834647394868,-6.134455221861849,0.08013371467015705,7|1|1|13,22,0
205,0.0012191659926230065,-17.126764180634254,-17.126764180634254,5.885049049859772,5.885049049859772,5.800343144530418,0,0.0,0,10,5166,47.686,5.885049049859772,-0.4564480343219753,0.001732384139616574,220.0,1.713057270642858,-0.9202823320201657,-21.220208686652093,-5.378834647394868,-6.134455221861849,0.08013371467015705,7|1|1|13,22,0
206,0.0011947826727705464,-17.126764180634254,-17.126764180634254,5.885049049859772,5.885049049859772,5.800343144530418,0,0.0,0,6,5191,47.686,5.885049049859772,-0.4564480343219753,0.001732384139616574,220.0,1.713057270642858,-0.9202823320201657,-21.220208686652093,-5.378834647394868,-6.134455221861849,0.08013371467015705,7|1|1|13,22,0
207,0.0011708870193151354,-17.126764180634254,-17.126764180634254,5.885049049859772,5.885049049859772,5.800343144530418,0,0.0,0,10,5216,47.686,5.885049049859772,-0.4564480343219753,0.001732384139616574,220.0,1.713057270642858,-0.9202823320201657,-21.220208686652093,-5.378834647394868,-6.134455221861849,0.08013371467015705,7|1|1|13,22,0
208,0.0011474692789288326,-17.126764180634254,-17.126764180634254,5.885049049859772,5.885049049859772,5.800343144530418,0,0.0,0,11,5241,47.686,5.885049049859772,-0.4564480343219753,0.001732384139616574,220.0,1.713057270642858,-0.9202823320201657,-21.220208686652093,-5.378834647394868,-6.134455221861849,0.08013371467015705,7|1|1|13,22,0
209,0.001124519893350256,-17.126764180634254,-17.126764180634254,5.885049049859772,5.885049049859772,5.800343144530418,0,0.0,0,12,5266,47.686,5.885049049859772,-0.4564480343219753,0.001732384139616574,220.0,1.713057270642858,-0.9202823320201657,-21.220208686652093,-5.378834647394868,-6.134455221861849,0.08013371467015705,7|1|1|13,22,0
210,0.0011020294954832508,-17.126764180634254,-17.126764180634254,5.885049049859772,5.885049049859772,5.800343144530418,0,0.0,0,14,5291,47.686,5.885049049859772,-0.4564480343219753,0.001732384139616574,220.0,1.713057270642858,-0.9202823320201657,-21.220208686652093,-5.378834647394868,-6.134455221861849,0.08013371467015705,7|1|1|13,22,0
211,0.0010799889055735858,-17.126764180634254,-17.126764180634254,5.885049049859772,5.885049049859772,5.800343144530418,0,0.0,0,15,5316,47.686,5.885049049859772,-0.4564480343219753,0.001732384139616574,220.0,1.713057270642858,-0.9202823320201657,-21.220208686652093,-5.378834647394868,-6.134455221861849,0.08013371467015705,7|1|1|13,22,0
212,0.001058389127462114,-17.126764180634254,-17.126764180634254,5.885049049859772,5.885049049859772,5.800343144530418,0,0.0,0,12,5341,47.686,5.885049049859772,-0.4564480343219753,0.001732384139616574,220.0,1.713057270642858,-0.9202823320201657,-21.220208686652093,-5.378834647394868,-6.134455221861849,0.08013371467015705,7|1|1|13,22,0
213,0.0010372213449128718,-17.126764180634254,-17.126764180634254,5.885049049859772,5.885049049859772,5.800343144530418,0,0.0,0,10,5366,47.686,5.885049049859772,-0.4564480343219753,0.001732384139616574,220.0,1.713057270642858,-0.9202823320201657,-21.220208686652093,-5.378834647394868,-6.134455221861849,0.08013371467015705,7|1|1|13,22,0
214,0.0010164769180146143,-17.126764180634254,-17.126764180634254,5.885049049859772,5.885049049859772,5.800343144530418,0,0.0,0,9,5391,47.686,5.885049049859772,-0.4564480343219753,0.001732384139616574,220.0,1.713057270642858,-0.9202823320201657,-21.220208686652093,-5.378834647394868,-6.134455221861849,0.08013371467015705,7|1|1|13,22,0
215,0.000996147379654322,-17.126764180634254,-17.126764180634254,5.885049049859772,5.885049049859772,5.800343144530418,0,0.0,0,10,5416,47.686,5.885049049859772,-0.4564480343219753,0.001732384139616574,220.0,1.713057270642858,-0.9202823320201657,-21.220208686652093,-5.378834647394868,-6.134455221861849,0.08013371467015705,7|1|1|13,22,0
216,0.0009762244320612356,-17.126764180634254,-17.126764180634254,5.885049049859772,5.885049049859772,5.800343144530418,0,0.0,0,9,5441,47.686,5.885049049859772,-0.4564480343219753,0.001732384139616574,220.0,1.713057270642858,-0.9202823320201657,-21.220208686652093,-5.378834647394868,-6.134455221861849,0.08013371467015705,7|1|1|13,22,0
217,0.0009566999434200108,-17.126764180634254,-17.126764180634254,5.885049049859772,5.885049049859772,5.800343144530418,0,0.0,0,9,5466,47.686,5.885049049859772,-0.4564480343219753,0.001732384139616574,220.0,1.713057270642858,-0.9202823320201657,-21.220208686652093,-5.378834647394868,-6.134455221861849,0.08013371467015705,7|1|1|13,22,0
218,0.0009375659445516106,-17.126764180634254,-17.126764180634254,5.885049049859772,5.885049049859772,5.800343144530418,0,0.0,0,11,5491,47.686,5.885049049859772,-0.4564480343219753,0.001732384139616574,220.0,1.713057270642858,-0.9202823320201657,-21.220208686652093,-5.378834647394868,-6.134455221861849,0.08013371467015705,7|1|1|13,22,0
219,0.0009188146256605784,-17.126764180634254,-17.126764180634254,5.885049049859772,5.885049049859772,5.800343144530418,0,0.0,0,4,5516,47.686,5.885049049859772,-0.4564480343219753,0.001732384139616574,220.0,1.713057270642858,-0.9202823320201657,-21.220208686652093,-5.378834647394868,-6.134455221861849,0.08013371467015705,7|1|1|13,22,0
220,0.0009004383331473668,-17.126764180634254,-17.126764180634254,5.885049049859772,5.885049049859772,5.800343144530418,0,0.0,0,10,5541,47.686,5.885049049859772,-0.4564480343219753,0.001732384139616574,220.0,1.713057270642858,-0.9202823320201657,-21.220208686652093,-5.378834647394868,-6.134455221861849,0.08013371467015705,7|1|1|13,22,0
221,0.0008824295664844195,-17.126764180634254,-17.126764180634254,5.885049049859772,5.885049049859772,5.800343144530418,0,0.0,0,6,5566,47.686,5.885049049859772,-0.4564480343219753,0.001732384139616574,220.0,1.713057270642858,-0.9202823320201657,-21.220208686652093,-5.378834647394868,-6.134455221861849,0.08013371467015705,7|1|1|13,22,0
222,0.000864780975154731,-17.126764180634254,-17.126764180634254,5.885049049859772,5.885049049859772,5.800343144530418,0,0.0,0,10,5591,47.686,5.885049049859772,-0.4564480343219753,0.001732384139616574,220.0,1.713057270642858,-0.9202823320201657,-21.220208686652093,-5.378834647394868,-6.134455221861849,0.08013371467015705,7|1|1|13,22,0
223,0.0008474853556516364,-17.126764180634254,-17.126764180634254,5.885049049859772,5.885049049859772,5.800343144530418,0,0.0,0,5,5616,47.686,5.885049049859772,-0.4564480343219753,0.001732384139616574,220.0,1.713057270642858,-0.9202823320201657,-21.220208686652093,-5.378834647394868,-6.134455221861849,0.08013371467015705,7|1|1|13,22,0
224,0.0008305356485386037,-17.126764180634254,-17.126764180634254,5.885049049859772,5.885049049859772,5.800343144530418,0,0.0,0,7,5641,47.686,5.885049049859772,-0.4564480343219753,0.001732384139616574,220.0,1.713057270642858,-0.9202823320201657,-21.220208686652093,-5.378834647394868,-6.134455221861849,0.08013371467015705,7|1|1|13,22,0
225,0.0008139249355678316,-17.126764180634254,-17.126764180634254,5.885049049859772,5.885049049859772,5.800343144530418,0,0.0,0,10,5666,47.686,5.885049049859772,-0.4564480343219753,0.001732384139616574,220.0,1.713057270642858,-0.9202823320201657,-21.220208686652093,-5.378834647394868,-6.134455221861849,0.08013371467015705,7|1|1|13,22,0
226,0.000797646436856475,-17.126764180634254,-17.126764180634254,5.885049049859772,5.885049049859772,5.800343144530418,0,0.0,0,9,5691,47.686,5.885049049859772,-0.4564480343219753,0.001732384139616574,220.0,1.713057270642858,-0.9202823320201657,-21.220208686652093,-5.378834647394868,-6.134455221861849,0.08013371467015705,7|1|1|13,22,0
227,0.0007816935081193455,-17.12372433993513,-17.126764180634254,5.892523941456098,5.885049049859772,5.800343144530418,1,0.04,0,9,5716,47.686,5.892523941456098,-0.45675924307852994,0.0016532006735581412,235.0,1.713057270642858,-0.9123047112669438,-21.24078986663206,-5.386239011449082,-6.116345237935865,0.08013371467015705,8|1|1|13,23,0
228,0.0007660596379569586,-17.12372433993513,-17.126764180634254,5.892523941456098,5.885049049859772,5.800343144530418,0,0.0,0,10,5741,47.686,5.892523941456098,-0.45675924307852994,0.0016532006735581412,235.0,1.713057270642858,-0.9123047112669438,-21.24078986663206,-5.386239011449082,-6.116345237935865,0.08013371467015705,8|1|1|13,23,0
229,0.0007507384451978194,-17.130927685229167,-17.130927685229167,5.889328964821768,5.889328964821768,5.800343144530418,1,0.04,1,10,5766,47.686,5.889328964821768,-0.4566434188955096,0.001683820224645741,220.0,1.713057270642858,-0.9157145683298362,-21.23313006173722,-5.383375808880229,-6.134455221861849,0.08013371467015705,7|1|1|13,22,0
230,0.000735723676293863,-17.130927685229167,-17.130927685229167,5.889328964821768,5.889328964821768,5.800343144530418,0,0.0,0,9,5791,47.686,5.889328964821768,-0.4566434188955096,0.001683820224645741,220.0,1.713057270642858,-0.9157145683298362,-21.23313006173722,-5.383375808880229,-6.134455221861849,0.08013371467015705,7|1|1|13,22,0
231,0.0007210092027679858,-17.130927685229167,-17.130927685229167,5.889328964821768,5.889328964821768,5.800343144530418,0,0.0,0,8,5816,47.686,5.889328964821768,-0.4566434188955096,0.001683820224645741,220.0,1.713057270642858,-0.9157145683298362,-21.23313006173722,-5.383375808880229,-6.134455221861849,0.08013371467015705,7|1|1|13,22,0
