country,n_nodes,n_isolated,k,zone_sizes,cap_total_mw,cap_zero_share,gbar_mw,gbar_flagged,Z_c,skip,median_single_move_dH_rigid,rigidity_impl
FR,770,0,3,193/174/403,145624.89700059648,0.0,189.12324285791752,False,97083.26466706433,,1.5146955886116893,bzgen.ndbz._rigidity_core
ES,567,0,3,142/359/66,118135.6178,0.0,208.35205961199296,False,78757.07853333333,,1.9393272397386467,bzgen.ndbz._rigidity_core
DE,479,1,3,202/129/148,265708.032181,0.0,554.7140546576201,False,177138.68812066666,,1.9454803035577783,bzgen.ndbz._rigidity_core
IT,418,0,3,93/75/250,118910.11899999999,0.0,284.47396889952154,False,79273.41266666667,,1.6776354294460372,bzgen.ndbz._rigidity_core
NO,211,1,3,130/34/47,39855.433999999994,0.02843601895734597,188.8883127962085,False,26570.289333333327,,1.2581977368295387,bzgen.ndbz._rigidity_core
PL,146,0,3,23/93/30,63590.3617382063,0.0,435.5504228644267,False,42393.57449213753,,1.9489024121540788,bzgen.ndbz._rigidity_core
SE,131,2,3,41/45/45,51109.26232303217,0.0,390.14704063383334,False,34072.84154868811,,1.6139306343053104,bzgen.ndbz._rigidity_core
CH,122,0,3,71/43/8,17207.646,0.13114754098360656,141.0462786885246,False,11471.764000000001,,2.3045022544048153,bzgen.ndbz._rigidity_core
BG,122,0,3,38/51/33,17408.332000000002,0.0,142.69124590163935,False,11605.554666666667,,2.146579315132433,bzgen.ndbz._rigidity_core
PT,97,0,3,65/6/26,20797.443,0.0,214.40662886597937,False,13864.962,,2.2373921737351066,bzgen.ndbz._rigidity_core
RO,93,0,3,27/52/14,25156.037,0.0,270.49502150537637,False,16770.691333333336,,1.539208739019509,bzgen.ndbz._rigidity_core
FI,84,0,3,9/37/38,25655.859999999997,0.0,305.4269047619047,False,17103.906666666666,,1.6812253894788727,bzgen.ndbz._rigidity_core
AT,65,0,3,36/10/19,27459.52836825811,0.0,422.4542825885863,False,18306.352245505408,,2.451715342933393,bzgen.ndbz._rigidity_core
CZ,39,0,3,2/30/7,21266.720284556006,0.0,545.3005201168206,False,14177.813523037335,,2.239574858302842,bzgen.ndbz._rigidity_core
BE,39,1,3,1/6/32,26626.010149611087,0.0,682.7182089643868,False,17750.67343307406,,1.6107736514197706,bzgen.ndbz._rigidity_core
IE,38,0,3,18/4/16,12986.141999999998,0.18421052631578946,341.74057894736836,False,8657.427999999998,,2.065835595222803,bzgen.ndbz._rigidity_core
HU,36,0,3,26/1/9,14040.8,0.0,390.0222222222222,False,9360.533333333333,,2.3291387523415255,bzgen.ndbz._rigidity_core
BA,35,0,3,2/31/2,5335.700000000001,0.0,152.44857142857146,False,3557.1333333333337,,1.6087185561407122,bzgen.ndbz._rigidity_core
RS,34,0,3,4/23/7,8083.885999999999,0.0,237.76135294117643,False,5389.257333333333,,1.2501603093466211,bzgen.ndbz._rigidity_core
NL,34,0,3,4/8/22,57525.679,0.029411764705882353,1691.9317352941175,False,38350.452666666664,,0.9514019116665327,bzgen.ndbz._rigidity_core
DK,32,0,3,23/3/6,15745.701000000001,0.0,492.05315625000003,False,10497.134,,1.6842673200374625,bzgen.ndbz._rigidity_core
SK,32,0,3,16/6/10,6530.763000000001,0.0,204.08634375000003,False,4353.842000000001,,1.4603364820687856,bzgen.ndbz._rigidity_core
GR,31,0,3,25/4/2,29718.208999999995,0.0,958.6519032258063,False,19812.139333333333,,1.967788333803214,bzgen.ndbz._rigidity_core
LT,26,0,3,10/15/1,5629.0,0.0,216.5,False,3752.6666666666665,,2.263913485580768,bzgen.ndbz._rigidity_core
LV,19,0,3,3/1/15,3437.646,0.0,180.92873684210528,False,2291.764,,2.3215874288075016,bzgen.ndbz._rigidity_core
HR,16,2,3,5/7/4,5787.072188890403,0.0,361.69201180565017,False,3858.048125926935,,1.6255737191560544,bzgen.ndbz._rigidity_core
EE,15,0,3,1/1/13,2108.36,0.0,140.55733333333333,False,1405.5733333333333,,2.147028876218485,bzgen.ndbz._rigidity_core
AL,13,0,3,1/1/11,2798.9359999999997,0.0,215.3027692307692,False,1865.957333333333,,2.6163864705395596,bzgen.ndbz._rigidity_core
SI,9,0,2,8/1,4894.1179999999995,0.0,543.7908888888888,False,4894.1179999999995,,1.4953332138484468,bzgen.ndbz._rigidity_core
MK,5,0,2,3/2,2762.715,0.0,552.543,False,2762.715,,1.6138080987115828,bzgen.ndbz._rigidity_core
XK,5,1,2,1/4,1658.153,0.0,331.6306,False,1658.153,,1.064061539154308,bzgen.ndbz._rigidity_core
