scenario,lr,E_best,E_ref,best_le_ref,td_best,td_min,td_max,ari_vs_A,ari_restart_mean,sizes,potts,bal,rig,T0,acc_first10,n_block
baseline,0.1,-60.785967892058196,-60.78596789205791,True,0,0,0,1.0,1.0,18/16/4,-60.78596789205817,1.1275702593849246e-16,-2.870411342944648e-13,6.4538002717415495,0.48019736842105265,117
baseline,0.3,-60.78596789205814,-60.78596789205791,True,0,0,0,1.0,1.0,4/18/16,-60.785967892058075,-3.3306690738754696e-16,-2.190254400283259e-13,7.760721689578448,0.49743421052631576,95
baseline,1.0,-60.78596789205802,-60.78596789205791,True,0,0,0,1.0,1.0,16/4/18,-60.78596789205786,3.3306690738754696e-16,-1.5532351264440085e-13,7.7577150011784735,0.4758552631578947,56
baseline,3.0,-60.78596789205843,-60.78596789205791,True,0,0,0,1.0,1.0,16/18/4,-60.785967892058025,-1.1102230246251565e-16,-1.3491683460799196e-13,9.955351315232544,0.39960526315789474,34
baseline,10.0,-60.78596789205849,-60.78596789205791,True,0,0,0,1.0,1.0,18/16/4,-60.78596789205786,0.0,-6.233130510590048e-14,12.969624404011496,0.21223684210526317,8
peak_demand,0.1,12.733703789065515,13.672651711897014,True,3,1,3,0.8271363677542093,0.9348997607126339,16/15/7,12.223646051880126,-2.220446049250313e-16,5.100577371853894,9.4658510728501,0.47927631578947366,130
peak_demand,0.3,13.739283277433255,13.739283277434662,True,0,0,0,1.0,1.0,18/16/4,13.739283277433326,-2.220446049250313e-16,-2.3542038052282816e-13,12.630076264201808,0.5049342105263157,124
peak_demand,1.0,13.739283277433312,13.739283277434662,True,0,0,0,1.0,1.0,18/4/16,13.739283277433657,-2.203098814490545e-16,-3.451226896065861e-13,13.546911256554163,0.5025,80
peak_demand,3.0,13.739283277433858,13.739283277434662,True,0,0,0,1.0,1.0,4/16/18,13.739283277433959,-1.1102230246251565e-16,-3.374357146030064e-14,16.043931974041218,0.4756578947368421,45
peak_demand,10.0,13.73928327743362,13.739283277434662,True,0,0,0,1.0,1.0,4/16/18,13.739283277434279,1.1102230246251565e-16,-6.589656449257038e-14,27.054592829281916,0.4075657894736842,26
dunkelflaute,0.1,-80.25493837570345,-80.25493837570279,True,0,0,0,1.0,1.0,18/4/16,-80.25493837570343,7.771561172376096e-16,-1.7106843347172019e-13,5.517214797011194,0.4842105263157895,124
dunkelflaute,0.3,-80.25493837570333,-80.25493837570279,True,0,0,0,1.0,1.0,4/16/18,-80.25493837570329,-2.220446049250313e-16,-1.603529577460383e-13,6.063226812057566,0.4967763157894737,88
dunkelflaute,1.0,-80.2549383757034,-80.25493837570279,True,0,0,0,1.0,1.0,18/16/4,-80.25493837570335,-2.220446049250313e-16,-6.274495398501688e-14,7.86204851324324,0.4773684210526316,54
dunkelflaute,3.0,-80.25493837570315,-80.25493837570279,True,0,0,0,1.0,1.0,16/18/4,-80.25493837570285,-1.1102230246251565e-16,-9.712377193824627e-14,11.163850555755754,0.4548026315789474,26
dunkelflaute,10.0,-80.25493837570338,-80.25493837570279,True,0,0,0,1.0,1.0,16/18/4,-80.25493837570293,0.0,-4.4010927566939764e-14,22.32598815615506,0.3514473684210526,22
wind_surplus,0.1,66.93719193659804,75.37356788519047,True,13,6,13,0.35202373347852367,0.6172603717352446,17/15/6,65.26987110850499,-1.1102230246251565e-16,16.673208280930584,4.350878067235894,0.3257894736842105,37
wind_surplus,0.3,70.9026395016917,75.80659230615353,True,7,1,9,0.5336639973639371,0.7520459658083108,8/15/15,67.70236975165068,-3.2612801348363973e-16,10.667565833470064,12.683930115482742,0.46032894736842106,128
wind_surplus,1.0,76.78991194135072,76.78991194135114,True,0,0,0,1.0,1.0,18/16/4,76.78991194135082,1.111307226797642e-16,-9.748489397557011e-14,12.952355804256134,0.45677631578947364,101
wind_surplus,3.0,76.78991194135033,76.78991194135114,True,0,0,0,1.0,1.0,4/16/18,76.78991194135111,-1.1102230246251565e-16,-2.5947603260001384e-13,12.160205405220548,0.4086184210526316,37
wind_surplus,10.0,76.78991194135011,76.78991194135114,True,0,0,0,1.0,1.0,16/4/18,76.78991194135111,-3.3480163086352377e-16,-9.930363587263744e-14,24.033606541076782,0.35375,21
max_dispersion,0.1,76.48948465495793,88.01729113656444,True,7,7,14,0.45255045809095434,0.9172626154985214,18/15/5,74.92391326280244,8.673617379884035e-19,15.655713921554925,8.71175449389011,0.405,100
max_dispersion,0.3,79.62062743926901,89.89355222587238,True,7,3,7,0.45255045809095434,0.8986853648888996,18/5/15,74.92391326280254,1.6653345369377348e-16,15.655713921554906,13.243825607436213,0.46625,112
max_dispersion,1.0,88.34142340366476,94.8264432197864,True,1,1,1,0.9018849890250247,1.0,4/17/17,86.62998524258083,0.0,1.7114381610839373,6.6871018756861496,0.3706578947368421,57
max_dispersion,3.0,91.7642997258326,91.76429972583293,True,1,1,1,0.9018849890250247,1.0,17/4/17,86.62998524258094,0.0,1.711438161083886,12.564690252904418,0.4194078947368421,38
max_dispersion,10.0,98.48285550963509,98.4828555096357,True,0,0,0,1.0,1.0,4/18/16,98.48285550963564,0.0,-5.539776198928279e-14,16.878140380841515,0.2863815789473684,10
