bus,zone,country
relation/13260100-400,0,FR
relation/13260224-225,0,FR
virtual_relation/10012409:a:1-225,0,FR
virtual_relation/10012410:b:1-225,0,FR
virtual_relation/10012412:b:1-225,0,FR
virtual_relation/10016706:a:1-225,2,FR
virtual_relation/10408155:a:1-225,2,FR
virtual_relation/10408156:a:1-225,2,FR
virtual_relation/10489382:1-225,2,FR
virtual_relation/10508904:a:1-225,1,FR
virtual_relation/10529716:1-225,0,FR
virtual_relation/10547431:b:1-225,2,FR
virtual_relation/14329220:b:1-225,2,FR
virtual_relation/14329220:c:1-225,2,FR
virtual_relation/17457402:b:1-225,0,FR
virtual_relation/19455193:a:1-225,2,FR
virtual_relation/3717716:a:1-400,2,FR
virtual_relation/5321015:1-225,1,FR
virtual_relation/5548368:a:1-225,2,FR
virtual_relation/5548390:a:1-225,0,FR
virtual_relation/5548393:a:1-225,0,FR
virtual_relation/5664553:0-225,0,FR
virtual_relation/5665483:b:1-225,0,FR
virtual_relation/5665483:c:1-225,0,FR
virtual_relation/5675019:a:1-225,0,FR
virtual_relation/5952075:b:1-400,2,FR
virtual_relation/5977378:b:1-225,2,FR
virtual_relation/5977379:a:1-225,1,FR
virtual_relation/5977381:b:1-225,1,FR
virtual_relation/6028654:1-225,1,FR
virtual_relation/6028667:0-225,0,FR
virtual_relation/6100028:1-225,1,FR
virtual_relation/6170186:a:1-225,1,FR
virtual_relation/6359588:a:1-225,0,FR
virtual_relation/6410875:1-225,2,FR
virtual_relation/6492540:a:1-400,0,FR
virtual_relation/6492540:b:1-400,0,FR
virtual_relation/6757421:b:1-225,0,FR
virtual_relation/6897671:1-225,1,FR
virtual_relation/6901347:a:1-225,2,FR
virtual_relation/6942078:a:1-225,0,FR
virtual_relation/6942079:a:1-225,0,FR
virtual_relation/6969077:1-225,0,FR
virtual_relation/6997560:a:1-225,2,FR
virtual_relation/6997563:b:1-225,0,FR
virtual_relation/7062320:a:1-225,0,FR
virtual_relation/7839721:a:1-225,0,FR
virtual_relation/7839729:b:1-225,0,FR
virtual_relation/7847993:a:1-225,2,FR
virtual_relation/7981311:b:1-225,0,FR
virtual_relation/8307566:a:1-225,2,FR
virtual_relation/8307566:b:1-225,2,FR
virtual_relation/8307566:c:1-225,2,FR
virtual_relation/8307567:b:1-225,2,FR
virtual_relation/8384686:c:1-225,0,FR
virtual_relation/8384686:f:1-225,0,FR
virtual_relation/8629543:a:1-225,2,FR
virtual_relation/8664691:b:1-225,2,FR
virtual_relation/8664692:b:1-225,2,FR
virtual_relation/8786259:a:1-225,2,FR
virtual_relation/8786260:a:1-225,2,FR
virtual_relation/8835632:1-225,1,FR
virtual_relation/8835633:b:1-225,1,FR
virtual_relation/8878558:b:1-225,1,FR
virtual_relation/9142326:d:1-225,2,FR
virtual_relation/9158614:b:1-225,2,FR
virtual_relation/9158614:c:1-225,2,FR
virtual_relation/9158620:a:1-225,2,FR
virtual_relation/9259308:b:1-225,2,FR
virtual_relation/9361888:a:1-225,0,FR
virtual_relation/9361888:b:1-225,0,FR
virtual_relation/9406979:a:1-225,2,FR
virtual_relation/9510548:b:1-225,2,FR
virtual_relation/9790881:a:1-225,0,FR
virtual_relation/9803448:a:1-225,0,FR
virtual_relation/9867901:a:1-225,0,FR
virtual_way/102580354:1-225,0,FR
virtual_way/1076203261:0-225,2,FR
virtual_way/109841767:1-225,0,FR
virtual_way/118210638:0-225,2,FR
virtual_way/118340132:1-225,2,FR
virtual_way/120747627:0-225,1,FR
virtual_way/120968575:a:0-225,1,FR
virtual_way/120968575:b:1-225,1,FR
virtual_way/120985975:0-225,1,FR
virtual_way/121116107:1-225,1,FR
virtual_way/122563472:0-225,1,FR
virtual_way/1234916162:1-225,2,FR
virtual_way/127875102:1-225,1,FR
virtual_way/129038237:a:0-225,0,FR
virtual_way/129168154:1-225,2,FR
virtual_way/129221782:1-225,1,FR
virtual_way/130110647:1-225,1,FR
virtual_way/130228930:1-225,1,FR
virtual_way/130380855:1-225,1,FR
virtual_way/130380858:1-225,1,FR
virtual_way/130549365:1-225,1,FR
virtual_way/131742022:0-225,1,FR
virtual_way/131742022:1-225,1,FR
virtual_way/131742024:1-225,1,FR
virtual_way/132920951:1-225,1,FR
virtual_way/133131146:1-225,1,FR
virtual_way/133202864:1-225,0,FR
virtual_way/133637354:0-225,1,FR
virtual_way/135303538:1-225,0,FR
virtual_way/136326136:0-225,2,FR
virtual_way/1430729489:1-400,0,FR
virtual_way/164311020:0-225,0,FR
virtual_way/169319127:0-225,0,FR
virtual_way/173801976:1-225,1,FR
virtual_way/175128983:0-400,2,FR
virtual_way/183753902:1-225,2,FR
virtual_way/186361898:0-225,2,FR
virtual_way/186825520:1-225,1,FR
virtual_way/196480063:1-225,1,FR
virtual_way/203991560:0-225,2,FR
virtual_way/207107137:1-225,2,FR
virtual_way/207561545:1-225,1,FR
virtual_way/23286260:1-400,2,FR
virtual_way/262483937:b:1-225,0,FR
virtual_way/262965290:1-225,2,FR
virtual_way/26376785:0-225,2,FR
virtual_way/26376785:1-225,2,FR
virtual_way/26376798:0-225,2,FR
virtual_way/26376798:1-225,0,FR
virtual_way/27757714:0-225,0,FR
virtual_way/328017422:1-400,0,FR
virtual_way/375282546:1-225,2,FR
virtual_way/380651625:1-400,2,FR
virtual_way/41453026:1-400,2,FR
virtual_way/420364860:1-225,1,FR
virtual_way/457311092:1-225,1,FR
virtual_way/599962755:0-225,1,FR
virtual_way/599962757:0-225,1,FR
virtual_way/645193278:0-225,2,FR
virtual_way/647167011:0-225,1,FR
virtual_way/647167015:1-225,1,FR
virtual_way/684713120:0-225,2,FR
virtual_way/70733234:1-225,0,FR
virtual_way/80840369:a:1-225,1,FR
virtual_way/85226749:1-400,2,FR
virtual_way/86345552:1-225,2,FR
virtual_way/88910320:0-400,0,FR
virtual_way/94505778:0-225,1,FR
virtual_way/94505778:1-225,1,FR
virtual_way/94524735:0-400,0,FR
virtual_way/95278909:1-225,0,FR
virtual_way/95289332:1-225,0,FR
virtual_way/95299712:1-225,0,FR
way/100021432-225,2,FR
way/100087916-400,2,FR
way/1000881525-400,2,FR
way/100500802-400,1,FR
way/101086962-225,1,FR
way/101108382-225,2,FR
way/101207712-225,1,FR
way/101217260-225,0,FR
way/101228343-225,2,FR
way/101494744-225,1,FR
way/103365741-225,2,FR
way/103921705-225,2,FR
way/103960552-225,2,FR
way/104008765-225,2,FR
way/1041877812-225,2,FR
way/104240116-225,0,FR
way/104481448-400,2,FR
way/1046982647-225,0,FR
way/105197514-225,1,FR
way/105202875-225,2,FR
way/105515586-400,0,FR
way/105571340-400,0,FR
way/105630888-400,2,FR
way/1056316394-225,0,FR
way/105652436-225,2,FR
way/105652455-225,0,FR
way/105690676-400,0,FR
way/105783300-400,0,FR
way/105840884-400,0,FR
way/105913465-400,0,FR
way/105913481-225,0,FR
way/106284701-225,2,FR
way/1063748572-225,0,FR
way/1067248696-225,2,FR
way/1069076347-225,1,FR
way/107121899-225,1,FR
way/107434290-225,1,FR
way/1076166858-225,0,FR
way/108084125-225,0,FR
way/108089073-225,0,FR
way/108099552-400,0,FR
way/1081289679-225,2,FR
way/1091109862-225,2,FR
way/109367858-225,0,FR
way/109817708-400,0,FR
way/109859712-400,0,FR
way/110086345-400,2,FR
way/110443404-400,2,FR
way/110450456-400,2,FR
way/110468028-225,0,FR
way/110522458-225,2,FR
way/110542740-225,0,FR
way/110602470-225,2,FR
way/111265307-225,2,FR
way/111276881-225,2,FR
way/111414142-400,2,FR
way/111449797-225,0,FR
way/111456385-400,0,FR
way/111458307-400,0,FR
way/111558550-400,0,FR
way/111558561-225,0,FR
way/111769053-225,1,FR
way/111816982-225,0,FR
way/1121036738-225,1,FR
way/112310487-225,0,FR
way/112342683-400,0,FR
way/112893617-400,0,FR
way/112925040-225,0,FR
way/113338234-225,0,FR
way/114018928-400,2,FR
way/114355666-400,2,FR
way/114359287-225,2,FR
way/114363583-400,0,FR
way/114730382-225,2,FR
way/115437692-225,0,FR
way/115476080-225,0,FR
way/116168269-225,0,FR
way/1162035523-225,2,FR
way/116670124-225,2,FR
way/116702384-225,2,FR
way/117350758-400,0,FR
way/117421453-225,2,FR
way/117446403-400,2,FR
way/117537715-225,2,FR
way/117810798-225,2,FR
way/117893799-400,2,FR
way/117975440-400,0,FR
way/1180069967-225,2,FR
way/118079877-400,1,FR
way/118086309-400,2,FR
way/118121876-400,1,FR
way/118127416-225,0,FR
way/118133021-225,1,FR
way/118133060-225,1,FR
way/118133898-225,0,FR
way/118204938-225,2,FR
way/118213015-225,2,FR
way/118216358-225,0,FR
way/118216361-225,0,FR
way/118260031-225,2,FR
way/118387083-400,2,FR
way/118387084-225,1,FR
way/118400622-225,0,FR
way/118400623-225,0,FR
way/118591672-225,1,FR
way/118655802-400,2,FR
way/118684662-225,2,FR
way/118684992-225,2,FR
way/118727701-225,0,FR
way/119048154-225,0,FR
way/1198130346-225,2,FR
way/120464542-225,2,FR
way/120522167-225,1,FR
way/120553316-225,1,FR
way/120707003-400,1,FR
way/120861987-225,2,FR
way/121024004-225,1,FR
way/121087628-225,2,FR
way/121101846-225,2,FR
way/121116528-225,1,FR
way/121152763-225,2,FR
way/121161175-225,1,FR
way/121297422-400,1,FR
way/121499607-225,1,FR
way/121500497-400,1,FR
way/122061929-225,2,FR
way/122104435-225,2,FR
way/122361853-225,1,FR
way/122411058-225,1,FR
way/122563466-400,1,FR
way/122568639-225,1,FR
way/122748502-225,1,FR
way/122752897-225,1,FR
way/122755047-225,1,FR
way/122755068-225,0,FR
way/122923029-225,1,FR
way/123120808-225,1,FR
way/1231941645-225,1,FR
way/1236363679-225,2,FR
way/1236930242-225,2,FR
way/125003945-225,1,FR
way/125076979-225,1,FR
way/125164718-225,2,FR
way/125494395-225,0,FR
way/125495792-225,0,FR
way/125550372-225,0,FR
way/125721667-225,1,FR
way/126417428-225,2,FR
way/1271288345-400,0,FR
way/1272896526-225,2,FR
way/128106453-225,1,FR
way/128381283-225,0,FR
way/128524174-225,2,FR
way/129026531-225,1,FR
way/129378915-400,1,FR
way/129440971-225,2,FR
way/129581885-225,0,FR
way/129614642-225,0,FR
way/129624451-225,2,FR
way/129631438-225,2,FR
way/129662180-225,2,FR
way/129830455-225,2,FR
way/1299138577-225,1,FR
way/130017468-225,0,FR
way/130132975-225,2,FR
way/130459448-225,0,FR
way/130549366-225,1,FR
way/130562947-225,1,FR
way/130595758-225,2,FR
way/130659505-225,1,FR
way/130792479-225,2,FR
way/131317126-225,2,FR
way/131645796-225,1,FR
way/1328928946-400,0,FR
way/1330896577-400,2,FR
way/133400747-225,2,FR
way/133637359-225,1,FR
way/133667044-225,2,FR
way/133868507-225,1,FR
way/134147651-225,2,FR
way/135183628-225,2,FR
way/135314787-225,0,FR
way/135585545-225,0,FR
way/135727900-225,0,FR
way/135855286-225,2,FR
way/136068611-225,0,FR
way/136326140-225,0,FR
way/136416550-225,0,FR
way/137083764-225,1,FR
way/137191333-225,0,FR
way/137365310-225,1,FR
way/137474877-225,0,FR
way/138108387-225,2,FR
way/138149900-225,0,FR
way/138278216-225,0,FR
way/138382023-400,1,FR
way/138610604-225,0,FR
way/138787590-225,2,FR
way/138979502-225,2,FR
way/139098414-225,2,FR
way/139593701-225,1,FR
way/139834740-225,2,FR
way/140753578-225,1,FR
way/1421339939-225,2,FR
way/142360067-225,0,FR
way/142420422-225,0,FR
way/142456148-225,0,FR
way/142456170-225,2,FR
way/142456176-225,0,FR
way/142505460-225,0,FR
way/142571672-225,0,FR
way/143283235-225,2,FR
way/144099634-225,1,FR
way/1451191769-225,0,FR
way/1462440672-225,2,FR
way/146360237-225,0,FR
way/146360243-225,2,FR
way/146360244-225,0,FR
way/146366949-225,0,FR
way/146402374-225,2,FR
way/146449309-400,0,FR
way/146449312-225,1,FR
way/146449314-225,2,FR
way/146534501-225,0,FR
way/146534504-225,2,FR
way/146534507-225,2,FR
way/146590045-225,1,FR
way/146590048-225,1,FR
way/146695955-400,0,FR
way/146744609-225,2,FR
way/147132682-225,0,FR
way/147132685-400,0,FR
way/147132690-400,0,FR
way/147132693-225,0,FR
way/147174230-225,2,FR
way/147174234-225,0,FR
way/147174244-225,0,FR
way/147174246-225,2,FR
way/147174253-225,1,FR
way/147187631-225,2,FR
way/147187633-225,2,FR
way/147394004-225,0,FR
way/147394005-225,0,FR
way/147394006-225,0,FR
way/147394007-225,1,FR
way/147394008-225,2,FR
way/147394011-225,1,FR
way/147394012-225,0,FR
way/147394015-225,1,FR
way/147394016-225,0,FR
way/147398275-225,0,FR
way/147398276-225,1,FR
way/147398278-225,2,FR
way/147398279-225,2,FR
way/147398280-225,2,FR
way/147580961-225,1,FR
way/147580963-225,2,FR
way/147580965-225,2,FR
way/147580968-225,0,FR
way/147580973-225,0,FR
way/147580978-225,0,FR
way/147580984-225,0,FR
way/147580985-225,0,FR
way/147580994-225,1,FR
way/147580996-225,2,FR
way/147581003-225,0,FR
way/147581004-225,0,FR
way/148059534-225,1,FR
way/148059535-225,2,FR
way/148059537-225,2,FR
way/148564021-225,1,FR
way/150329778-225,1,FR
way/150366395-225,2,FR
way/152120009-225,2,FR
way/152778326-225,0,FR
way/152835217-225,0,FR
way/154391107-225,2,FR
way/158232795-225,0,FR
way/159167277-400,1,FR
way/162540710-400,0,FR
way/16287586-225,0,FR
way/163063141-225,1,FR
way/165830069-225,2,FR
way/165966009-225,2,FR
way/166057222-225,0,FR
way/166073883-400,0,FR
way/167268705-225,2,FR
way/169393427-225,2,FR
way/169799372-225,2,FR
way/170184991-225,2,FR
way/171051788-225,2,FR
way/172735399-225,2,FR
way/173265188-225,0,FR
way/177428102-225,2,FR
way/177964767-225,2,FR
way/177964771-225,0,FR
way/178995408-225,1,FR
way/179260933-400,2,FR
way/179848961-225,0,FR
way/180569105-225,2,FR
way/182816228-225,0,FR
way/183105308-225,0,FR
way/183182430-225,1,FR
way/183215456-225,1,FR
way/183818442-225,1,FR
way/184492595-225,2,FR
way/186499822-225,2,FR
way/188144496-400,0,FR
way/196073443-225,1,FR
way/197040234-225,0,FR
way/199093574-225,2,FR
way/199229562-400,1,FR
way/203122176-225,1,FR
way/204349873-225,1,FR
way/207292011-225,1,FR
way/207479669-225,2,FR
way/208424341-225,0,FR
way/210389707-400,0,FR
way/211875283-225,2,FR
way/214483816-400,2,FR
way/214858101-400,2,FR
way/219639224-225,2,FR
way/222188543-400,0,FR
way/225210595-400,1,FR
way/226898600-225,2,FR
way/228049601-225,2,FR
way/22873838-225,2,FR
way/22873840-225,2,FR
way/22938964-225,2,FR
way/229597405-400,0,FR
way/231157304-225,2,FR
way/231157312-225,2,FR
way/23286313-400,2,FR
way/23287448-400,2,FR
way/235370803-400,0,FR
way/24020441-400,1,FR
way/24020601-400,0,FR
way/24025291-400,1,FR
way/24035563-225,2,FR
way/243285438-225,1,FR
way/244036491-225,2,FR
way/247427865-225,0,FR
way/24849819-400,2,FR
way/24913871-225,2,FR
way/24919917-225,2,FR
way/24923808-225,2,FR
way/24990664-225,2,FR
way/260211728-225,0,FR
way/260579119-225,2,FR
way/26112209-400,1,FR
way/26272450-225,2,FR
way/26376732-225,2,FR
way/26376870-400,2,FR
way/26395237-225,2,FR
way/265745327-225,1,FR
way/26813222-225,2,FR
way/270540194-225,2,FR
way/27259817-400,2,FR
way/27266058-400,1,FR
way/273536873-225,0,FR
way/27428702-225,2,FR
way/27558020-225,0,FR
way/27768969-225,2,FR
way/278718504-225,2,FR
way/27951432-400,0,FR
way/28706541-225,2,FR
way/28761900-225,2,FR
way/29088787-400,2,FR
way/292180238-225,2,FR
way/292629713-225,2,FR
way/294002018-225,2,FR
way/295403868-400,2,FR
way/299860588-225,2,FR
way/299862996-225,0,FR
way/30292953-400,2,FR
way/307228675-225,2,FR
way/312728271-400,0,FR
way/318195497-225,2,FR
way/318502246-400,1,FR
way/32067290-225,2,FR
way/32196554-400,2,FR
way/327505353-225,2,FR
way/327505354-225,2,FR
way/32876673-225,2,FR
way/33113310-225,2,FR
way/338324854-225,2,FR
way/33973725-225,2,FR
way/34198056-400,0,FR
way/34349978-225,0,FR
way/34387620-225,0,FR
way/34398164-225,0,FR
way/34398358-225,0,FR
way/350044068-225,2,FR
way/35206465-225,2,FR
way/35538714-225,2,FR
way/36286080-225,1,FR
way/36805588-400,2,FR
way/374150877-225,2,FR
way/378126683-225,2,FR
way/38073132-225,0,FR
way/38830347-225,1,FR
way/392683619-225,1,FR
way/393286774-400,1,FR
way/39389229-400,1,FR
way/39407602-225,2,FR
way/397885581-225,2,FR
way/40266681-225,1,FR
way/403385451-225,0,FR
way/405909509-225,1,FR
way/41436841-225,0,FR
way/41591146-225,0,FR
way/416438053-225,1,FR
way/416438054-225,1,FR
way/41829825-400,2,FR
way/41834104-225,2,FR
way/432466512-400,2,FR
way/434500830-225,2,FR
way/440538762-225,0,FR
way/440600377-225,2,FR
way/442651900-400,0,FR
way/44357629-225,2,FR
way/443975666-400,0,FR
way/44448089-225,2,FR
way/445088111-225,2,FR
way/448355914-400,0,FR
way/448722478-400,0,FR
way/44883864-400,0,FR
way/454932860-225,1,FR
way/455245314-225,2,FR
way/46172440-225,2,FR
way/467599626-225,1,FR
way/467775702-400,0,FR
way/467799728-225,2,FR
way/468096792-225,1,FR
way/473670083-225,1,FR
way/474926055-225,1,FR
way/47633664-225,0,FR
way/47660196-225,2,FR
way/47739331-225,1,FR
way/477926841-225,0,FR
way/484952897-225,0,FR
way/48815655-225,2,FR
way/489118827-225,0,FR
way/490191058-225,1,FR
way/490392953-225,2,FR
way/49049745-400,2,FR
way/491655540-225,1,FR
way/495078839-225,2,FR
way/49510896-400,2,FR
way/497510591-225,2,FR
way/514597856-225,2,FR
way/536127194-225,1,FR
way/53727352-225,2,FR
way/53944139-225,2,FR
way/547443051-225,2,FR
way/549010403-225,2,FR
way/549628003-225,2,FR
way/549628132-225,0,FR
way/552467306-225,2,FR
way/553127674-225,2,FR
way/553509645-225,1,FR
way/553509651-225,1,FR
way/558437000-225,1,FR
way/56585982-225,0,FR
way/56997464-400,0,FR
way/56998024-400,0,FR
way/57941014-225,0,FR
way/580568888-400,2,FR
way/580927266-400,0,FR
way/583372101-225,2,FR
way/584362062-225,0,FR
way/585985166-225,2,FR
way/589691204-225,2,FR
way/589691209-225,1,FR
way/589696042-225,2,FR
way/590596961-225,0,FR
way/590866686-225,2,FR
way/604408491-225,2,FR
way/616985188-225,2,FR
way/620325313-225,1,FR
way/62233233-225,2,FR
way/62279693-225,1,FR
way/623949241-225,2,FR
way/627450679-225,0,FR
way/63213632-225,2,FR
way/63641119-225,2,FR
way/64040939-225,2,FR
way/655200312-225,2,FR
way/658560999-225,2,FR
way/658561191-225,2,FR
way/659343518-400,0,FR
way/659913223-225,1,FR
way/666332422-225,2,FR
way/666332466-225,1,FR
way/671113556-225,2,FR
way/682366021-225,2,FR
way/682366052-225,2,FR
way/68925871-225,2,FR
way/69813552-400,1,FR
way/69999641-225,2,FR
way/70452467-225,0,FR
way/704996189-225,0,FR
way/715176993-225,2,FR
way/715177063-225,2,FR
way/71933077-400,0,FR
way/71933086-400,0,FR
way/725699702-225,0,FR
way/730015498-225,1,FR
way/730015505-225,1,FR
way/733773947-225,2,FR
way/733773951-225,2,FR
way/733773994-225,2,FR
way/740849522-225,2,FR
way/749073921-225,2,FR
way/75509664-225,0,FR
way/756397226-225,2,FR
way/75750171-225,2,FR
way/759073166-225,2,FR
way/76032001-225,2,FR
way/777545899-225,0,FR
way/78052541-225,2,FR
way/78148795-225,2,FR
way/788298548-400,0,FR
way/79805353-225,2,FR
way/79866837-400,2,FR
way/80719004-225,2,FR
way/81228088-400,0,FR
way/81638061-225,1,FR
way/81641090-400,1,FR
way/81665271-400,2,FR
way/81758476-400,1,FR
way/818615639-225,1,FR
way/818615644-225,1,FR
way/818615647-225,0,FR
way/82226136-225,1,FR
way/82306874-400,2,FR
way/823662696-225,2,FR
way/823662703-400,0,FR
way/823662705-400,2,FR
way/823872751-225,0,FR
way/823872752-225,0,FR
way/823872758-225,2,FR
way/82467033-225,2,FR
way/82599261-400,2,FR
way/82715808-400,0,FR
way/82741307-400,0,FR
way/82741335-225,0,FR
way/82746777-225,0,FR
way/82746780-225,0,FR
way/82805188-400,2,FR
way/82825438-400,2,FR
way/82825446-400,2,FR
way/82949228-400,2,FR
way/82967739-400,2,FR
way/82976238-225,2,FR
way/83293593-400,1,FR
way/83705700-225,2,FR
way/83726363-400,2,FR
way/83819431-225,2,FR
way/84153220-400,1,FR
way/84182609-400,0,FR
way/84452130-400,1,FR
way/84476231-400,1,FR
way/84485792-400,1,FR
way/84490483-400,0,FR
way/84603564-400,1,FR
way/85047359-400,0,FR
way/85198005-400,0,FR
way/85203486-400,0,FR
way/85217416-400,0,FR
way/85273676-225,2,FR
way/85273680-400,0,FR
way/85335661-400,0,FR
way/85339874-225,0,FR
way/85446794-225,2,FR
way/85605950-400,2,FR
way/85605959-400,2,FR
way/85710783-400,2,FR
way/85821243-400,0,FR
way/85827397-400,2,FR
way/85827398-400,2,FR
way/85867971-400,0,FR
way/85877326-400,2,FR
way/85895367-400,0,FR
way/85955250-225,2,FR
way/85995894-400,2,FR
way/86023818-400,0,FR
way/86131984-400,0,FR
way/86162998-400,0,FR
way/86260099-400,0,FR
way/86260748-400,0,FR
way/86297273-400,0,FR
way/86342772-400,2,FR
way/86344183-400,2,FR
way/86462910-225,0,FR
way/89022039-225,2,FR
way/89022080-400,0,FR
way/890834366-400,2,FR
way/89158123-225,1,FR
way/90032133-225,2,FR
way/90415251-225,2,FR
way/907536278-225,2,FR
way/90842395-400,1,FR
way/90854143-225,1,FR
way/91351689-225,1,FR
way/92896823-225,2,FR
way/93189928-400,1,FR
way/95209542-225,1,FR
way/95409416-225,0,FR
way/956596300-225,0,FR
way/95810878-225,1,FR
way/96839470-225,2,FR
way/97547196-225,1,FR
way/98390525-400,0,FR
way/986506107-225,2,FR
way/986795975-225,2,FR
way/986799738-225,0,FR
way/98890904-400,0,FR
way/98945703-225,0,FR
way/99623587-225,0,FR
way/99722046-400,2,FR
relation/15715982-400,1,ES
relation/16809528-400,2,ES
relation/17148268-400,1,ES
relation/17678185-220,2,ES
relation/17805735-220,2,ES
virtual_relation/4742468:a:0-220,1,ES
virtual_relation/4742468:a:1-220,1,ES
virtual_relation/4742657:b:1-220,1,ES
virtual_relation/4851851:a:1-220,2,ES
virtual_relation/4851851:b:1-220,2,ES
virtual_relation/6804064:d:1-400,1,ES
virtual_relation/6804064:f:1-400,1,ES
virtual_relation/6804108:b:1-400,1,ES
virtual_relation/6842897:a:1-400,0,ES
virtual_relation/6848538:a:1-220,0,ES
virtual_relation/6848539:b:1-220,0,ES
virtual_relation/8423568:a:0-225,2,ES
virtual_relation/8481942:a:0-225,1,ES
virtual_relation/8481943:a:1-400,1,ES
virtual_way/101953923:1-400,1,ES
virtual_way/107745279:0-220,2,ES
virtual_way/111700589:1-220,2,ES
virtual_way/117635377:0-400,2,ES
virtual_way/118319291:0-400,0,ES
virtual_way/118319291:1-400,2,ES
virtual_way/121810833:0-220,1,ES
virtual_way/121810833:1-220,1,ES
virtual_way/1232962947:0-400,1,ES
virtual_way/124121963:0-220,2,ES
virtual_way/1252171506:0-220,2,ES
virtual_way/1255796401:1-220,1,ES
virtual_way/126230841:0-400,0,ES
virtual_way/126987002:0-400,0,ES
virtual_way/126987035:0-400,0,ES
virtual_way/127249104:b:1-220,0,ES
virtual_way/127528721:1-220,0,ES
virtual_way/127787666:1-400,0,ES
virtual_way/1288723718:1-400,1,ES
virtual_way/129506866:1-220,1,ES
virtual_way/129692423:0-400,0,ES
virtual_way/1297367917:1-220,1,ES
virtual_way/1302963581:1-220,1,ES
virtual_way/135692900:a:1-400,2,ES
virtual_way/135756632:1-400,0,ES
virtual_way/135758885:1-220,2,ES
virtual_way/135759309:b:1-220,2,ES
virtual_way/139129334:1-400,2,ES
virtual_way/1416257682:0-400,2,ES
virtual_way/142690943:1-220,1,ES
virtual_way/143207669:0-220,2,ES
virtual_way/143207675:1-400,0,ES
virtual_way/143483656:1-220,1,ES
virtual_way/143483657:1-220,1,ES
virtual_way/143483659:1-220,1,ES
virtual_way/143483675:0-220,1,ES
virtual_way/143483686:1-220,1,ES
virtual_way/143483690:0-220,1,ES
virtual_way/143483694:0-220,1,ES
virtual_way/144116979:a:1-220,2,ES
virtual_way/144138399:1-220,2,ES
virtual_way/144156736:a:1-220,1,ES
virtual_way/144156736:b:1-220,1,ES
virtual_way/144158989:0-220,1,ES
virtual_way/144158992:a:1-220,1,ES
virtual_way/144161444:a:1-220,1,ES
virtual_way/144161450:a:1-220,1,ES
virtual_way/144161452:0-220,1,ES
virtual_way/144297345:1-220,1,ES
virtual_way/144306667:a:1-220,1,ES
virtual_way/144312478:1-220,1,ES
virtual_way/144327134:0-220,1,ES
virtual_way/144327153:0-220,1,ES
virtual_way/144775942:1-220,2,ES
virtual_way/144787733:0-220,1,ES
virtual_way/144787733:1-220,2,ES
virtual_way/144787740:1-220,1,ES
virtual_way/144787743:0-220,1,ES
virtual_way/144798099:0-220,2,ES
virtual_way/144798278:0-220,2,ES
virtual_way/144798624:1-220,2,ES
virtual_way/144801452:1-220,1,ES
virtual_way/144827708:0-220,1,ES
virtual_way/144830549:1-220,1,ES
virtual_way/144909704:d:1-400,0,ES
virtual_way/144909715:1-400,0,ES
virtual_way/144915397:a:1-400,0,ES
virtual_way/144915409:a:1-220,0,ES
virtual_way/144915409:b:1-220,0,ES
virtual_way/144926478:0-220,0,ES
virtual_way/144931781:1-400,0,ES
virtual_way/145179181:1-220,0,ES
virtual_way/145181917:0-400,0,ES
virtual_way/145181922:1-400,0,ES
virtual_way/145302681:0-220,0,ES
virtual_way/145312944:1-400,0,ES
virtual_way/145316515:1-220,2,ES
virtual_way/145430556:1-400,2,ES
virtual_way/145431189:1-400,0,ES
virtual_way/145431965:1-400,0,ES
virtual_way/145456407:0-220,1,ES
virtual_way/145456419:0-220,1,ES
virtual_way/145456419:1-220,1,ES
virtual_way/145456421:0-220,1,ES
virtual_way/145461764:1-220,1,ES
virtual_way/145478943:1-220,1,ES
virtual_way/145594442:1-220,1,ES
virtual_way/145614726:1-400,1,ES
virtual_way/145618129:1-220,1,ES
virtual_way/145623521:1-220,1,ES
virtual_way/145623532:0-220,1,ES
virtual_way/145792622:1-220,2,ES
virtual_way/145821097:a:1-220,0,ES
virtual_way/146812025:0-220,1,ES
virtual_way/147496386:0-220,2,ES
virtual_way/154492235:1-220,2,ES
virtual_way/155078565:0-220,1,ES
virtual_way/155078565:1-220,1,ES
virtual_way/159071540:1-220,1,ES
virtual_way/165014971:1-220,2,ES
virtual_way/165014974:0-400,2,ES
virtual_way/165666095:0-400,0,ES
virtual_way/169496739:1-220,1,ES
virtual_way/169523033:0-220,2,ES
virtual_way/169523040:0-220,2,ES
virtual_way/169680269:1-220,0,ES
virtual_way/169759378:1-220,2,ES
virtual_way/169769005:1-220,2,ES
virtual_way/169769007:0-400,2,ES
virtual_way/169882246:0-220,2,ES
virtual_way/170014038:0-400,0,ES
virtual_way/170162237:1-220,2,ES
virtual_way/170189888:0-220,2,ES
virtual_way/170272142:a:1-400,2,ES
virtual_way/170389316:1-220,2,ES
virtual_way/170433609:1-220,2,ES
virtual_way/170479579:0-400,2,ES
virtual_way/170479579:1-400,2,ES
virtual_way/170479581:1-400,1,ES
virtual_way/170479590:0-400,2,ES
virtual_way/170479595:a:1-220,1,ES
virtual_way/170485427:0-400,2,ES
virtual_way/170485430:1-220,2,ES
virtual_way/170485442:1-220,2,ES
virtual_way/170607796:0-220,2,ES
virtual_way/170671538:1-220,1,ES
virtual_way/170779402:b:1-220,1,ES
virtual_way/170792586:0-220,1,ES
virtual_way/170792599:1-220,1,ES
virtual_way/170949166:1-400,1,ES
virtual_way/170950151:1-400,1,ES
virtual_way/170968159:0-220,1,ES
virtual_way/170983467:0-220,1,ES
virtual_way/170983468:1-220,1,ES
virtual_way/171113520:0-220,1,ES
virtual_way/171113526:1-220,1,ES
virtual_way/171249737:0-220,1,ES
virtual_way/171256171:a:1-400,0,ES
virtual_way/171260458:0-400,0,ES
virtual_way/171260460:1-220,0,ES
virtual_way/171260473:1-220,0,ES
virtual_way/171536996:1-220,0,ES
virtual_way/171557468:0-220,1,ES
virtual_way/171558293:1-220,1,ES
virtual_way/171558294:a:1-220,2,ES
virtual_way/176820945:0-220,1,ES
virtual_way/178126931:1-220,2,ES
virtual_way/178127858:0-400,2,ES
virtual_way/178409458:1-220,2,ES
virtual_way/181664118:1-220,1,ES
virtual_way/181674246:0-220,2,ES
virtual_way/181916247:1-220,2,ES
virtual_way/181916252:1-220,2,ES
virtual_way/182089444:0-220,1,ES
virtual_way/182260864:1-220,2,ES
virtual_way/188524786:1-220,1,ES
virtual_way/188593992:0-220,1,ES
virtual_way/188593993:0-220,1,ES
virtual_way/188737729:1-400,1,ES
virtual_way/189171422:0-400,1,ES
virtual_way/189171422:1-400,1,ES
virtual_way/190038871:0-400,1,ES
virtual_way/190110743:1-220,1,ES
virtual_way/190248193:1-220,2,ES
virtual_way/191054131:0-220,2,ES
virtual_way/191492710:0-220,1,ES
virtual_way/192313168:0-220,2,ES
virtual_way/192643724:1-400,1,ES
virtual_way/192648425:1-400,1,ES
virtual_way/193593279:b:1-400,2,ES
virtual_way/194351442:1-220,1,ES
virtual_way/194369827:a:1-400,1,ES
virtual_way/194701799:0-220,1,ES
virtual_way/194701799:1-220,2,ES
virtual_way/196202216:a:1-220,1,ES
virtual_way/196207062:1-400,1,ES
virtual_way/196371122:0-220,2,ES
virtual_way/196377179:1-400,2,ES
virtual_way/196377182:0-400,2,ES
virtual_way/196377186:0-400,2,ES
virtual_way/196379345:0-220,2,ES
virtual_way/196382206:0-220,2,ES
virtual_way/196392711:1-220,2,ES
virtual_way/196392712:1-220,2,ES
virtual_way/196483353:0-220,1,ES
virtual_way/196483357:1-220,1,ES
virtual_way/196526410:1-220,1,ES
virtual_way/196533194:1-220,1,ES
virtual_way/203227159:1-220,1,ES
virtual_way/203227160:1-220,2,ES
virtual_way/259888152:a:1-220,1,ES
virtual_way/260017341:a:1-400,2,ES
virtual_way/271039582:0-220,1,ES
virtual_way/297124382:1-220,2,ES
virtual_way/36906941:1-400,1,ES
virtual_way/39215181:1-220,2,ES
virtual_way/39216279:0-400,2,ES
virtual_way/39216591:a:1-220,2,ES
virtual_way/398913901:0-220,2,ES
virtual_way/399284294:1-220,2,ES
virtual_way/44505374:1-220,2,ES
virtual_way/45853783:0-400,2,ES
virtual_way/463302754:f:1-400,0,ES
virtual_way/52287252:1-400,1,ES
virtual_way/52493279:a:1-220,2,ES
virtual_way/54166978:a:1-400,2,ES
virtual_way/54678315:a:1-400,1,ES
virtual_way/56137336:0-220,2,ES
virtual_way/56137336:1-220,2,ES
virtual_way/582657079:0-220,1,ES
virtual_way/60348033:1-400,2,ES
virtual_way/60348034:1-220,1,ES
virtual_way/60351384:0-220,0,ES
virtual_way/60351392:1-220,0,ES
virtual_way/61161169:1-220,1,ES
virtual_way/61187717:1-400,2,ES
virtual_way/62329124:0-220,2,ES
virtual_way/683574601:1-400,2,ES
virtual_way/71925777:0-220,2,ES
virtual_way/71925777:1-220,2,ES
virtual_way/74384027:1-400,2,ES
virtual_way/74385436:0-400,2,ES
virtual_way/77593997:0-220,0,ES
virtual_way/77594065:1-220,0,ES
virtual_way/80208422:1-220,1,ES
virtual_way/86411234:a:1-220,1,ES
virtual_way/86411234:b:1-220,1,ES
virtual_way/88447668:0-220,1,ES
virtual_way/88760628:1-220,1,ES
virtual_way/91441013:a:1-220,1,ES
virtual_way/91441013:b:1-220,1,ES
virtual_way/91441013:c:1-220,1,ES
virtual_way/91441013:d:1-220,1,ES
virtual_way/91679026:1-220,1,ES
virtual_way/93227304:0-400,2,ES
virtual_way/93227304:1-400,2,ES
virtual_way/93267462:1-220,2,ES
virtual_way/93623941:1-220,1,ES
virtual_way/97403318:1-220,1,ES
way/101078312-220,1,ES
way/101953901-400,1,ES
way/1028926498-400,2,ES
way/103158873-400,1,ES
way/103190094-220,2,ES
way/103511952-400,1,ES
way/104020696-400,2,ES
way/104026138-220,1,ES
way/104370242-400,1,ES
way/104730022-220,1,ES
way/105259481-400,2,ES
way/107479377-220,1,ES
way/110506713-220,2,ES
way/111584995-220,2,ES
way/1141933143-400,2,ES
way/1153834517-400,2,ES
way/115680075-400,1,ES
way/118057369-400,1,ES
way/118641117-220,2,ES
way/1218840771-400,1,ES
way/1232240349-220,1,ES
way/1241153459-400,1,ES
way/124121964-400,2,ES
way/1243143644-220,1,ES
way/1245390527-220,1,ES
way/1246090890-220,0,ES
way/1246115410-400,1,ES
way/1252105002-400,2,ES
way/1252514183-220,2,ES
way/1255236015-220,2,ES
way/1257151190-220,2,ES
way/1258841550-220,0,ES
way/126100935-220,2,ES
way/1262644008-220,2,ES
way/1262722032-400,1,ES
way/1262722037-400,1,ES
way/1262731213-400,1,ES
way/1263211052-220,2,ES
way/1266061515-220,0,ES
way/1266081844-400,0,ES
way/1267694217-400,2,ES
way/1267909080-220,2,ES
way/126881765-400,2,ES
way/126987023-400,0,ES
way/1270848181-400,1,ES
way/1273759380-220,2,ES
way/127528728-220,0,ES
way/1275359449-220,2,ES
way/127605081-220,0,ES
way/1277630100-400,0,ES
way/127787669-400,0,ES
way/128873801-220,0,ES
way/129441519-400,0,ES
way/129767234-400,2,ES
way/1332493810-400,1,ES
way/1344277366-220,1,ES
way/134884956-400,1,ES
way/139280545-220,0,ES
way/139280769-220,0,ES
way/140011919-400,0,ES
way/140781473-220,1,ES
way/143207685-400,2,ES
way/143207686-220,2,ES
way/143483652-220,1,ES
way/143483653-220,1,ES
way/143483666-400,1,ES
way/144138407-220,1,ES
way/144138410-220,2,ES
way/144138420-400,2,ES
way/144156731-220,1,ES
way/144233436-220,1,ES
way/144297377-220,1,ES
way/144297438-220,1,ES
way/144306676-220,1,ES
way/144312477-220,1,ES
way/144312479-220,1,ES
way/144327151-220,1,ES
way/144327157-400,1,ES
way/144487932-400,2,ES
way/144767090-400,1,ES
way/144767096-400,1,ES
way/144775943-220,2,ES
way/144787749-400,2,ES
way/144812118-220,2,ES
way/144813618-220,2,ES
way/144827711-220,1,ES
way/144909709-400,0,ES
way/144909722-400,0,ES
way/144909723-400,0,ES
way/144915428-400,0,ES
way/144915438-400,0,ES
way/144922719-220,0,ES
way/144926472-220,0,ES
way/144931782-400,0,ES
way/144933376-400,0,ES
way/144941889-400,0,ES
way/144942113-400,0,ES
way/145171008-400,2,ES
way/145302700-400,0,ES
way/145302702-220,0,ES
way/145312949-400,2,ES
way/145316518-220,2,ES
way/145326592-220,2,ES
way/145333039-220,2,ES
way/145337069-220,1,ES
way/145456411-220,1,ES
way/145461765-400,1,ES
way/145466007-220,1,ES
way/145478409-220,1,ES
way/145599515-220,1,ES
way/145821099-220,2,ES
way/145823172-400,2,ES
way/148347794-220,0,ES
way/151490968-220,1,ES
way/156435509-400,0,ES
way/158620489-220,2,ES
way/159930931-400,2,ES
way/164823726-220,1,ES
way/168357739-400,2,ES
way/168358225-400,2,ES
way/169523046-400,0,ES
way/169528510-220,2,ES
way/169703140-220,0,ES
way/169703141-220,0,ES
way/169729505-400,2,ES
way/169769013-220,2,ES
way/169867109-400,0,ES
way/169882238-220,2,ES
way/169882239-220,2,ES
way/169883205-400,1,ES
way/169947613-220,2,ES
way/169999915-400,2,ES
way/170140947-220,2,ES
way/170156685-220,2,ES
way/170371019-220,1,ES
way/170424446-400,2,ES
way/170424447-400,2,ES
way/170424455-400,2,ES
way/170433606-220,2,ES
way/170485452-220,2,ES
way/170485453-400,1,ES
way/170505900-220,1,ES
way/170511092-400,1,ES
way/170519401-220,1,ES
way/170607798-220,2,ES
way/170671537-220,2,ES
way/170779407-220,1,ES
way/170779408-220,1,ES
way/170946426-400,1,ES
way/170954487-400,2,ES
way/170961288-400,2,ES
way/170968145-400,1,ES
way/170968150-220,1,ES
way/171071300-220,1,ES
way/171106850-220,1,ES
way/171251565-400,0,ES
way/171256169-400,0,ES
way/171274139-220,0,ES
way/171277174-220,0,ES
way/171277691-220,0,ES
way/171419971-220,0,ES
way/171560239-220,1,ES
way/172454609-220,1,ES
way/173191596-220,1,ES
way/178294745-400,2,ES
way/179492338-220,0,ES
way/180545587-220,2,ES
way/181621073-220,1,ES
way/181664117-400,1,ES
way/181906370-400,2,ES
way/181912569-400,2,ES
way/181917947-220,2,ES
way/187392726-220,1,ES
way/187645709-400,1,ES
way/187830917-220,1,ES
way/189184531-400,1,ES
way/189184555-400,1,ES
way/189577215-400,1,ES
way/190058570-400,1,ES
way/190098039-220,1,ES
way/190110739-400,1,ES
way/190236352-400,2,ES
way/190249315-220,2,ES
way/190249507-220,2,ES
way/190289523-220,2,ES
way/190907238-220,1,ES
way/191053032-220,2,ES
way/191095881-220,1,ES
way/191485195-400,1,ES
way/194360413-220,2,ES
way/194699926-220,1,ES
way/194699929-220,1,ES
way/196202210-220,1,ES
way/196202213-400,1,ES
way/196207063-400,1,ES
way/196215046-400,2,ES
way/196483351-220,1,ES
way/196484252-220,1,ES
way/196522660-220,1,ES
way/196533213-220,1,ES
way/196544701-220,2,ES
way/202891403-400,2,ES
way/205141906-220,2,ES
way/217745445-400,1,ES
way/219501437-400,1,ES
way/221193996-220,1,ES
way/222873301-220,2,ES
way/222895334-400,1,ES
way/222901014-220,1,ES
way/226363063-400,0,ES
way/226886241-400,2,ES
way/23882397-220,2,ES
way/24791388-400,1,ES
way/27668869-400,2,ES
way/27936937-400,2,ES
way/27937443-220,1,ES
way/27949649-400,2,ES
way/28048116-220,2,ES
way/28308003-400,1,ES
way/283348372-400,2,ES
way/28400958-220,1,ES
way/28491137-220,2,ES
way/28526821-220,1,ES
way/28648202-220,0,ES
way/28683005-400,2,ES
way/28683269-220,2,ES
way/291666290-220,2,ES
way/292277455-220,2,ES
way/325432908-220,2,ES
way/327268322-400,0,ES
way/33771314-400,0,ES
way/338683860-220,2,ES
way/340399370-400,2,ES
way/34585227-400,0,ES
way/346490586-220,1,ES
way/347643820-220,0,ES
way/365551344-220,2,ES
way/370803224-220,2,ES
way/39827901-220,0,ES
way/399055749-220,2,ES
way/411107082-220,2,ES
way/419408372-220,1,ES
way/43797051-220,1,ES
way/43842955-400,1,ES
way/445989313-220,0,ES
way/44633677-220,1,ES
way/457010443-220,1,ES
way/46106589-220,0,ES
way/47367769-220,1,ES
way/47842260-400,1,ES
way/47908906-220,1,ES
way/47911346-400,1,ES
way/48304858-220,1,ES
way/48310486-220,2,ES
way/48467553-220,1,ES
way/49252090-220,2,ES
way/49258709-220,2,ES
way/51188420-400,1,ES
way/51822825-400,2,ES
way/52516392-400,1,ES
way/576439241-400,2,ES
way/586348408-220,2,ES
way/58928252-400,1,ES
way/591673330-400,1,ES
way/60342307-220,2,ES
way/60351390-400,0,ES
way/60354466-220,1,ES
way/60398296-220,1,ES
way/626886449-400,1,ES
way/651711449-400,2,ES
way/666476490-220,1,ES
way/675714143-400,0,ES
way/677413570-400,2,ES
way/683693772-400,0,ES
way/683892938-400,2,ES
way/701397734-400,1,ES
way/71796402-400,2,ES
way/729485840-400,0,ES
way/731605861-220,1,ES
way/73511619-400,1,ES
way/73683435-220,1,ES
way/74384031-400,2,ES
way/75606778-400,2,ES
way/75619319-220,2,ES
way/75902880-400,1,ES
way/772400244-400,0,ES
way/77640470-400,0,ES
way/782365013-220,1,ES
way/789683722-220,0,ES
way/81152317-400,1,ES
way/81409681-220,0,ES
way/828193563-220,1,ES
way/832204742-220,1,ES
way/84526032-400,1,ES
way/84883895-220,1,ES
way/85817084-400,2,ES
way/86512030-400,1,ES
way/88760627-400,1,ES
way/89084456-220,1,ES
way/90829734-400,2,ES
way/913515391-220,2,ES
way/91441017-220,1,ES
way/921541546-400,0,ES
way/93387439-220,1,ES
way/970599107-220,2,ES
way/97286424-400,1,ES
way/977168018-220,2,ES
way/97937366-400,0,ES
way/989699715-400,1,ES
relation/13319688-220,1,DE
relation/17591073-220,1,DE
virtual_relation/10180135:1-225,1,DE
virtual_relation/1109593:a:1-380,1,DE
virtual_relation/1109593:b:1-380,1,DE
virtual_relation/1141616:a:1-380,1,DE
virtual_relation/1141616:b:1-380,1,DE
virtual_relation/1188569:0-400,1,DE
virtual_relation/12479461:a:1-380,1,DE
virtual_relation/14514424:c:1-380,2,DE
virtual_relation/145510:b:1-380,1,DE
virtual_relation/1641702:b:1-380,1,DE
virtual_relation/2247305:c:1-220,2,DE
virtual_relation/3697399:a:1-380,0,DE
virtual_relation/3697399:b:1-380,0,DE
virtual_relation/3717718:1-400,0,DE
virtual_relation/3732382:a:0-400,1,DE
virtual_relation/3732388:b:1-380,1,DE
virtual_relation/3916522:a:1-380,0,DE
virtual_relation/445559:a:1-380,2,DE
virtual_relation/5497488:a:1-380,1,DE
virtual_relation/5497488:b:1-380,1,DE
virtual_relation/6170191:1-400,1,DE
virtual_way/10630667:1-380,1,DE
virtual_way/106498910:0-220,1,DE
virtual_way/107153162:1-380,1,DE
virtual_way/107175372:0-380,1,DE
virtual_way/107175828:0-380,1,DE
virtual_way/107175828:1-380,1,DE
virtual_way/108374914:0-220,1,DE
virtual_way/108388744:1-380,1,DE
virtual_way/1104914089:0-380,0,DE
virtual_way/1118659219:1-380,1,DE
virtual_way/111963058:1-380,1,DE
virtual_way/1120289993:0-380,1,DE
virtual_way/1130668496:0-380,2,DE
virtual_way/114377991:1-220,2,DE
virtual_way/115611453:1-220,2,DE
virtual_way/1218870033:1-380,1,DE
virtual_way/1241983643:1-380,1,DE
virtual_way/1243590032:0-380,1,DE
virtual_way/1244951664:1-380,1,DE
virtual_way/1254852017:0-380,2,DE
virtual_way/125686889:0-220,1,DE
virtual_way/125690615:0-220,1,DE
virtual_way/128478124:0-380,1,DE
virtual_way/1336578348:0-380,0,DE
virtual_way/1340163908:0-380,1,DE
virtual_way/1359558141:1-380,2,DE
virtual_way/1365778109:1-380,0,DE
virtual_way/1434798779:1-380,1,DE
virtual_way/143855350:0-380,0,DE
virtual_way/143901743:1-220,1,DE
virtual_way/145129280:1-220,1,DE
virtual_way/146633582:0-380,1,DE
virtual_way/147534818:0-380,2,DE
virtual_way/150801571:1-380,1,DE
virtual_way/151689335:0-380,2,DE
virtual_way/151691301:1-380,2,DE
virtual_way/151967297:0-380,1,DE
virtual_way/152403697:0-220,2,DE
virtual_way/152403718:1-220,2,DE
virtual_way/152924506:0-220,1,DE
virtual_way/155647668:0-220,1,DE
virtual_way/156350633:1-220,1,DE
virtual_way/156960646:1-380,1,DE
virtual_way/169004950:1-380,2,DE
virtual_way/17673603:0-380,0,DE
virtual_way/17673603:1-380,0,DE
virtual_way/184007156:1-380,1,DE
virtual_way/199208152:1-380,2,DE
virtual_way/200409360:0-220,1,DE
virtual_way/201775656:0-220,1,DE
virtual_way/207579638:1-220,2,DE
virtual_way/207800275:0-380,2,DE
virtual_way/215588442:0-380,1,DE
virtual_way/22762380:1-220,1,DE
virtual_way/22766037:0-380,1,DE
virtual_way/231735880:1-380,2,DE
virtual_way/23382106:1-380,0,DE
virtual_way/23921168:0-380,0,DE
virtual_way/23951301:0-220,1,DE
virtual_way/24415006:1-380,1,DE
virtual_way/24428696:1-380,1,DE
virtual_way/24479976:0-380,1,DE
virtual_way/24604796:a:1-380,2,DE
virtual_way/24605510:1-220,2,DE
virtual_way/24686695:0-220,1,DE
virtual_way/24959946:1-380,1,DE
virtual_way/25088919:1-220,1,DE
virtual_way/25091009:0-380,1,DE
virtual_way/25209869:1-380,1,DE
virtual_way/25788425:1-380,1,DE
virtual_way/259468196:0-220,1,DE
virtual_way/26186272:1-220,1,DE
virtual_way/26472663:1-380,2,DE
virtual_way/26660205:0-380,0,DE
virtual_way/27044875:0-220,1,DE
virtual_way/27092940:1-220,1,DE
virtual_way/277828184:1-380,1,DE
virtual_way/28156584:0-380,0,DE
virtual_way/28434869:0-380,0,DE
virtual_way/28434872:1-380,0,DE
virtual_way/29252733:0-220,1,DE
virtual_way/29287463:0-220,2,DE
virtual_way/29472851:0-220,2,DE
virtual_way/30419117:1-380,1,DE
virtual_way/30419417:1-380,1,DE
virtual_way/30859575:1-220,1,DE
virtual_way/32267173:1-380,1,DE
virtual_way/32398460:1-380,2,DE
virtual_way/32672606:0-220,1,DE
virtual_way/32950166:0-380,1,DE
virtual_way/33382745:1-220,1,DE
virtual_way/34174518:1-380,1,DE
virtual_way/345674978:0-380,2,DE
virtual_way/35164077:0-380,1,DE
virtual_way/362332802:a:1-380,1,DE
virtual_way/36258837:0-380,1,DE
virtual_way/381950155:1-380,2,DE
virtual_way/39076064:0-380,1,DE
virtual_way/39268078:1-380,1,DE
virtual_way/39676389:1-380,2,DE
virtual_way/40692628:1-220,1,DE
virtual_way/40854817:0-380,0,DE
virtual_way/40854817:1-380,0,DE
virtual_way/41232147:1-380,2,DE
virtual_way/41374777:0-380,1,DE
virtual_way/41460654:0-380,0,DE
virtual_way/41642831:1-220,1,DE
virtual_way/41931527:1-380,1,DE
virtual_way/42389033:1-380,0,DE
virtual_way/42472171:0-380,0,DE
virtual_way/42508055:1-220,1,DE
virtual_way/42509126:1-380,1,DE
virtual_way/42809893:1-380,1,DE
virtual_way/42861708:0-380,1,DE
virtual_way/42861709:0-380,1,DE
virtual_way/42920999:0-380,1,DE
virtual_way/43201818:c:1-380,0,DE
virtual_way/43292055:0-380,0,DE
virtual_way/45737386:1-380,1,DE
virtual_way/45737389:0-220,1,DE
virtual_way/54359261:1-220,1,DE
virtual_way/574218866:0-380,1,DE
virtual_way/60725324:1-380,1,DE
virtual_way/60869542:1-380,1,DE
virtual_way/61918209:1-380,1,DE
virtual_way/632166208:1-220,1,DE
virtual_way/66676627:1-220,1,DE
virtual_way/68018969:0-220,1,DE
virtual_way/68561241:1-380,1,DE
virtual_way/68677653:1-380,1,DE
virtual_way/729102365:0-380,1,DE
virtual_way/73306291:1-220,1,DE
virtual_way/738918647:0-380,1,DE
virtual_way/741770435:1-380,1,DE
virtual_way/77179258:1-220,1,DE
virtual_way/77179273:0-380,1,DE
virtual_way/79174500:1-380,1,DE
virtual_way/7981921:1-380,1,DE
virtual_way/8017477:1-220,1,DE
virtual_way/82077681:0-380,1,DE
virtual_way/82077681:1-380,1,DE
virtual_way/844126092:1-380,1,DE
virtual_way/850698155:0-380,1,DE
virtual_way/881636336:0-380,1,DE
virtual_way/88715832:0-380,1,DE
virtual_way/907517160:0-400,1,DE
virtual_way/91084404:0-220,1,DE
virtual_way/91323303:0-380,1,DE
virtual_way/91655781:0-380,1,DE
virtual_way/92877620:1-220,1,DE
virtual_way/92877623:0-220,1,DE
virtual_way/93258454:0-220,2,DE
virtual_way/95636530:1-380,1,DE
virtual_way/95860782:0-380,1,DE
way/1011084707-380,1,DE
way/1024536785-380,1,DE
way/102743264-220,0,DE
way/1040551074-220,1,DE
way/1068350839-380,1,DE
way/1072574879-380,1,DE
way/1076001174-380,1,DE
way/1086825107-380,1,DE
way/108797675-380,1,DE
way/1089911133-380,1,DE
way/1093896544-380,1,DE
way/1094015892-380,1,DE
way/109917397-380,1,DE
way/1102237380-380,1,DE
way/1107961833-380,1,DE
way/1128250704-380,1,DE
way/11285720-380,1,DE
way/113546939-380,1,DE
way/11500045-380,1,DE
way/1191459479-220,1,DE
way/121199242-380,1,DE
way/1223405794-380,1,DE
way/1245826064-380,2,DE
way/1280364402-380,1,DE
way/1280840212-380,1,DE
way/1280843651-380,1,DE
way/1282733005-380,1,DE
way/1327333163-380,0,DE
way/132814303-220,2,DE
way/133342285-220,1,DE
way/133349218-220,2,DE
way/137602559-380,2,DE
way/143854536-380,1,DE
way/143903369-380,1,DE
way/1443360811-380,1,DE
way/145002769-380,1,DE
way/145680894-220,1,DE
way/1457146135-380,1,DE
way/1457148205-380,1,DE
way/1457398329-380,2,DE
way/1457401987-380,2,DE
way/1460084299-380,1,DE
way/1462794215-380,1,DE
way/1462796335-380,1,DE
way/1463052734-380,2,DE
way/1463441460-380,1,DE
way/1463641515-220,1,DE
way/1463642809-220,1,DE
way/1463871347-220,1,DE
way/1463872032-220,1,DE
way/1463882574-380,1,DE
way/1463920457-380,1,DE
way/1464535491-220,1,DE
way/1464536984-380,1,DE
way/1464561951-380,2,DE
way/1464801125-220,1,DE
way/147521567-380,1,DE
way/148446247-380,2,DE
way/149256409-380,1,DE
way/149987048-380,1,DE
way/151967290-380,1,DE
way/152018146-380,1,DE
way/152107815-380,1,DE
way/152261133-380,1,DE
way/152403632-380,2,DE
way/152924508-220,1,DE
way/152973139-380,1,DE
way/156402422-220,1,DE
way/156673636-380,2,DE
way/156676050-220,1,DE
way/156960655-380,2,DE
way/157164284-220,2,DE
way/157328339-380,2,DE
way/157806991-380,1,DE
way/160584794-380,2,DE
way/169244940-380,1,DE
way/172997498-220,2,DE
way/18629425-380,1,DE
way/198448981-380,2,DE
way/206289192-380,1,DE
way/207248812-380,1,DE
way/22720647-380,1,DE
way/22761839-380,1,DE
way/22765517-380,1,DE
way/22766160-380,1,DE
way/22944791-220,1,DE
way/22960899-380,0,DE
way/22973052-220,1,DE
way/23022100-380,1,DE
way/23084554-380,1,DE
way/23117075-380,1,DE
way/23284340-380,1,DE
way/23380800-380,1,DE
way/234171369-380,1,DE
way/23583867-380,1,DE
way/23641079-380,1,DE
way/23899043-380,1,DE
way/24042358-380,1,DE
way/24158385-220,1,DE
way/24230738-380,2,DE
way/24237879-220,1,DE
way/24258096-380,1,DE
way/24262656-380,1,DE
way/24272339-380,1,DE
way/24413992-380,1,DE
way/24462426-380,1,DE
way/24478889-380,1,DE
way/24493551-380,2,DE
way/24502420-380,1,DE
way/24604789-380,2,DE
way/24667346-380,1,DE
way/24685992-380,1,DE
way/24705761-380,2,DE
way/24757392-380,1,DE
way/24757393-380,1,DE
way/24757833-380,1,DE
way/24758329-380,1,DE
way/24759324-220,1,DE
way/24768051-220,1,DE
way/24799890-380,1,DE
way/24839976-380,1,DE
way/24921206-380,1,DE
way/24976300-380,1,DE
way/25051880-220,1,DE
way/25306752-380,0,DE
way/25306938-380,1,DE
way/25786404-380,0,DE
way/25943440-380,2,DE
way/259561755-380,1,DE
way/26245195-380,2,DE
way/26260052-380,0,DE
way/26404600-380,1,DE
way/26472665-380,1,DE
way/26474759-380,1,DE
way/26593929-380,1,DE
way/266684854-380,2,DE
way/26814283-380,0,DE
way/26927264-380,1,DE
way/27124619-220,1,DE
way/27149550-380,2,DE
way/274603394-380,1,DE
way/274630377-380,1,DE
way/27646106-220,1,DE
way/27739871-380,2,DE
way/27871140-220,1,DE
way/28008024-220,1,DE
way/28327356-380,1,DE
way/28343121-380,1,DE
way/28397771-220,2,DE
way/28452784-220,1,DE
way/28613721-380,2,DE
way/28729619-380,2,DE
way/28812249-220,1,DE
way/28956649-380,1,DE
way/29077623-380,1,DE
way/29084374-380,1,DE
way/29309786-380,2,DE
way/29331499-380,2,DE
way/29374542-220,1,DE
way/29472852-380,2,DE
way/29713902-380,1,DE
way/30017786-220,1,DE
way/30039908-380,1,DE
way/30040568-380,1,DE
way/30132758-380,1,DE
way/30164703-380,1,DE
way/30303506-380,1,DE
way/30613895-380,1,DE
way/30622610-380,1,DE
way/30954714-380,1,DE
way/31024391-380,1,DE
way/31105067-380,1,DE
way/31131320-380,0,DE
way/31131325-380,0,DE
way/31367936-220,0,DE
way/31367940-380,0,DE
way/31653753-380,1,DE
way/31762305-220,1,DE
way/32042992-380,1,DE
way/32063539-380,1,DE
way/32076853-380,2,DE
way/32151621-220,1,DE
way/32472806-380,1,DE
way/32690742-380,1,DE
way/32725957-220,1,DE
way/32843531-380,2,DE
way/32904794-380,2,DE
way/32966636-380,0,DE
way/33042984-220,1,DE
way/33169401-380,1,DE
way/33411203-380,2,DE
way/33814243-220,1,DE
way/33814365-220,1,DE
way/35176751-380,1,DE
way/35763480-380,1,DE
way/358679964-380,2,DE
way/373967500-380,2,DE
way/37721677-380,0,DE
way/37764852-380,2,DE
way/38325076-380,1,DE
way/38661452-380,1,DE
way/395847307-380,2,DE
way/39688875-220,1,DE
way/398680313-380,2,DE
way/409305507-220,0,DE
way/41334805-380,0,DE
way/41389594-380,1,DE
way/414169327-380,1,DE
way/42050342-380,1,DE
way/42097854-380,1,DE
way/42372159-380,2,DE
way/42410916-380,2,DE
way/42423415-380,2,DE
way/42488850-380,1,DE
way/42507488-380,1,DE
way/42681484-380,1,DE
way/42736239-380,0,DE
way/42797575-380,2,DE
way/43163132-380,1,DE
way/43688805-380,0,DE
way/442199284-380,2,DE
way/449010725-380,1,DE
way/456386244-380,2,DE
way/460134233-380,1,DE
way/460847807-220,1,DE
way/46584363-380,1,DE
way/46615737-380,1,DE
way/48428875-380,0,DE
way/49577401-380,1,DE
way/50898216-380,2,DE
way/515358077-380,1,DE
way/518455594-380,1,DE
way/525964629-380,1,DE
way/53378027-380,1,DE
way/54359256-380,1,DE
way/55069713-380,2,DE
way/57727004-380,1,DE
way/59026005-380,1,DE
way/59707532-380,1,DE
way/59925390-380,1,DE
way/60032354-220,1,DE
way/600395952-380,1,DE
way/61918154-380,1,DE
way/63089603-220,1,DE
way/683227471-380,1,DE
way/68532663-220,1,DE
way/691662101-380,0,DE
way/74893659-380,1,DE
way/76246159-380,1,DE
way/77038371-380,1,DE
way/77694901-220,1,DE
way/77697810-380,2,DE
way/78441561-380,1,DE
way/796306640-380,1,DE
way/797009308-380,1,DE
way/810315511-380,1,DE
way/829116805-380,2,DE
way/851299584-380,1,DE
way/85523877-380,1,DE
way/87722999-380,1,DE
way/87767098-380,1,DE
way/883768276-380,1,DE
way/883768277-380,1,DE
way/883928228-380,1,DE
way/883928229-380,1,DE
way/88901626-380,0,DE
way/88916034-380,0,DE
way/88945213-380,1,DE
way/89176939-220,1,DE
way/89176956-220,1,DE
way/89215122-220,1,DE
way/90148336-220,2,DE
way/907539360-380,1,DE
way/91823933-220,1,DE
way/93278553-220,1,DE
way/93341407-380,1,DE
way/940922557-380,2,DE
way/941198517-380,1,DE
way/941453716-380,1,DE
way/941805476-380,1,DE
way/942448206-380,1,DE
way/942771541-380,1,DE
way/943444232-380,1,DE
way/943939310-380,1,DE
way/945346148-380,1,DE
way/946025110-380,1,DE
way/946710698-220,1,DE
way/947118608-380,1,DE
way/947801636-380,2,DE
way/948341123-380,2,DE
way/951273401-380,2,DE
way/951773852-380,2,DE
way/952004951-380,1,DE
way/952346322-380,1,DE
way/953015049-380,2,DE
way/953757606-380,1,DE
way/953757608-380,1,DE
way/954305865-380,2,DE
way/955268863-380,1,DE
way/957746797-380,2,DE
way/968286361-380,1,DE
way/979801144-380,1,DE
way/50729129-220,1,DE
relation/13020240-220,0,IT
relation/1377432-220,0,IT
relation/13844905-380,0,IT
relation/17467354-380,0,IT
relation/6277789-380,2,IT
virtual_relation/13136695:b:1-380,0,IT
virtual_relation/13164357:b:1-380,0,IT
virtual_relation/13184660:1-220,0,IT
virtual_relation/13676255:0-400,2,IT
virtual_relation/6270040:a:1-380,2,IT
virtual_relation/6272085:a:1-380,2,IT
virtual_relation/6272085:b:1-380,2,IT
virtual_relation/6272099:b:1-380,0,IT
virtual_relation/6272247:a:1-380,0,IT
virtual_relation/6274465:a:1-220,0,IT
virtual_relation/6344742:0-220,0,IT
virtual_relation/6359579:b:1-400,0,IT
virtual_relation/6359580:a:1-400,0,IT
virtual_relation/6359580:b:1-400,0,IT
virtual_relation/6359580:c:1-400,0,IT
virtual_relation/6533620:a:1-380,0,IT
virtual_relation/6662326:a:1-380,0,IT
virtual_relation/6662326:b:1-380,0,IT
virtual_way/100829786:0-380,0,IT
virtual_way/100829786:1-380,0,IT
virtual_way/104614737:1-220,0,IT
virtual_way/106292308:a:1-220,2,IT
virtual_way/107204718:1-220,0,IT
virtual_way/115917637:b:1-220,2,IT
virtual_way/117172072:1-220,1,IT
virtual_way/117881427:0-220,1,IT
virtual_way/117881427:1-220,1,IT
virtual_way/117881428:0-220,1,IT
virtual_way/117881925:1-220,1,IT
virtual_way/117882039:1-220,1,IT
virtual_way/117882867:0-220,1,IT
virtual_way/117882869:1-220,1,IT
virtual_way/117882921:0-220,1,IT
virtual_way/128541288:1-220,0,IT
virtual_way/128602195:1-220,2,IT
virtual_way/129410733:0-220,0,IT
virtual_way/132457506:1-220,0,IT
virtual_way/139498124:1-220,2,IT
virtual_way/139756002:0-220,0,IT
virtual_way/140231506:1-220,2,IT
virtual_way/142052859:0-380,0,IT
virtual_way/148568470:1-220,1,IT
virtual_way/149187920:1-220,0,IT
virtual_way/149187924:c:1-220,0,IT
virtual_way/155791524:1-220,0,IT
virtual_way/157902986:1-380,0,IT
virtual_way/160661275:a:1-220,2,IT
virtual_way/191689385:0-380,0,IT
virtual_way/199288415:1-220,0,IT
virtual_way/201404290:0-220,2,IT
virtual_way/202257880:1-220,2,IT
virtual_way/205597562:0-220,2,IT
virtual_way/205598131:a:1-220,2,IT
virtual_way/206971056:1-220,0,IT
virtual_way/206974027:1-220,0,IT
virtual_way/210604515:1-220,0,IT
virtual_way/210608739:0-220,2,IT
virtual_way/210639715:0-220,0,IT
virtual_way/211506265:0-220,1,IT
virtual_way/211512677:1-220,0,IT
virtual_way/211516295:0-220,1,IT
virtual_way/211517212:1-220,0,IT
virtual_way/211518749:1-220,1,IT
virtual_way/211518752:1-220,1,IT
virtual_way/211771760:0-220,0,IT
virtual_way/224616648:0-220,2,IT
virtual_way/224616650:0-220,2,IT
virtual_way/224640934:0-220,2,IT
virtual_way/224640934:1-220,2,IT
virtual_way/265594028:1-220,0,IT
virtual_way/267562033:a:1-220,0,IT
virtual_way/297548824:1-220,2,IT
virtual_way/318370283:1-220,0,IT
virtual_way/32842009:1-220,1,IT
virtual_way/333332920:1-225,1,IT
virtual_way/333970988:1-380,0,IT
virtual_way/338449928:1-380,0,IT
virtual_way/339184134:0-380,0,IT
virtual_way/374939526:a:1-220,2,IT
virtual_way/40119229:0-220,1,IT
virtual_way/40119229:1-220,1,IT
virtual_way/41936332:1-220,0,IT
virtual_way/560505523:1-380,0,IT
virtual_way/581583151:1-380,2,IT
virtual_way/58499480:0-380,0,IT
virtual_way/58499480:1-380,0,IT
virtual_way/59121614:1-380,2,IT
virtual_way/59219334:1-380,0,IT
virtual_way/60965214:0-380,0,IT
virtual_way/61675234:0-220,2,IT
virtual_way/61712451:0-380,0,IT
virtual_way/61940512:0-380,0,IT
virtual_way/72561694:0-220,2,IT
virtual_way/73855560:0-220,0,IT
virtual_way/74257735:0-220,2,IT
virtual_way/75947638:a:1-220,2,IT
virtual_way/80509962:1-380,2,IT
virtual_way/82164684:1-380,2,IT
virtual_way/82164688:1-380,2,IT
virtual_way/82711992:0-220,2,IT
virtual_way/83488228:1-380,1,IT
virtual_way/84694493:0-380,0,IT
virtual_way/86112994:0-220,1,IT
virtual_way/86112994:1-220,1,IT
virtual_way/90279825:0-220,0,IT
virtual_way/96248411:0-380,2,IT
virtual_way/96248411:1-380,2,IT
virtual_way/97564413:1-220,0,IT
virtual_way/98309171:0-380,2,IT
virtual_way/98361708:0-220,0,IT
virtual_way/98361709:0-380,2,IT
virtual_way/98365584:1-380,2,IT
virtual_way/98365587:0-380,2,IT
virtual_way/98365587:1-380,2,IT
virtual_way/98371327:1-220,0,IT
virtual_way/98443451:0-380,2,IT
virtual_way/98443451:1-380,2,IT
virtual_way/98514547:0-380,2,IT
virtual_way/98514547:1-380,2,IT
virtual_way/988301723:0-380,0,IT
virtual_way/99833686:1-220,1,IT
way/100253768-380,0,IT
way/100407576-380,0,IT
way/100952845-380,0,IT
way/102185356-220,1,IT
way/102185362-220,1,IT
way/102287716-380,0,IT
way/102675884-220,1,IT
way/103007030-220,0,IT
way/103127417-220,1,IT
way/103264820-380,0,IT
way/103306951-380,0,IT
way/103381531-380,0,IT
way/103386958-380,0,IT
way/103418587-220,0,IT
way/103549584-220,0,IT
way/103653565-220,0,IT
way/103653591-380,1,IT
way/103725268-220,1,IT
way/103974946-220,1,IT
way/104114052-220,0,IT
way/104239286-220,0,IT
way/104239342-220,0,IT
way/104321356-220,0,IT
way/104359058-380,1,IT
way/105141350-220,1,IT
way/105153431-380,0,IT
way/105462289-220,0,IT
way/105757794-380,2,IT
way/105757795-220,1,IT
way/105801489-220,2,IT
way/105827045-220,2,IT
way/107204719-220,0,IT
way/107681459-380,0,IT
way/107683818-380,0,IT
way/108020416-380,0,IT
way/109588422-380,0,IT
way/109756016-380,0,IT
way/1097982502-380,0,IT
way/1098087457-380,0,IT
way/1098527891-220,0,IT
way/109993642-380,0,IT
way/109997676-380,0,IT
way/1100665914-380,0,IT
way/110138220-380,0,IT
way/110310021-380,0,IT
way/110330925-380,0,IT
way/1103579629-380,0,IT
way/110660048-380,0,IT
way/111020792-220,2,IT
way/1134655722-220,0,IT
way/1137611914-380,0,IT
way/114659171-220,0,IT
way/114661587-380,0,IT
way/114931087-380,0,IT
way/1155109909-220,0,IT
way/1156702013-380,0,IT
way/116517585-380,0,IT
way/116518388-380,0,IT
way/116697005-380,2,IT
way/118987056-380,0,IT
way/1203262444-220,0,IT
way/120356593-380,0,IT
way/1204275778-220,0,IT
way/1205235724-220,0,IT
way/124220303-220,0,IT
way/126203383-380,0,IT
way/128602121-220,2,IT
way/131291789-380,2,IT
way/1317893095-220,0,IT
way/132455976-220,0,IT
way/132637884-220,0,IT
way/132638645-220,0,IT
way/132643428-220,0,IT
way/132645607-220,0,IT
way/132701980-380,0,IT
way/132702940-220,0,IT
way/132725149-220,0,IT
way/132726160-220,0,IT
way/133601335-380,2,IT
way/135270825-220,2,IT
way/136457747-220,0,IT
way/137317951-220,2,IT
way/139442467-380,0,IT
way/139975773-380,0,IT
way/141046481-220,0,IT
way/143585004-380,0,IT
way/144005861-220,0,IT
way/144005863-380,0,IT
way/144006711-220,0,IT
way/146791061-380,0,IT
way/147466201-220,0,IT
way/148969091-380,0,IT
way/151070909-220,0,IT
way/151199514-220,0,IT
way/151335166-220,0,IT
way/153548074-220,2,IT
way/155158689-380,0,IT
way/155590373-380,0,IT
way/155791516-380,2,IT
way/155976582-220,0,IT
way/156001963-220,2,IT
way/156001981-220,2,IT
way/157912118-380,0,IT
way/158599954-220,2,IT
way/158652469-220,0,IT
way/159821869-220,0,IT
way/161867064-220,0,IT
way/162066058-220,2,IT
way/162828577-380,2,IT
way/162960205-380,0,IT
way/163058980-220,2,IT
way/163958919-220,0,IT
way/163958920-220,0,IT
way/166196787-220,0,IT
way/172302572-380,0,IT
way/172705586-220,0,IT
way/181125039-380,0,IT
way/189612607-380,2,IT
way/199676823-380,0,IT
way/202271565-380,0,IT
way/202272734-220,2,IT
way/202711181-220,0,IT
way/207383904-220,0,IT
way/208398923-380,0,IT
way/209982720-380,0,IT
way/210352180-220,0,IT
way/211180338-380,0,IT
way/214294769-220,0,IT
way/236661269-380,0,IT
way/257351439-380,0,IT
way/288149641-220,0,IT
way/296141722-220,1,IT
way/303915533-380,0,IT
way/303965869-380,0,IT
way/309371152-220,1,IT
way/309371153-220,1,IT
way/321724202-380,0,IT
way/338453112-380,0,IT
way/338760116-380,0,IT
way/338790588-380,0,IT
way/338792752-380,0,IT
way/338795626-380,0,IT
way/339104227-380,0,IT
way/339704025-380,0,IT
way/339706878-380,0,IT
way/339706879-380,0,IT
way/339706880-380,0,IT
way/34157795-380,2,IT
way/350356755-220,2,IT
way/354923815-220,0,IT
way/35680992-220,2,IT
way/363469921-380,0,IT
way/36873258-380,0,IT
way/375892272-220,0,IT
way/375907988-220,0,IT
way/376351180-220,0,IT
way/376502663-220,0,IT
way/376502734-220,0,IT
way/376642649-220,2,IT
way/376952600-220,0,IT
way/376952616-220,0,IT
way/377438329-220,0,IT
way/377444648-220,0,IT
way/377444657-220,0,IT
way/377588184-220,0,IT
way/377830944-220,0,IT
way/377832777-220,2,IT
way/392068532-380,0,IT
way/39255054-380,0,IT
way/40634284-380,0,IT
way/409439916-380,0,IT
way/412909650-380,2,IT
way/412967424-220,2,IT
way/41360305-380,0,IT
way/416679117-220,0,IT
way/418565263-380,0,IT
way/419423700-220,0,IT
way/419423704-380,0,IT
way/419423705-380,0,IT
way/420521627-220,0,IT
way/420698910-220,0,IT
way/42206116-380,0,IT
way/42862642-220,2,IT
way/432871052-220,0,IT
way/435429368-220,0,IT
way/435433908-220,0,IT
way/435433909-220,0,IT
way/436352445-220,0,IT
way/448777455-220,0,IT
way/449694943-380,0,IT
way/491424941-220,0,IT
way/495354824-380,0,IT
way/504195617-220,0,IT
way/50589203-220,0,IT
way/507064051-220,0,IT
way/53635045-220,0,IT
way/56984450-220,0,IT
way/57380344-220,0,IT
way/57384507-380,0,IT
way/57403755-220,0,IT
way/57736541-220,0,IT
way/57736553-220,0,IT
way/58440884-380,0,IT
way/58516664-220,0,IT
way/58931857-380,0,IT
way/58992998-380,2,IT
way/59026315-380,0,IT
way/590522266-380,2,IT
way/591027058-380,0,IT
way/59153311-380,0,IT
way/59219335-380,0,IT
way/59366523-380,2,IT
way/59462263-380,2,IT
way/59556712-380,2,IT
way/59604857-220,2,IT
way/59629638-220,0,IT
way/60235685-380,0,IT
way/60725875-380,2,IT
way/60888331-380,0,IT
way/60913666-380,0,IT
way/60919237-380,0,IT
way/61038773-220,2,IT
way/61157826-380,0,IT
way/61484190-220,1,IT
way/61626687-380,0,IT
way/61650514-220,2,IT
way/61712456-380,0,IT
way/62326314-380,2,IT
way/64942789-380,2,IT
way/66872608-220,1,IT
way/67461115-220,0,IT
way/68299044-380,0,IT
way/72466334-380,2,IT
way/72475426-380,0,IT
way/72570378-380,2,IT
way/72570474-380,2,IT
way/72581705-380,2,IT
way/74359510-220,0,IT
way/74677138-380,2,IT
way/74943205-380,0,IT
way/75378894-380,2,IT
way/75602396-380,2,IT
way/75947556-380,2,IT
way/76705565-380,0,IT
way/76709660-380,0,IT
way/772234863-380,0,IT
way/78066534-380,0,IT
way/79879290-220,2,IT
way/80442466-220,2,IT
way/80517630-380,0,IT
way/81929591-380,0,IT
way/81931074-380,0,IT
way/81938081-380,0,IT
way/82078641-380,2,IT
way/82083756-380,2,IT
way/82084013-380,0,IT
way/82084019-380,2,IT
way/82651599-220,0,IT
way/82759380-380,0,IT
way/82762493-380,0,IT
way/82767145-380,0,IT
way/83058212-380,0,IT
way/83805453-380,0,IT
way/83872215-380,0,IT
way/84277460-220,0,IT
way/84301904-380,0,IT
way/84696559-380,0,IT
way/84963374-220,0,IT
way/85196861-380,0,IT
way/85297730-220,0,IT
way/88361192-220,1,IT
way/891280888-380,0,IT
way/93038661-380,0,IT
way/93315059-380,0,IT
way/93850768-220,0,IT
way/93860115-380,0,IT
way/944660251-220,0,IT
way/95466377-220,0,IT
way/96190189-380,0,IT
way/96658563-220,0,IT
way/96727258-220,2,IT
way/98421779-380,0,IT
way/98427149-380,0,IT
way/98427407-220,0,IT
way/98638424-220,0,IT
way/98787157-220,2,IT
way/988370787-220,0,IT
way/988654143-380,0,IT
way/98901130-380,0,IT
way/98902899-380,0,IT
way/99694910-380,1,IT
way/99826025-380,1,IT
relation/10086891-300,1,NO
relation/10175479-300,0,NO
relation/10220813-420,0,NO
relation/10308957-300,2,NO
relation/11036958-420,2,NO
relation/11512349-300,1,NO
relation/11568632-420,0,NO
relation/12274653-420,2,NO
relation/12277754-300,0,NO
relation/12832052-420,2,NO
relation/13447791-420,1,NO
relation/13989591-300,1,NO
relation/18667239-420,0,NO
relation/19581816-300,1,NO
relation/3993780-420,1,NO
relation/7802012-300,1,NO
relation/7805329-300,1,NO
relation/7809753-300,1,NO
relation/7812776-420,0,NO
relation/7839720-420,1,NO
relation/7842286-300,1,NO
relation/7847764-420,0,NO
relation/7854485-420,0,NO
relation/7879876-300,0,NO
relation/7879879-420,2,NO
relation/7883264-300,0,NO
relation/7883882-300,0,NO
relation/7928148-420,2,NO
relation/8182117-420,2,NO
relation/8239198-300,2,NO
relation/8293948-420,1,NO
relation/8332571-300,0,NO
relation/8473044-420,1,NO
relation/8476872-300,1,NO
relation/8481866-300,1,NO
relation/8488332-420,1,NO
relation/8520950-300,1,NO
relation/8527323-420,1,NO
relation/8536441-300,1,NO
relation/8721337-300,0,NO
relation/8834935-300,1,NO
relation/8836351-300,1,NO
relation/8837899-300,1,NO
relation/8846916-300,1,NO
relation/8847096-300,1,NO
relation/8857363-300,2,NO
relation/8860331-420,2,NO
relation/8864887-300,1,NO
relation/8886202-420,0,NO
relation/8890360-300,2,NO
relation/8890887-420,2,NO
relation/8894066-420,0,NO
relation/9032385-300,2,NO
virtual_way/1000512859:0-420,0,NO
virtual_way/1000512859:1-420,0,NO
virtual_way/1000512861:1-420,0,NO
virtual_way/118991395:0-420,1,NO
virtual_way/118991395:1-420,1,NO
virtual_way/1278052876:1-420,1,NO
virtual_way/1278052879:0-420,1,NO
virtual_way/1278052880:1-420,1,NO
virtual_way/1278052883:1-420,1,NO
virtual_way/158612365:1-300,1,NO
virtual_way/158612368:0-300,1,NO
virtual_way/158612370:1-300,1,NO
virtual_way/164961083:1-300,1,NO
virtual_way/197819526:1-420,1,NO
virtual_way/206628452:0-420,0,NO
virtual_way/211112061:1-300,1,NO
virtual_way/231380681:1-420,1,NO
virtual_way/233368430:0-420,1,NO
virtual_way/233368430:1-420,1,NO
virtual_way/233898699:1-420,1,NO
virtual_way/283591270:0-420,1,NO
virtual_way/285481541:1-300,2,NO
virtual_way/285498848:1-420,0,NO
virtual_way/285712577:1-300,1,NO
virtual_way/285745712:b:1-300,0,NO
virtual_way/290396036:1-420,1,NO
virtual_way/292009073:0-420,1,NO
virtual_way/292009074:0-420,1,NO
virtual_way/292009075:1-420,1,NO
virtual_way/296234857:1-420,2,NO
virtual_way/297395809:0-420,1,NO
virtual_way/297395812:1-420,1,NO
virtual_way/392336059:0-420,0,NO
virtual_way/400886659:0-420,1,NO
virtual_way/400886659:1-420,1,NO
virtual_way/400886663:0-420,1,NO
virtual_way/400890674:0-420,1,NO
virtual_way/405307058:1-420,1,NO
virtual_way/432965768:1-420,1,NO
virtual_way/545813874:0-420,1,NO
virtual_way/545813881:0-420,1,NO
virtual_way/545813898:0-420,1,NO
virtual_way/545813906:0-420,1,NO
virtual_way/546502353:0-300,1,NO
virtual_way/546502353:1-300,1,NO
virtual_way/546502370:0-300,1,NO
virtual_way/546542306:1-300,1,NO
virtual_way/546803766:0-420,1,NO
virtual_way/547743448:1-420,1,NO
virtual_way/548201574:0-420,1,NO
virtual_way/548201574:1-420,1,NO
virtual_way/548339557:0-420,1,NO
virtual_way/548339557:1-420,1,NO
virtual_way/548339559:0-420,1,NO
virtual_way/548339559:1-420,1,NO
virtual_way/548473083:1-420,1,NO
virtual_way/548473095:0-420,1,NO
virtual_way/548627777:0-420,1,NO
virtual_way/548627781:0-420,1,NO
virtual_way/548627788:1-420,1,NO
virtual_way/549830970:1-300,0,NO
virtual_way/550914862:1-420,2,NO
virtual_way/551048580:a:0-300,0,NO
virtual_way/551276225:0-420,2,NO
virtual_way/551307201:0-420,1,NO
virtual_way/551893759:a:0-300,0,NO
virtual_way/552435149:0-420,0,NO
virtual_way/572898640:1-420,1,NO
virtual_way/579541259:1-300,2,NO
virtual_way/587071732:1-420,1,NO
virtual_way/587693417:0-420,1,NO
virtual_way/587802948:1-420,1,NO
virtual_way/587802954:0-420,1,NO
virtual_way/587802958:0-420,1,NO
virtual_way/587802958:1-420,1,NO
virtual_way/587802961:1-420,1,NO
virtual_way/587802962:1-420,1,NO
virtual_way/587802966:0-420,1,NO
virtual_way/588709887:1-420,1,NO
virtual_way/589054140:1-420,1,NO
virtual_way/637688991:1-300,1,NO
virtual_way/691457479:b:1-300,1,NO
virtual_way/691481610:1-300,1,NO
virtual_way/691481620:b:1-300,1,NO
way/100151486-420,0,NO
way/100648754-300,2,NO
way/1028850312-300,1,NO
way/1028850314-300,1,NO
way/113442999-300,2,NO
way/1140662370-420,1,NO
way/114318083-420,0,NO
way/114336709-300,0,NO
way/114414014-420,0,NO
way/114669733-300,1,NO
way/114845318-420,0,NO
way/1156161502-300,0,NO
way/118231876-300,1,NO
way/120279477-300,0,NO
way/128406208-420,2,NO
way/187555858-300,2,NO
way/197866182-420,1,NO
way/202200066-420,1,NO
way/205115991-420,2,NO
way/206628449-420,2,NO
way/229806969-420,1,NO
way/229806970-420,1,NO
way/232893576-420,0,NO
way/240202234-420,0,NO
way/244179408-420,2,NO
way/252924745-420,1,NO
way/254428135-420,1,NO
way/261717967-300,0,NO
way/287115458-300,2,NO
way/287685850-420,1,NO
way/288812256-300,0,NO
way/290360704-300,1,NO
way/290373414-300,0,NO
way/290390502-300,2,NO
way/290562151-300,0,NO
way/295444099-420,0,NO
way/296229069-420,0,NO
way/297388897-300,0,NO
way/307323708-300,1,NO
way/350332649-420,1,NO
way/355844786-300,2,NO
way/358915801-420,2,NO
way/37907251-420,1,NO
way/400655824-300,1,NO
way/430780474-300,2,NO
way/432965765-300,1,NO
way/445514503-300,1,NO
way/469098816-420,1,NO
way/475820066-420,1,NO
way/493018044-420,0,NO
way/51855380-420,0,NO
way/546262597-300,1,NO
way/547743430-420,1,NO
way/548201553-420,1,NO
way/548473094-420,1,NO
way/548709529-420,1,NO
way/551964031-420,1,NO
way/554551085-300,0,NO
way/572898616-420,1,NO
way/572898618-420,1,NO
way/572898626-420,1,NO
way/577998803-420,2,NO
way/60495669-420,0,NO
way/631983832-300,1,NO
way/633896066-420,1,NO
way/636875282-300,1,NO
way/637005916-300,1,NO
way/640796702-420,2,NO
way/648848845-300,1,NO
way/71356608-300,0,NO
way/749676336-300,2,NO
way/799370310-300,0,NO
way/830770515-420,0,NO
way/842385259-420,1,NO
way/257192868-220,1,NO
relation/18085709-400,0,PL
relation/9399771-220,1,PL
virtual_relation/2674033:a:1-400,2,PL
virtual_relation/2674035:b:1-400,2,PL
virtual_relation/5589533:0-400,2,PL
virtual_relation/5594443:b:1-400,2,PL
virtual_relation/5594443:d:1-400,2,PL
virtual_relation/5594532:b:1-400,0,PL
virtual_relation/5596469:a:1-400,2,PL
virtual_relation/5596469:b:1-400,2,PL
virtual_relation/5596469:e:1-400,2,PL
virtual_relation/5596643:a:1-220,2,PL
virtual_relation/5598024:a:1-220,0,PL
virtual_relation/5598027:b:1-220,0,PL
virtual_relation/5598027:c:1-220,0,PL
virtual_relation/5598129:a:1-220,0,PL
virtual_relation/9313232:a:1-400,2,PL
virtual_way/1022361986:1-220,2,PL
virtual_way/1050276657:0-400,2,PL
virtual_way/1148150975:1-400,2,PL
virtual_way/130849502:1-400,0,PL
virtual_way/145735629:0-220,1,PL
virtual_way/148989154:1-400,0,PL
virtual_way/160595147:1-220,1,PL
virtual_way/169293856:0-400,2,PL
virtual_way/170000475:1-220,0,PL
virtual_way/171839055:1-220,2,PL
virtual_way/172089700:1-220,0,PL
virtual_way/172447170:0-220,1,PL
virtual_way/312025417:1-220,0,PL
virtual_way/317833627:1-220,0,PL
virtual_way/338117837:0-220,2,PL
virtual_way/365716342:1-220,2,PL
virtual_way/365716344:1-400,2,PL
virtual_way/375527889:1-220,0,PL
virtual_way/384345923:1-400,2,PL
virtual_way/39025982:1-220,1,PL
virtual_way/39992876:0-400,0,PL
virtual_way/41454613:0-220,2,PL
virtual_way/451058808:1-220,2,PL
virtual_way/617971664:1-400,2,PL
virtual_way/617980105:1-400,2,PL
virtual_way/680567890:1-400,2,PL
virtual_way/816139316:1-400,2,PL
virtual_way/839953071:1-400,0,PL
virtual_way/868341019:1-400,0,PL
way/101914781-400,2,PL
way/101915790-220,2,PL
way/101982559-220,0,PL
way/102165724-220,0,PL
way/1022342082-220,2,PL
way/111615226-400,2,PL
way/112614319-400,2,PL
way/115801644-220,1,PL
way/121656686-400,2,PL
way/133537926-400,1,PL
way/135598292-220,1,PL
way/139452056-400,2,PL
way/144646702-400,0,PL
way/145037309-220,2,PL
way/148060965-400,2,PL
way/148197330-220,2,PL
way/153838553-220,2,PL
way/154510504-400,0,PL
way/154838041-400,2,PL
way/154894455-400,0,PL
way/158232924-220,0,PL
way/166710856-400,2,PL
way/166838338-400,2,PL
way/170249563-220,2,PL
way/170316833-220,0,PL
way/170368942-220,2,PL
way/171383831-220,0,PL
way/171917072-400,0,PL
way/173582810-400,2,PL
way/175406958-400,0,PL
way/177749653-220,2,PL
way/178756295-220,2,PL
way/179279860-220,2,PL
way/180535363-220,0,PL
way/180542657-400,0,PL
way/183945016-220,1,PL
way/184899160-220,2,PL
way/185454704-220,2,PL
way/185459155-220,2,PL
way/189501431-400,1,PL
way/189851841-220,2,PL
way/191035265-220,2,PL
way/191352746-220,2,PL
way/194903381-400,2,PL
way/199098050-400,2,PL
way/199098053-400,2,PL
way/199098055-220,2,PL
way/215282393-400,2,PL
way/216975352-220,0,PL
way/217899005-220,0,PL
way/228154083-220,2,PL
way/238640596-400,2,PL
way/241842600-400,0,PL
way/251239544-400,2,PL
way/254235846-400,2,PL
way/254938713-400,2,PL
way/255232597-220,1,PL
way/255277953-400,0,PL
way/255284259-400,0,PL
way/255293400-400,2,PL
way/255293403-400,2,PL
way/255972326-400,2,PL
way/255973806-400,2,PL
way/276291999-400,2,PL
way/29098336-220,2,PL
way/29115701-220,2,PL
way/291375946-220,1,PL
way/29139402-220,1,PL
way/293484891-400,0,PL
way/293484894-220,2,PL
way/293489607-400,2,PL
way/303870256-400,2,PL
way/32036484-400,2,PL
way/32943179-400,0,PL
way/336990960-220,2,PL
way/35366436-220,0,PL
way/385098015-400,2,PL
way/385118244-400,2,PL
way/385539724-220,0,PL
way/39428977-400,0,PL
way/40062974-220,0,PL
way/40946784-400,2,PL
way/40946790-220,2,PL
way/44389929-220,1,PL
way/46092396-400,2,PL
way/534238983-400,0,PL
way/66051759-220,2,PL
way/66161634-400,2,PL
way/668348943-220,0,PL
way/681264796-400,0,PL
way/726776987-220,2,PL
way/72879943-220,0,PL
way/79033485-400,0,PL
way/86494356-400,2,PL
way/87667718-220,1,PL
way/88544449-220,2,PL
way/912842670-400,2,PL
way/91384044-400,2,PL
way/98634956-220,1,PL
way/99593626-400,2,PL
relation/10153505-400,1,SE
relation/10629005-400,1,SE
relation/11097406-420,1,SE
relation/11334274-400,1,SE
relation/11964241-400,1,SE
relation/11971282-400,1,SE
relation/12606773-220,1,SE
relation/13889505-400,1,SE
relation/14939275-400,1,SE
relation/15654150-220,1,SE
relation/15657009-400,1,SE
relation/15657011-400,1,SE
relation/18160532-400,1,SE
relation/6081310-400,1,SE
relation/7107330-220,0,SE
relation/7108546-220,0,SE
relation/7123679-220,0,SE
relation/7313829-400,0,SE
relation/7319976-220,0,SE
virtual_way/1026326337:1-220,0,SE
virtual_way/12004715:1-220,0,SE
virtual_way/12017732:1-400,0,SE
virtual_way/14888802:a:1-400,1,SE
virtual_way/150243325:1-236,2,SE
virtual_way/160474490:0-400,2,SE
virtual_way/168935346:a:1-220,1,SE
virtual_way/172201472:1-400,1,SE
virtual_way/200507299:1-400,1,SE
virtual_way/23813112:0-400,0,SE
virtual_way/24415566:1-220,1,SE
virtual_way/263705490:1-400,1,SE
virtual_way/263708229:0-400,1,SE
virtual_way/263708237:0-400,1,SE
virtual_way/263708237:1-400,1,SE
virtual_way/263708249:1-400,1,SE
virtual_way/263710358:1-400,1,SE
virtual_way/278505921:1-400,1,SE
virtual_way/278968694:1-220,2,SE
virtual_way/287684721:1-420,2,SE
virtual_way/38105001:0-400,1,SE
virtual_way/469897923:a:1-220,1,SE
virtual_way/50257553:0-400,2,SE
virtual_way/585198893:1-420,1,SE
virtual_way/71892564:0-400,1,SE
way/101320612-400,1,SE
way/1013436462-400,2,SE
way/1022235514-400,2,SE
way/1025505726-400,1,SE
way/1025530508-400,2,SE
way/1028201096-400,2,SE
way/106607138-220,0,SE
way/1207952344-400,2,SE
way/1237755672-400,1,SE
way/1265541077-400,2,SE
way/1265541078-400,1,SE
way/1302595553-400,1,SE
way/138622087-220,0,SE
way/144381726-220,0,SE
way/1451345383-400,1,SE
way/160474491-400,2,SE
way/168056174-220,0,SE
way/168351799-400,0,SE
way/168908158-220,0,SE
way/168935344-220,1,SE
way/172201471-400,1,SE
way/187832596-400,2,SE
way/200052139-400,2,SE
way/200222142-400,2,SE
way/200224266-400,1,SE
way/200772307-400,2,SE
way/207159887-400,1,SE
way/208965529-400,1,SE
way/209175136-400,1,SE
way/220076858-400,2,SE
way/23470015-400,1,SE
way/236759846-400,1,SE
way/241937764-400,2,SE
way/252824769-400,2,SE
way/255570234-220,1,SE
way/255820193-400,2,SE
way/256147227-220,1,SE
way/257920140-400,1,SE
way/260770703-400,2,SE
way/260986936-400,1,SE
way/261447466-400,1,SE
way/262859794-400,2,SE
way/263688590-400,1,SE
way/263697062-400,1,SE
way/263701163-400,1,SE
way/265416362-400,1,SE
way/26755070-220,0,SE
way/278497532-400,1,SE
way/278505918-400,1,SE
way/278968688-400,2,SE
way/278968690-400,2,SE
way/278968695-400,2,SE
way/279194469-400,2,SE
way/279212108-220,2,SE
way/279842937-400,2,SE
way/281023714-400,1,SE
way/281390335-400,2,SE
way/28276448-400,1,SE
way/283078113-220,0,SE
way/28390455-400,1,SE
way/284127778-400,0,SE
way/284182193-400,1,SE
way/284869911-220,1,SE
way/286857165-400,1,SE
way/287753969-400,2,SE
way/287756074-400,2,SE
way/292593503-400,2,SE
way/294798805-220,0,SE
way/294897999-400,1,SE
way/299750661-400,2,SE
way/375751481-220,1,SE
way/38105008-400,1,SE
way/400471060-400,2,SE
way/41906390-400,0,SE
way/44636668-400,1,SE
way/469402329-220,1,SE
way/470977068-220,0,SE
way/471002829-220,1,SE
way/471015841-220,1,SE
way/51252509-400,2,SE
way/5174038-400,0,SE
way/52956134-400,2,SE
way/57675923-400,1,SE
way/718209950-400,1,SE
way/80702333-400,0,SE
way/900170041-400,1,SE
way/934908818-400,1,SE
virtual_way/1348774144:0-400,2,SE
way/217032425-400,2,SE
virtual_relation/20009833:a:1-220,1,BG
virtual_way/1023909998:0-220,1,BG
virtual_way/1023909999:0-220,1,BG
virtual_way/1023909999:1-220,1,BG
virtual_way/1097505501:0-400,2,BG
virtual_way/1122919885:0-400,1,BG
virtual_way/1122919886:0-400,1,BG
virtual_way/114515157:1-400,0,BG
virtual_way/114515997:0-400,0,BG
virtual_way/1170367700:1-400,2,BG
virtual_way/1170367717:0-400,2,BG
virtual_way/1170367717:1-400,2,BG
virtual_way/137605015:1-400,0,BG
virtual_way/1389549654:a:0-400,2,BG
virtual_way/1389549654:b:1-400,2,BG
virtual_way/1389549685:0-400,2,BG
virtual_way/1389549690:0-400,2,BG
virtual_way/1389549697:0-400,2,BG
virtual_way/1389549702:0-400,2,BG
virtual_way/1389549707:0-400,2,BG
virtual_way/1389549710:0-400,2,BG
virtual_way/1389549713:1-400,2,BG
virtual_way/1389549718:0-400,2,BG
virtual_way/1389549722:0-400,2,BG
virtual_way/1389549723:0-400,2,BG
virtual_way/1389549725:0-400,2,BG
virtual_way/1389549727:0-400,2,BG
virtual_way/1389549728:0-400,2,BG
virtual_way/1389549729:0-400,2,BG
virtual_way/1389597519:0-400,1,BG
virtual_way/1389597524:0-400,1,BG
virtual_way/1389597528:0-400,1,BG
virtual_way/1389597529:0-400,1,BG
virtual_way/1389597534:0-400,1,BG
virtual_way/1389597543:0-400,1,BG
virtual_way/1389597544:0-400,1,BG
virtual_way/1389597548:0-400,1,BG
virtual_way/1392210250:0-220,1,BG
virtual_way/1392210250:1-220,1,BG
virtual_way/1392210254:0-220,1,BG
virtual_way/1392210254:1-220,1,BG
virtual_way/1392210255:b:1-220,1,BG
virtual_way/1392210257:1-220,1,BG
virtual_way/1435263312:a:1-400,0,BG
virtual_way/146669845:b:1-400,0,BG
virtual_way/146669846:1-400,0,BG
virtual_way/176754571:1-400,0,BG
virtual_way/188481602:1-400,0,BG
virtual_way/190339730:1-220,0,BG
virtual_way/194174458:0-220,1,BG
virtual_way/196558061:1-400,2,BG
virtual_way/196558069:1-400,2,BG
virtual_way/196558098:1-400,2,BG
virtual_way/196574335:0-400,2,BG
virtual_way/196574335:1-400,2,BG
virtual_way/196574338:0-400,2,BG
virtual_way/196574340:0-400,2,BG
virtual_way/196574344:0-400,2,BG
virtual_way/196574366:b:1-400,0,BG
virtual_way/196574366:d:1-400,0,BG
virtual_way/196578885:1-400,0,BG
virtual_way/196578891:0-400,0,BG
virtual_way/196578892:0-400,0,BG
virtual_way/196578894:1-400,0,BG
virtual_way/198233166:0-400,2,BG
virtual_way/204971169:0-400,1,BG
virtual_way/204971169:1-400,1,BG
virtual_way/226153348:1-220,1,BG
virtual_way/227121573:0-220,1,BG
virtual_way/235044648:0-400,2,BG
virtual_way/235044648:1-400,2,BG
virtual_way/235044650:0-400,2,BG
virtual_way/246439630:0-220,1,BG
virtual_way/246439630:1-220,1,BG
virtual_way/246912877:0-220,1,BG
virtual_way/246912877:1-220,1,BG
virtual_way/247774984:0-220,1,BG
virtual_way/261267120:0-400,0,BG
virtual_way/261379798:0-400,0,BG
virtual_way/261379799:0-400,0,BG
virtual_way/261379806:1-400,0,BG
virtual_way/262545229:a:1-220,1,BG
virtual_way/335787753:1-400,2,BG
virtual_way/37028934:0-400,2,BG
virtual_way/37028934:1-400,2,BG
virtual_way/450314208:0-400,0,BG
virtual_way/450314211:1-400,0,BG
virtual_way/450516948:0-400,0,BG
virtual_way/455598114:b:1-400,0,BG
virtual_way/459097437:0-220,1,BG
virtual_way/459097437:1-220,1,BG
virtual_way/459097439:1-220,1,BG
virtual_way/459117273:0-220,1,BG
virtual_way/478457848:0-400,0,BG
virtual_way/484337873:0-400,1,BG
virtual_way/484337873:1-400,1,BG
virtual_way/94754373:1-400,1,BG
way/1287693974-400,1,BG
way/144024767-400,0,BG
way/144787750-400,0,BG
way/148478396-400,1,BG
way/157471230-400,0,BG
way/157660797-400,1,BG
way/176656979-400,2,BG
way/176754569-400,0,BG
way/179323117-400,0,BG
way/200516868-400,0,BG
way/232685942-220,0,BG
way/235026409-220,1,BG
way/235044638-400,2,BG
way/243752614-400,1,BG
way/253597954-400,1,BG
way/259759898-220,0,BG
way/262539285-220,1,BG
way/37028932-400,2,BG
way/37031322-400,1,BG
way/37031469-400,1,BG
way/37376386-220,1,BG
way/462198915-220,0,BG
way/59467541-220,1,BG
way/96974919-400,1,BG
way/98755129-220,1,BG
relation/5378910-220,1,CH
relation/7933294-380,0,CH
relation/9310861-220,1,CH
virtual_relation/11762422:b:1-400,0,CH
virtual_relation/3717716:b:1-400,1,CH
virtual_relation/5318397:a:0-400,0,CH
virtual_relation/5552942:1-225,1,CH
virtual_relation/5552944:1-225,0,CH
virtual_relation/5609696:d:1-380,0,CH
virtual_relation/5610122:1-220,0,CH
virtual_relation/5610123:0-220,0,CH
virtual_relation/5986626:1-380,0,CH
virtual_relation/6668144:1-400,1,CH
virtual_way/104450944:1-220,2,CH
virtual_way/109814042:0-220,0,CH
virtual_way/109814042:1-220,0,CH
virtual_way/1104719995:1-380,1,CH
virtual_way/1178282957:0-220,1,CH
virtual_way/1200670020:1-380,0,CH
virtual_way/126304086:1-220,1,CH
virtual_way/136073350:b:1-220,1,CH
virtual_way/141333193:0-220,2,CH
virtual_way/141333193:1-220,2,CH
virtual_way/141442913:1-220,2,CH
virtual_way/141442914:0-220,2,CH
virtual_way/148642941:1-220,2,CH
virtual_way/148773308:1-380,1,CH
virtual_way/163857038:a:0-380,1,CH
virtual_way/163857038:a:1-380,1,CH
virtual_way/176700313:0-225,0,CH
virtual_way/190447888:0-220,1,CH
virtual_way/194683262:1-220,0,CH
virtual_way/207876772:0-220,0,CH
virtual_way/207876772:1-220,0,CH
virtual_way/207895374:1-380,0,CH
virtual_way/208404332:b:1-220,2,CH
virtual_way/208487760:1-380,0,CH
virtual_way/208560300:1-220,0,CH
virtual_way/208625022:1-380,0,CH
virtual_way/209111683:1-220,2,CH
virtual_way/209111686:1-220,2,CH
virtual_way/209130227:1-220,0,CH
virtual_way/209288137:1-220,0,CH
virtual_way/209288139:0-220,0,CH
virtual_way/209288141:1-220,0,CH
virtual_way/209288142:1-220,0,CH
virtual_way/209288145:0-220,0,CH
virtual_way/240692413:0-220,1,CH
virtual_way/253361584:1-220,1,CH
virtual_way/365557144:1-220,0,CH
virtual_way/397966973:1-380,1,CH
virtual_way/406403398:1-380,0,CH
virtual_way/43125412:0-220,1,CH
virtual_way/43125412:1-220,1,CH
virtual_way/773893747:1-380,1,CH
virtual_way/773893750:0-380,1,CH
virtual_way/81247299:b:1-220,0,CH
virtual_way/927740824:0-220,2,CH
virtual_way/93377768:1-220,1,CH
virtual_way/95726659:1-220,1,CH
way/108257952-220,1,CH
way/109037817-220,1,CH
way/1105061707-380,1,CH
way/11282314-220,1,CH
way/122720993-220,1,CH
way/132373704-220,0,CH
way/1327084723-220,0,CH
way/140873735-220,2,CH
way/146225999-220,1,CH
way/147557680-220,1,CH
way/147714395-380,1,CH
way/148015471-220,1,CH
way/159527493-220,0,CH
way/161853746-220,1,CH
way/190819048-220,1,CH
way/194258388-220,1,CH
way/207991759-380,0,CH
way/207993342-380,0,CH
way/208780268-380,0,CH
way/210568055-380,0,CH
way/211907009-220,0,CH
way/212722603-380,0,CH
way/215475257-220,0,CH
way/22899676-220,1,CH
way/234983117-380,0,CH
way/236819191-220,2,CH
way/239937062-220,0,CH
way/240575085-220,1,CH
way/240959264-220,0,CH
way/242269161-220,0,CH
way/26843160-220,1,CH
way/27107779-220,1,CH
way/281799252-220,1,CH
way/281800404-220,0,CH
way/281804158-380,0,CH
way/281809991-220,1,CH
way/281815404-220,0,CH
way/281822905-220,0,CH
way/31308888-220,1,CH
way/33271433-220,1,CH
way/35002638-380,1,CH
way/356292116-380,1,CH
way/35840165-380,1,CH
way/365556107-220,0,CH
way/365590455-380,1,CH
way/391576135-220,2,CH
way/391577741-220,2,CH
way/402053379-220,0,CH
way/402055336-220,0,CH
way/431234146-220,2,CH
way/455120191-220,1,CH
way/50319857-380,1,CH
way/55695765-220,0,CH
way/71500123-380,0,CH
way/758943072-220,0,CH
way/803903329-380,0,CH
way/89405664-220,1,CH
way/89977424-220,1,CH
way/92798668-220,1,CH
way/936521586-380,0,CH
way/969819301-220,2,CH
way/98648381-380,1,CH
relation/19040600-400,2,PT
relation/19585241-220,2,PT
relation/19645437-400,1,PT
relation/19645523-220,2,PT
virtual_way/1056159570:0-220,1,PT
virtual_way/118194421:1-220,2,PT
virtual_way/1257563797:1-220,1,PT
virtual_way/134140293:0-400,1,PT
virtual_way/137265337:1-400,2,PT
virtual_way/139014835:1-220,2,PT
virtual_way/141462947:0-220,2,PT
virtual_way/143143990:1-400,1,PT
virtual_way/144377306:a:1-220,2,PT
virtual_way/144385739:0-220,2,PT
virtual_way/144385740:0-220,2,PT
virtual_way/144385758:1-220,2,PT
virtual_way/144385775:1-400,2,PT
virtual_way/144396408:1-400,2,PT
virtual_way/144396415:1-400,2,PT
virtual_way/144396427:0-220,2,PT
virtual_way/144439470:0-220,1,PT
virtual_way/144554430:0-400,1,PT
virtual_way/144633314:0-400,0,PT
virtual_way/144651404:0-400,1,PT
virtual_way/144651465:0-400,1,PT
virtual_way/144651466:1-220,2,PT
virtual_way/144653475:0-220,1,PT
virtual_way/144654743:0-220,1,PT
virtual_way/144654754:0-220,1,PT
virtual_way/148052303:0-400,0,PT
virtual_way/151111213:1-220,2,PT
virtual_way/24635847:0-220,1,PT
virtual_way/291954080:1-400,2,PT
virtual_way/591811117:0-400,2,PT
virtual_way/683735401:1-400,2,PT
virtual_way/690953989:0-220,2,PT
virtual_way/753700456:1-220,2,PT
virtual_way/810562774:0-400,2,PT
virtual_way/99655272:0-220,1,PT
way/1054310285-400,2,PT
way/116944631-220,2,PT
way/1202440398-220,1,PT
way/124722161-400,2,PT
way/126366408-220,2,PT
way/127205502-220,2,PT
way/127205653-220,2,PT
way/129055610-400,2,PT
way/131715746-400,2,PT
way/132865612-400,2,PT
way/135457230-400,2,PT
way/137667702-220,2,PT
way/142182853-400,2,PT
way/144374442-220,1,PT
way/144377301-220,2,PT
way/144385734-400,2,PT
way/144386243-220,2,PT
way/144396412-400,2,PT
way/144396420-220,2,PT
way/144398555-220,2,PT
way/144400130-220,2,PT
way/144432478-220,2,PT
way/144432485-220,2,PT
way/144432489-220,2,PT
way/144439469-400,1,PT
way/144439472-400,1,PT
way/144545398-220,1,PT
way/144554435-400,1,PT
way/144564903-400,2,PT
way/144573746-400,2,PT
way/144584580-220,1,PT
way/144584585-220,2,PT
way/144588414-220,1,PT
way/144596347-220,1,PT
way/144599061-400,2,PT
way/144601080-400,2,PT
way/144608818-400,1,PT
way/144622215-400,0,PT
way/144635505-400,0,PT
way/144639174-400,0,PT
way/144654759-220,1,PT
way/144762180-220,1,PT
way/151061884-400,2,PT
way/151111218-220,2,PT
way/151162379-220,1,PT
way/151168335-400,1,PT
way/201459319-400,0,PT
way/24636044-400,1,PT
way/24636062-220,1,PT
way/402947133-220,1,PT
way/690953979-220,2,PT
way/694016335-400,2,PT
way/751560789-400,2,PT
way/753364578-400,2,PT
way/813954335-400,2,PT
way/964625644-400,2,PT
way/987944916-400,2,PT
way/988035260-400,2,PT
virtual_way/100606433:c:1-400,1,RO
virtual_way/101158806:0-400,1,RO
virtual_way/102265008:1-400,0,RO
virtual_way/104155442:a:1-220,1,RO
virtual_way/104226879:1-400,0,RO
virtual_way/119429108:1-400,0,RO
virtual_way/121549205:1-400,0,RO
virtual_way/127670521:0-220,1,RO
virtual_way/1297146349:1-400,0,RO
virtual_way/1297146373:1-400,0,RO
virtual_way/150778451:0-400,1,RO
virtual_way/196672670:1-400,1,RO
virtual_way/196723111:a:1-220,0,RO
virtual_way/198283102:1-220,1,RO
virtual_way/198777642:1-400,0,RO
virtual_way/198777655:a:1-220,1,RO
virtual_way/198777686:0-220,1,RO
virtual_way/199657976:a:0-220,0,RO
virtual_way/199657976:a:1-220,0,RO
virtual_way/199657985:1-400,0,RO
virtual_way/205384252:0-220,0,RO
virtual_way/205542337:1-220,1,RO
virtual_way/208294447:1-220,0,RO
virtual_way/24730606:1-400,1,RO
virtual_way/24854198:1-400,1,RO
virtual_way/24854202:1-400,1,RO
virtual_way/29976870:1-400,1,RO
virtual_way/30020639:1-220,1,RO
virtual_way/30020703:1-220,1,RO
virtual_way/311560825:0-220,1,RO
virtual_way/311562553:1-220,1,RO
virtual_way/584400221:0-220,1,RO
virtual_way/666589919:1-400,1,RO
virtual_way/766496726:1-400,0,RO
virtual_way/766496730:0-400,0,RO
virtual_way/766496734:0-400,0,RO
virtual_way/768716775:0-400,0,RO
virtual_way/769606233:0-400,0,RO
virtual_way/770405944:0-400,0,RO
virtual_way/782272611:0-400,0,RO
virtual_way/852703146:1-400,1,RO
way/100654585-400,1,RO
way/101158766-400,1,RO
way/101258283-220,1,RO
way/103213478-220,1,RO
way/1066153075-220,2,RO
way/1066158995-220,2,RO
way/125672002-400,0,RO
way/172029146-220,1,RO
way/179934195-400,0,RO
way/182655738-400,1,RO
way/182886368-220,1,RO
way/191363648-400,1,RO
way/195155625-400,1,RO
way/196557387-400,1,RO
way/196654321-400,0,RO
way/196672665-400,1,RO
way/198276673-220,0,RO
way/198283094-220,1,RO
way/198333299-400,0,RO
way/198777633-400,1,RO
way/198777680-220,1,RO
way/198777681-220,1,RO
way/199657972-400,0,RO
way/199657990-400,0,RO
way/200720497-220,1,RO
way/202461729-220,0,RO
way/202948507-400,0,RO
way/205384220-400,1,RO
way/205894727-220,1,RO
way/208045778-220,1,RO
way/208452701-220,1,RO
way/214146381-220,1,RO
way/224849342-400,1,RO
way/224885245-400,1,RO
way/228718321-400,1,RO
way/232578495-400,1,RO
way/234876695-400,1,RO
way/23575521-400,1,RO
way/24710999-220,1,RO
way/266629200-220,1,RO
way/278910976-220,0,RO
way/28251692-400,1,RO
way/288598261-400,1,RO
way/29975403-400,1,RO
way/320998590-400,1,RO
way/39524931-400,1,RO
way/686646896-400,0,RO
way/71212865-220,1,RO
way/97334781-220,1,RO
way/97402111-400,0,RO
way/97872423-220,1,RO
way/98111242-220,1,RO
virtual_way/108867072:1-400,2,FI
virtual_way/166777663:0-220,1,FI
virtual_way/178184493:1-400,2,FI
virtual_way/178192890:0-400,2,FI
virtual_way/178192896:1-400,2,FI
virtual_way/178192902:0-400,2,FI
virtual_way/26164596:0-400,1,FI
virtual_way/26619354:1-400,2,FI
virtual_way/336507649:1-220,1,FI
virtual_way/34174587:0-400,0,FI
virtual_way/346962288:1-400,0,FI
virtual_way/346962291:1-400,0,FI
virtual_way/346962292:0-400,0,FI
virtual_way/347316236:1-400,2,FI
virtual_way/351960004:1-400,2,FI
virtual_way/37518255:1-400,1,FI
virtual_way/41279130:0-400,2,FI
virtual_way/41279130:1-400,2,FI
virtual_way/41779336:1-400,2,FI
virtual_way/42936025:1-400,2,FI
virtual_way/627752578:0-400,0,FI
virtual_way/96753996:0-400,2,FI
virtual_way/96753996:1-400,2,FI
virtual_way/96753999:0-400,2,FI
virtual_way/98589893:1-400,0,FI
virtual_way/98589901:1-400,0,FI
virtual_way/98614435:1-400,2,FI
way/1107461441-400,1,FI
way/1137690029-400,1,FI
way/1155254820-400,2,FI
way/1159141282-220,1,FI
way/1174872622-400,1,FI
way/1184732640-400,0,FI
way/123462491-400,1,FI
way/128463750-400,1,FI
way/1286130176-400,2,FI
way/1306874220-400,1,FI
way/1330437150-400,1,FI
way/1348464438-400,1,FI
way/136068907-400,2,FI
way/144383819-400,2,FI
way/144832705-400,2,FI
way/149965733-400,1,FI
way/149965738-220,1,FI
way/149965739-400,1,FI
way/150209972-400,1,FI
way/151818544-400,0,FI
way/159532385-400,2,FI
way/167705754-400,1,FI
way/173431802-400,1,FI
way/208979069-400,1,FI
way/238856422-400,0,FI
way/239242345-400,0,FI
way/26501426-400,0,FI
way/26619335-400,2,FI
way/27674611-400,0,FI
way/286955409-400,1,FI
way/28820749-400,0,FI
way/30601175-400,0,FI
way/314853393-220,1,FI
way/34623113-400,2,FI
way/348003562-400,0,FI
way/348358044-400,1,FI
way/35281467-400,2,FI
way/379937972-220,1,FI
way/388655178-400,1,FI
way/391140226-400,1,FI
way/391142388-220,1,FI
way/391145068-220,1,FI
way/43143343-400,2,FI
way/47317827-400,1,FI
way/53047196-400,2,FI
way/544156119-400,1,FI
way/551596913-400,1,FI
way/55609623-220,1,FI
way/590767557-400,1,FI
way/620351437-220,1,FI
way/881741424-400,1,FI
way/95392702-400,0,FI
way/96660466-400,2,FI
way/98561229-400,2,FI
way/98589905-400,0,FI
way/98613134-400,2,FI
way/98735006-400,2,FI
relation/18396881-380,2,AT
virtual_relation/3952097:a:1-220,1,AT
virtual_way/103401937:1-380,1,AT
virtual_way/119019122:0-400,1,AT
virtual_way/1203265439:1-380,2,AT
virtual_way/26971631:0-220,0,AT
virtual_way/28457294:1-380,1,AT
virtual_way/28458149:0-380,1,AT
virtual_way/42412115:1-220,2,AT
virtual_way/47247862:0-400,1,AT
virtual_way/58898738:0-400,1,AT
virtual_way/763416490:0-380,2,AT
virtual_way/796517281:1-380,2,AT
virtual_way/82745755:0-220,1,AT
virtual_way/83742802:1-380,1,AT
virtual_way/84998489:0-220,1,AT
virtual_way/951818305:1-380,1,AT
virtual_way/99720896:0-380,1,AT
way/1047447425-380,0,AT
way/105065132-380,2,AT
way/1051033055-380,2,AT
way/107248400-380,1,AT
way/118060597-380,1,AT
way/1203160522-220,2,AT
way/134565164-380,1,AT
way/138407040-380,1,AT
way/145583866-220,0,AT
way/152245073-220,1,AT
way/156973414-380,2,AT
way/162826525-380,2,AT
way/171066516-380,1,AT
way/180468540-220,1,AT
way/210191809-220,2,AT
way/24768685-220,0,AT
way/27673934-380,1,AT
way/27763479-380,2,AT
way/27795895-380,1,AT
way/291703253-380,0,AT
way/30042006-380,1,AT
way/30076588-220,2,AT
way/318616912-380,2,AT
way/38868243-380,2,AT
way/50650855-220,2,AT
way/59531071-380,1,AT
way/603139216-220,1,AT
way/61108302-220,0,AT
way/636620861-380,1,AT
way/694695942-380,1,AT
way/727225348-380,0,AT
way/765101679-220,1,AT
way/81540198-380,2,AT
way/81684898-380,1,AT
way/83529203-220,0,AT
way/83740194-380,1,AT
way/83742801-380,1,AT
way/84789829-220,2,AT
way/852324809-220,0,AT
way/86119428-220,1,AT
way/88680218-220,1,AT
way/89451551-220,1,AT
way/89985993-220,1,AT
way/93077882-220,2,AT
way/943595603-380,1,AT
way/95812231-220,0,AT
way/96616299-380,1,AT
relation/7578992-380,0,BE
virtual_relation/10670456:0-380,0,BE
virtual_relation/6663379:1-400,2,BE
virtual_way/147686438:0-380,2,BE
virtual_way/160991582:1-400,2,BE
virtual_way/16119536:0-380,2,BE
virtual_way/161225685:a:1-220,1,BE
virtual_way/161469069:0-380,2,BE
virtual_way/161479351:0-380,2,BE
virtual_way/23141413:0-380,0,BE
virtual_way/48520916:1-380,0,BE
virtual_way/87772589:0-380,2,BE
virtual_way/91752659:1-220,0,BE
way/1001478336-220,0,BE
way/103041283-220,0,BE
way/114082368-220,1,BE
way/121085952-380,1,BE
way/124703985-380,2,BE
way/16584741-380,2,BE
way/19783816-380,2,BE
way/204940265-220,0,BE
way/23136343-380,2,BE
way/23136868-380,2,BE
way/23141556-380,0,BE
way/23151789-380,2,BE
way/23175771-380,2,BE
way/24552827-220,0,BE
way/32002039-380,2,BE
way/33814632-220,1,BE
way/495688597-380,2,BE
way/87763325-380,2,BE
way/87772591-380,2,BE
way/87772593-380,2,BE
way/87807194-380,2,BE
way/88799384-380,2,BE
way/91142310-220,0,BE
way/91752661-220,0,BE
way/92007188-220,1,BE
way/92015823-220,1,BE
virtual_relation/9036573:0-225,2,BE
virtual_relation/10043727:a:1-400,0,CZ
virtual_relation/5168027:a:1-400,0,CZ
virtual_way/113566137:0-400,1,CZ
virtual_way/157809712:0-400,2,CZ
virtual_way/174150969:0-220,2,CZ
virtual_way/28099167:1-400,0,CZ
virtual_way/28629413:1-400,2,CZ
virtual_way/452032530:1-400,2,CZ
way/149306820-400,2,CZ
way/174152948-400,1,CZ
way/175071712-400,1,CZ
way/197827799-400,2,CZ
way/26143409-400,0,CZ
way/27849030-400,0,CZ
way/27867392-400,0,CZ
way/28099187-400,2,CZ
way/28268556-400,1,CZ
way/28348269-220,1,CZ
way/28349754-400,2,CZ
way/28382372-400,0,CZ
way/28457258-400,1,CZ
way/28468576-400,1,CZ
way/28469397-400,1,CZ
way/28470958-400,1,CZ
way/28475691-400,1,CZ
way/28476742-400,2,CZ
way/28477054-400,2,CZ
way/28478409-400,1,CZ
way/28478418-220,1,CZ
way/28479110-400,1,CZ
way/28479829-400,1,CZ
way/28622657-220,1,CZ
way/28622793-400,1,CZ
way/28624004-220,1,CZ
way/28624204-400,1,CZ
way/28624926-400,1,CZ
way/28625556-400,1,CZ
way/28626812-400,1,CZ
way/28628927-400,1,CZ
virtual_relation/4872296:a:1-220,2,IE
virtual_way/104388590:0-220,0,IE
virtual_way/1059093587:0-220,0,IE
virtual_way/42838773:0-220,2,IE
virtual_way/722383060:0-220,2,IE
virtual_way/88462764:1-220,2,IE
virtual_way/88609401:1-220,2,IE
way/1003262502-220,0,IE
way/104388595-220,0,IE
way/104388599-220,0,IE
way/1154822210-220,0,IE
way/147525695-220,0,IE
way/150124101-220,0,IE
way/179121616-400,0,IE
way/180637986-220,2,IE
way/185693432-220,0,IE
way/186889669-220,0,IE
way/194575030-220,2,IE
way/194614470-220,0,IE
way/197846408-220,2,IE
way/207331199-220,0,IE
way/207339053-400,0,IE
way/208124159-220,0,IE
way/254158424-400,2,IE
way/255668124-220,1,IE
way/264275258-275,2,IE
way/264852019-220,2,IE
way/266025855-220,2,IE
way/288283900-220,2,IE
way/35150701-220,1,IE
way/42998577-220,2,IE
way/516651650-220,0,IE
way/516752881-220,2,IE
way/79803767-220,0,IE
way/819997192-220,0,IE
way/88144450-400,2,IE
way/88462768-220,2,IE
way/89760546-220,2,IE
relation/15865158-400,0,HU
relation/16378805-400,2,HU
relation/9470706-220,1,HU
virtual_relation/4791312:b:1-400,2,HU
virtual_relation/5203259:1-400,2,HU
virtual_relation/5233619:c:1-400,2,HU
virtual_way/1052168014:1-400,0,HU
virtual_way/1234852623:1-220,0,HU
virtual_way/318406858:1-400,2,HU
virtual_way/662675820:a:1-400,2,HU
way/100788162-400,2,HU
way/100804905-400,2,HU
way/100804921-220,2,HU
way/100844170-220,2,HU
way/100872886-400,2,HU
way/100962927-400,0,HU
way/113570302-400,2,HU
way/124244078-400,2,HU
way/142106943-400,2,HU
way/142109093-400,2,HU
way/155227474-400,0,HU
way/155803703-400,0,HU
way/166155511-400,2,HU
way/167896114-400,0,HU
way/195168461-400,0,HU
way/244038276-220,2,HU
way/251991299-220,1,HU
way/252028146-400,0,HU
way/325372656-400,2,HU
way/33846555-400,2,HU
way/464834617-400,2,HU
way/503615215-400,2,HU
way/65034002-400,2,HU
way/859708761-750,0,HU
way/96705565-400,2,HU
way/986231091-400,0,HU
virtual_relation/4743310:a:1-220,2,BA
virtual_way/191212861:1-220,0,BA
virtual_way/237952002:1-400,1,BA
virtual_way/282359673:1-400,1,BA
virtual_way/282359678:0-400,1,BA
virtual_way/355998734:1-220,1,BA
virtual_way/366737813:0-220,2,BA
virtual_way/408332925:1-220,1,BA
virtual_way/511081961:1-220,2,BA
virtual_way/511081962:a:1-220,2,BA
virtual_way/661248034:0-400,1,BA
virtual_way/661248034:1-400,1,BA
virtual_way/766176984:1-400,1,BA
virtual_way/806282517:a:1-400,1,BA
virtual_way/857254625:1-220,1,BA
way/1255787053-220,1,BA
way/1256007960-400,1,BA
way/1256060610-400,1,BA
way/175002028-400,1,BA
way/182135762-220,2,BA
way/184631102-400,1,BA
way/220277360-220,2,BA
way/222962996-400,1,BA
way/245190169-400,1,BA
way/251735977-220,2,BA
way/302973446-220,1,BA
way/302973449-220,1,BA
way/351672823-400,1,BA
way/394941091-400,1,BA
way/395987791-220,2,BA
way/665827369-400,1,BA
way/692824732-220,1,BA
way/79818891-220,0,BA
way/841600752-220,1,BA
way/89827347-400,1,BA
virtual_relation/12004718:1-220,2,NL
virtual_relation/12004719:1-220,2,NL
way/1099434374-220,0,NL
way/1218950123-380,2,NL
way/146901292-380,2,NL
way/157902099-380,2,NL
way/162176187-380,2,NL
way/162179284-380,2,NL
way/165242802-380,2,NL
way/168037483-220,0,NL
way/22984334-380,2,NL
way/23096966-380,2,NL
way/23135563-380,2,NL
way/308181656-380,2,NL
way/477949333-380,2,NL
way/480742730-380,2,NL
way/577158336-380,2,NL
way/606842829-380,0,NL
way/693745438-380,2,NL
way/723528920-380,2,NL
way/72888152-380,2,NL
way/83423799-380,1,NL
way/87177559-380,1,NL
way/87207800-220,0,NL
way/87342758-380,0,NL
way/87354306-380,1,NL
way/87358157-220,0,NL
way/87448656-220,0,NL
way/87792499-380,2,NL
way/87794279-380,1,NL
way/920127890-380,2,NL
way/934114405-380,2,NL
way/942640207-380,0,NL
way/96382845-380,2,NL
virtual_way/152688948:1-400,0,RS
virtual_way/174920695:1-400,0,RS
virtual_way/174920697:1-400,0,RS
virtual_way/223674099:1-400,0,RS
virtual_way/349642760:1-220,1,RS
virtual_way/52456885:1-220,0,RS
virtual_way/52564134:1-220,0,RS
virtual_way/666433879:1-400,0,RS
way/144936638-400,0,RS
way/152481174-400,2,RS
way/174921474-400,0,RS
way/232243950-400,2,RS
way/236110936-400,0,RS
way/236110952-400,0,RS
way/236134509-220,0,RS
way/238249884-400,2,RS
way/239947121-400,0,RS
way/239998425-400,0,RS
way/240179355-400,1,RS
way/254397982-220,0,RS
way/267325562-400,2,RS
way/273601208-220,0,RS
way/273601210-400,0,RS
way/288282829-220,0,RS
way/317496363-220,1,RS
way/317497727-220,1,RS
way/330729171-400,0,RS
way/330729178-220,0,RS
way/411530745-220,1,RS
way/419803318-400,1,RS
way/498961839-400,1,RS
way/52456886-400,0,RS
way/52564762-400,0,RS
way/89109496-400,0,RS
virtual_relation/5207534:b:1-400,2,DK
virtual_way/166885671:0-400,1,DK
virtual_way/252095609:1-400,1,DK
virtual_way/385384761:0-400,1,DK
virtual_way/399008275:0-400,1,DK
virtual_way/542553909:1-220,0,DK
virtual_way/865474891:0-220,0,DK
virtual_way/98212649:b:1-400,1,DK
virtual_way/98214734:0-400,1,DK
virtual_way/98527117:0-400,1,DK
way/1101832649-400,2,DK
way/1271587272-400,1,DK
way/1284726676-400,2,DK
way/131339683-400,0,DK
way/133082281-400,0,DK
way/1384028957-400,1,DK
way/142321228-400,0,DK
way/160792651-400,0,DK
way/250212215-400,1,DK
way/26452107-400,0,DK
way/26931725-400,0,DK
way/42128776-400,1,DK
way/69424173-400,1,DK
way/889061694-220,0,DK
way/95713495-400,1,DK
way/95840891-400,2,DK
way/95868396-400,2,DK
way/98033206-400,1,DK
way/98212652-400,1,DK
way/98216482-400,1,DK
way/98524305-400,1,DK
way/98526640-400,1,DK
relation/11038054-400,0,SK
virtual_relation/5195776:a:1-220,2,SK
virtual_way/100978616:1-400,0,SK
virtual_way/1144171086:1-400,1,SK
virtual_way/1150527220:0-400,2,SK
virtual_way/167428065:1-220,2,SK
virtual_way/181168333:1-400,0,SK
virtual_way/187787571:1-400,0,SK
virtual_way/211512792:1-400,1,SK
virtual_way/211769226:1-400,1,SK
virtual_way/756567214:1-400,1,SK
virtual_way/914738592:0-400,2,SK
virtual_way/93479877:a:1-400,2,SK
way/100979306-400,0,SK
way/111687967-400,0,SK
way/122257444-400,1,SK
way/128968280-400,1,SK
way/146531966-400,2,SK
way/175052362-400,0,SK
way/220704941-400,1,SK
way/229685438-400,1,SK
way/239560640-400,1,SK
way/320168128-400,0,SK
way/33881667-400,2,SK
way/5131796-400,2,SK
way/51982806-400,2,SK
way/614130490-400,2,SK
way/648002755-400,2,SK
way/666404730-400,0,SK
way/672771472-400,1,SK
way/783483874-400,0,SK
way/93468022-400,2,SK
relation/18916482-400,1,GR
virtual_relation/13096306:a:1-400,0,GR
virtual_relation/13096306:b:1-400,0,GR
virtual_way/1024249021:0-400,2,GR
virtual_way/1251995800:0-400,0,GR
virtual_way/251579391:1-400,0,GR
virtual_way/85585501:a:0-400,0,GR
virtual_way/85612095:a:1-400,0,GR
virtual_way/85646786:0-400,0,GR
virtual_way/85646786:1-400,0,GR
way/105184051-400,0,GR
way/1256844098-400,0,GR
way/140248148-400,0,GR
way/141220249-400,2,GR
way/1448342653-400,1,GR
way/149672244-400,0,GR
way/171506480-400,1,GR
way/252077527-400,1,GR
way/253903008-400,0,GR
way/302950604-400,1,GR
way/51408420-400,0,GR
way/55099563-400,1,GR
way/85518393-400,0,GR
way/85526073-400,0,GR
way/85585500-400,0,GR
way/85612093-400,0,GR
way/85646787-400,0,GR
way/85682590-400,0,GR
way/85705637-400,0,GR
way/86577898-400,0,GR
way/93119207-400,0,GR
relation/12048419-330,0,LT
relation/8034395-330,0,LT
virtual_relation/8711899:a:1-330,2,LT
virtual_way/172394894:0-330,0,LT
virtual_way/552905484:1-330,2,LT
virtual_way/99207899:1-330,2,LT
way/1182807118-330,2,LT
way/1233470023-330,2,LT
way/1239120856-330,2,LT
way/1302167069-330,2,LT
way/1317034700-330,2,LT
way/1340185230-330,0,LT
way/1379260309-330,0,LT
way/158505202-330,0,LT
way/192764283-330,0,LT
way/210457037-330,2,LT
way/220065689-330,0,LT
way/256339597-400,1,LT
way/25698690-330,0,LT
way/258321412-330,2,LT
way/266535277-330,0,LT
way/268781050-330,2,LT
way/626451207-330,2,LT
way/626451210-330,2,LT
way/90098783-330,2,LT
way/971483945-330,2,LT
relation/11980722-330,2,LV
relation/12970096-330,2,LV
relation/13530288-330,0,LV
relation/6495601-330,2,LV
virtual_way/1213611601:1-330,2,LV
virtual_way/152614333:0-330,2,LV
virtual_way/152614333:1-330,2,LV
virtual_way/945621137:1-330,2,LV
virtual_way/948692672:1-330,2,LV
way/1377236428-330,2,LV
way/156541987-330,1,LV
way/172286289-330,0,LV
way/183128353-330,1,LV
way/183386421-330,2,LV
way/184063224-330,1,LV
way/27296443-330,1,LV
way/514772639-330,0,LV
way/81243950-330,2,LV
way/89088068-330,2,LV
virtual_way/113695351:1-220,0,HR
way/162022271-220,2,HR
way/163860997-400,2,HR
way/170366194-220,0,HR
way/173272584-220,1,HR
way/273326173-220,1,HR
way/43337263-400,2,HR
way/59683455-220,2,HR
way/737067003-220,2,HR
way/89817617-400,1,HR
way/89818719-400,0,HR
way/89819945-220,0,HR
way/89820062-400,0,HR
way/89823918-400,0,HR
way/96704507-220,0,HR
way/96722667-220,1,HR
way/113757307-220,0,HR
way/171251171-220,2,HR
relation/18986190-330,1,EE
virtual_way/262191428:1-330,1,EE
virtual_way/34920722:0-330,1,EE
way/1328993407-330,2,EE
way/34682059-330,1,EE
way/34682089-330,1,EE
way/34685101-330,1,EE
way/34685113-330,0,EE
way/34920699-330,1,EE
way/34935436-330,1,EE
way/34968224-330,1,EE
way/35343343-330,1,EE
way/35450930-330,1,EE
way/743155118-330,1,EE
way/768781614-330,1,EE
virtual_way/1354168641:0-220,1,AL
virtual_way/584975623:0-400,0,AL
way/1256076415-400,1,AL
way/1256089443-220,1,AL
way/150003587-400,1,AL
way/174609198-220,1,AL
way/249066440-400,2,AL
way/281014574-400,0,AL
way/281014575-220,0,AL
way/281014579-220,0,AL
way/297775062-220,0,AL
way/353712441-220,1,AL
way/353712449-220,1,AL
virtual_way/105893877:0-400,0,SI
virtual_way/54933954:1-220,0,SI
way/105894370-400,0,SI
way/113568896-400,0,SI
way/113578863-400,0,SI
way/119244495-400,0,SI
way/138362793-400,0,SI
way/167068843-220,0,SI
way/96747435-400,1,SI
way/1256107398-400,0,MK
way/196590421-400,1,MK
way/196590422-400,1,MK
way/196633567-400,1,MK
way/196634265-400,0,MK
virtual_way/266506449:a:1-220,1,XK
way/1302365574-220,0,XK
way/196695540-220,0,XK
way/317499556-400,0,XK
way/613473916-220,0,XK
virtual_way/623828196:0-220,0,XK
