config,snsp_target,snsp,wind_pu,hvdc_pu,sync_pu,n_committed,stored_energy,reserve,below_min,wind_pattern,machine_dist_mean,machine_dist_max,coastal_wind_share,radial_wind_pu,committed
0,0.3,0.29999999999999993,3.0002941247134314,0.5997058752865674,8.399999999999999,4,47.61,80.0,False,neutral,2.3,5.0,0.7172333328116671,1.300100347439873,16|32|73|96
1,0.3,0.30000000000000004,3.1779642977249587,0.4220357022750405,8.399999999999997,4,50.37499999999999,80.0,False,inland,2.32,5.0,0.5298641338416384,0.6950617347560029,16|32|58|73
2,0.3,0.29999999999999993,3.001603985968326,0.5983960140316729,8.399999999999999,4,50.37499999999999,80.0,False,coastal,2.32,5.0,0.900832636173315,1.2648924934141421,16|32|58|73
3,0.3,0.30000000000000004,3.083492186326541,0.5165078136734575,8.399999999999997,4,54.72,80.0,False,inland,2.61,7.0,0.5938930074588302,0.7219800030397117,16|58|73|96
4,0.3,0.30000000000000004,3.0610658428808875,0.5389341571191119,8.399999999999997,3,47.215,60.0,False,neutral,3.52,9.0,0.7303745023754168,1.1339348675488363,58|73|96
5,0.3,0.30000000000000004,3.048404388041209,0.5515956119587903,8.399999999999997,4,54.72,80.0,False,inland,2.61,7.0,0.5390109173292152,0.8560300821060223,16|58|73|96
6,0.3,0.29999999999999993,3.246308653540052,0.3536913464599465,8.399999999999999,4,49.19,80.0,False,inland,2.63,7.0,0.6171958282375614,0.8361419964891404,16|32|58|96
7,0.3,0.29999999999999993,3.0518453776204675,0.5481546223795312,8.399999999999999,4,50.37499999999999,80.0,False,coastal,2.32,5.0,0.8886320948578944,1.2373286699712067,16|32|58|73
8,0.3,0.29999999999999993,3.066733952761216,0.5332660472387829,8.399999999999999,4,54.72,80.0,False,coastal,2.61,7.0,0.8932109774964545,1.1628886993717604,16|58|73|96
9,0.3,0.29999999999999993,3.0963774658022865,0.5036225341977117,8.399999999999999,4,49.19,80.0,False,neutral,2.63,7.0,0.8187979815849671,0.9983664664632345,16|32|58|96
10,0.3,0.3,3.1833557007822875,0.4166442992177119,8.399999999999999,4,47.61,80.0,False,coastal,2.3,5.0,0.9113123855571662,1.3876618655398576,16|32|73|96
11,0.3,0.2999999999999999,3.0648123553869775,0.535187644613021,8.399999999999999,4,53.535,80.0,False,neutral,2.64,7.0,0.8117569148552397,1.11320835604575,32|58|73|96
12,0.3,0.29999999999999993,3.015606509958844,0.5843934900411542,8.399999999999999,4,53.535,80.0,False,coastal,2.64,7.0,0.9219259835975906,1.3552725055716603,32|58|73|96
13,0.3,0.29999999999999993,3.1324795686749973,0.4675204313250009,8.399999999999999,4,50.37499999999999,80.0,False,inland,2.32,5.0,0.5917378034290097,0.9091976183559366,16|32|58|73
14,0.3,0.3,3.0591848128948316,0.5408151871051672,8.399999999999999,4,50.37499999999999,80.0,False,neutral,2.32,5.0,0.7212462333028671,1.0910822859553782,16|32|58|73
15,0.3,0.2999999999999999,3.1163908601486026,0.483609139851396,8.399999999999999,4,53.535,80.0,False,coastal,2.64,7.0,0.9082102914741831,1.2472057848159352,32|58|73|96
16,0.35,0.35000000000000003,3.802828575328448,0.39717142467155103,7.799999999999997,4,47.61,80.0,False,coastal,2.3,5.0,0.8892076147723984,1.5808477746517642,16|32|73|96
17,0.35,0.3499999999999999,3.7270773342688073,0.47292266573119135,7.799999999999997,4,49.19,80.0,False,coastal,2.63,7.0,0.8869324112678877,1.635326455469965,16|32|58|96
18,0.35,0.3499999999999998,3.8767412039611284,0.3232587960388694,7.799999999999999,3,42.870000000000005,60.0,False,neutral,3.49,8.0,0.8066059133368523,1.4227908948071848,16|58|96
19,0.35,0.35000000000000003,3.7837648307469998,0.416235169252999,7.799999999999997,3,44.055,60.0,False,coastal,2.84,7.0,0.931115430854937,1.7434858972409286,16|58|73
20,0.35,0.35,3.8385332026245753,0.3614667973754228,7.799999999999997,4,53.535,80.0,False,neutral,2.64,7.0,0.7398431799652613,1.4483644565945801,32|58|73|96
21,0.35,0.35,3.80523375219786,0.39476624780213826,7.799999999999999,3,42.87,60.0,False,inland,2.87,7.0,0.5671950330676351,1.107425045595304,32|58|73
22,0.35,0.3499999999999999,3.7527821212919354,0.44721787870806234,7.799999999999998,3,44.055,60.0,False,neutral,2.84,7.0,0.7739114391230998,1.4621559582174055,16|58|73
23,0.35,0.35,3.8885996376864855,0.31140036231351315,7.799999999999998,3,42.87,60.0,False,neutral,2.87,7.0,0.7479989289057284,1.0038366973145005,32|58|73
24,0.35,0.35,3.6264435310462595,0.5735564689537388,7.799999999999998,4,54.72,80.0,False,coastal,2.61,7.0,0.9124964054880678,1.6218411668266999,16|58|73|96
25,0.35,0.3499999999999999,3.666816329288151,0.5331836707118476,7.799999999999998,3,42.870000000000005,60.0,False,coastal,3.49,8.0,0.9101111861140234,1.499445725489205,16|58|96
26,0.35,0.34999999999999987,3.757879139475546,0.44212086052445154,7.800000000000001,3,47.215,60.0,False,inland,3.52,9.0,0.5790946488003476,0.9665728267205884,58|73|96
27,0.35,0.3499999999999999,3.7542828115240146,0.4457171884759834,7.8,3,42.87,60.0,False,coastal,2.87,7.0,0.9084426513100694,1.695423163776038,32|58|73
28,0.35,0.35,3.766275893254127,0.4337241067458713,7.799999999999999,3,44.055,60.0,False,neutral,2.84,7.0,0.7501719302388147,1.3314784131516673,16|58|73
29,0.35,0.3499999999999999,3.8437053725976176,0.35629462740238044,7.799999999999998,3,44.055,60.0,False,inland,2.84,7.0,0.5937726645343725,1.091388680767582,16|58|73
30,0.35,0.3499999999999999,3.73319844330376,0.4668015566962375,7.799999999999999,3,44.055,60.0,False,neutral,2.84,7.0,0.6945150138609396,1.193921516446745,16|58|73
31,0.35,0.3500000000000001,3.6372629192730024,0.5627370807269961,7.799999999999997,4,50.37499999999999,80.0,False,inland,2.32,5.0,0.5981307503721294,1.1367532414621078,16|32|58|73
32,0.4,0.39999999999999997,4.293455586101689,0.5065444138983096,7.199999999999998,4,49.19,80.0,False,coastal,2.63,7.0,0.9152242875888431,1.8068389266723541,16|32|58|96
33,0.4,0.4,4.461079178644242,0.33892082135575746,7.199999999999998,3,41.290000000000006,60.0,False,neutral,2.82,7.0,0.7734313161643037,2.177825506486702,16|73|96
34,0.4,0.4,4.269412220582865,0.5305877794171343,7.199999999999998,3,47.215,60.0,False,inland,3.52,9.0,0.5844686601177054,1.1305165859430906,58|73|96
35,0.4,0.4,4.214198186573435,0.5858018134265631,7.1999999999999975,4,50.37499999999999,80.0,False,neutral,2.32,5.0,0.7658494724769767,1.341411358403111,16|32|58|73
36,0.4,0.4,4.2599981845308825,0.5400018154691167,7.1999999999999975,3,41.685,60.0,False,inland,3.21,7.0,0.5396710302379008,0.875379306437131,32|58|96
37,0.4,0.4000000000000002,4.497050177810137,0.3029498221898631,7.199999999999996,3,44.055,60.0,False,neutral,2.84,7.0,0.7904080338346782,1.7455643737152438,16|58|73
38,0.4,0.4000000000000001,4.201706529170728,0.5982934708292719,7.199999999999997,3,41.290000000000006,60.0,False,inland,2.82,7.0,0.5997459574802724,1.1711593907977207,16|73|96
39,0.4,0.4000000000000001,4.398610013881551,0.4013899861184495,7.199999999999997,4,47.61,80.0,False,inland,2.3,5.0,0.6217817046814359,1.1362151340399786,16|32|73|96
40,0.4,0.4,4.42659779520416,0.37340220479583847,7.199999999999999,3,41.685,60.0,False,coastal,3.21,7.0,0.8836321394652723,1.811029924055477,32|58|96
41,0.4,0.4,4.417152020620702,0.3828479793792963,7.1999999999999975,4,47.61,80.0,False,neutral,2.3,5.0,0.7013132337185488,1.5268509495763238,16|32|73|96
42,0.4,0.4,4.447030799707918,0.3529692002920802,7.199999999999998,3,47.215,60.0,False,neutral,3.52,9.0,0.825851576121601,1.6186760171934758,58|73|96
43,0.4,0.3999999999999999,4.204733536694701,0.5952664633052978,7.199999999999998,4,47.61,80.0,False,coastal,2.3,5.0,0.8974021825909888,1.6944276797678122,16|32|73|96
44,0.4,0.4000000000000001,4.233191410844922,0.5668085891550766,7.1999999999999975,4,47.61,80.0,False,inland,2.3,5.0,0.6375489580253554,1.3040331577557134,16|32|73|96
45,0.4,0.4,4.233472413212668,0.5665275867873301,7.1999999999999975,4,50.37499999999999,80.0,False,inland,2.32,5.0,0.5525033975324899,1.1889914714783727,16|32|58|73
46,0.4,0.4,4.255698277683854,0.5443017223161445,7.199999999999998,4,47.61,80.0,False,inland,2.3,5.0,0.5451949841151241,0.9697760125696807,16|32|73|96
47,0.4,0.4,4.241676469079655,0.5583235309203443,7.1999999999999975,4,50.37499999999999,80.0,False,coastal,2.32,5.0,0.9403183696524291,1.8697853004869085,16|32|58|73
48,0.45,0.45000000000000007,4.8848511102081655,0.5151488897918343,6.599999999999997,3,42.87,60.0,False,inland,2.87,7.0,0.6304790559159306,1.4503045477236638,32|58|73
49,0.45,0.45,4.927530515051435,0.4724694849485638,6.599999999999998,4,47.61,80.0,False,inland,2.3,5.0,0.5519382421456038,1.6158579255216887,16|32|73|96
50,0.45,0.4499999999999999,5.013350322507279,0.38664967749271884,6.6000000000000005,3,47.215,60.0,False,inland,3.52,9.0,0.5958048650743435,1.6571699064935799,58|73|96
51,0.45,0.45,5.093478426590615,0.30652157340938446,6.599999999999999,3,47.215,60.0,False,coastal,3.52,9.0,0.9266062466116222,2.1732513121638575,58|73|96
52,0.45,0.45000000000000007,4.825261660456715,0.5747383395432836,6.599999999999997,3,42.870000000000005,60.0,False,coastal,3.49,8.0,0.9047658603402458,1.9048817088015495,16|58|96
53,0.45,0.4499999999999999,5.0833045794768275,0.31669542052317007,6.6,3,38.525,60.0,False,inland,3.06,8.0,0.5973724827600662,1.5032214055287,16|32|58
54,0.45,0.45,4.999299333040751,0.4007006669592466,6.599999999999997,3,47.215,60.0,False,neutral,3.52,9.0,0.7789492325593476,1.6178824646873289,58|73|96
55,0.45,0.45,5.048661624524609,0.35133837547538976,6.599999999999998,3,44.055,60.0,False,coastal,2.84,7.0,0.9309716345920805,1.9932591810169717,16|58|73
56,0.45,0.45000000000000007,5.089618949720663,0.3103810502793358,6.599999999999997,4,50.37499999999999,80.0,False,coastal,2.32,5.0,0.9100964214711968,2.263721246866953,16|32|58|73
57,0.45,0.45,5.0281949733715505,0.37180502662844744,6.599999999999999,3,42.87,60.0,False,inland,2.87,7.0,0.62534106157337,1.401893487643488,32|58|73
58,0.45,0.45,4.851536284181146,0.5484637158188526,6.599999999999998,3,38.525,60.0,False,inland,3.06,8.0,0.6191644170457711,1.2979190047634102,16|32|58
59,0.45,0.45,4.990230227875958,0.40976977212404037,6.599999999999998,3,40.105000000000004,60.0,False,neutral,2.95,7.0,0.820218755306039,1.8141451992945983,32|73|96
60,0.45,0.44999999999999996,5.03420730146255,0.3657926985374482,6.6,3,38.525,60.0,False,inland,3.06,8.0,0.5759445456832019,1.005698647966005,16|32|58
61,0.45,0.45,4.823309186335457,0.5766908136645416,6.599999999999998,3,42.870000000000005,60.0,False,inland,3.49,8.0,0.5921223427449084,1.1177671761176944,16|58|96
62,0.45,0.44999999999999996,5.071851015578769,0.3281489844212287,6.599999999999998,3,38.525,60.0,False,coastal,3.06,8.0,0.9069834164296586,2.1727818868526465,16|32|58
63,0.45,0.44999999999999996,4.824177077430883,0.575822922569115,6.599999999999999,3,41.290000000000006,60.0,False,coastal,2.82,7.0,0.9329446267743756,2.1392191406271124,16|73|96
64,0.5,0.5,5.594301408043247,0.4056985919567517,5.999999999999999,3,41.290000000000006,60.0,False,inland,2.82,7.0,0.5075983816496086,1.2432671744910215,16|73|96
65,0.5,0.5,5.687548488755064,0.3124515112449362,5.999999999999998,3,38.525,60.0,False,neutral,3.06,8.0,0.7839342297154218,1.9067128700425877,16|32|58
66,0.5,0.5000000000000001,5.656943616007637,0.34305638399236177,5.999999999999998,3,35.760000000000005,60.0,False,inland,2.92,7.0,0.5956364995977966,1.6967482075725564,16|32|96
67,0.5,0.5000000000000002,5.4841351266094165,0.5158648733905828,5.999999999999996,3,35.760000000000005,60.0,False,inland,2.92,7.0,0.6256891430699076,1.5614546605235542,16|32|96
68,0.5,0.49999999999999994,5.561049636621915,0.43895036337808274,5.999999999999997,3,36.945,60.0,False,neutral,2.72,7.0,0.7383832658668404,2.0941182901406616,16|32|73
69,0.5,0.5,5.566460819613051,0.4335391803869462,6.0,3,40.105000000000004,60.0,False,inland,2.95,7.0,0.59427707798445,1.7561398226075176,32|73|96
70,0.5,0.49999999999999994,5.595345408582405,0.40465459141759225,5.999999999999999,3,41.685,60.0,False,inland,3.21,7.0,0.6137050161873356,1.6436434961391666,32|58|96
71,0.5,0.49999999999999994,5.5101474439615625,0.4898525560384354,5.999999999999998,3,36.945,60.0,False,neutral,2.72,7.0,0.7647315580802161,1.6223647844670641,16|32|73
72,0.5,0.5,5.493141885128746,0.5068581148712528,5.999999999999997,3,35.760000000000005,60.0,False,neutral,2.92,7.0,0.7746070442275387,1.813249128504103,16|32|96
73,0.5,0.49999999999999983,5.420532450905414,0.5794675490945832,6.0,3,40.105000000000004,60.0,False,inland,2.95,7.0,0.5340987555294359,1.399948773073145,32|73|96
74,0.5,0.49999999999999983,5.629190118582735,0.37080988141726207,5.999999999999999,3,40.105000000000004,60.0,False,neutral,2.95,7.0,0.8143117741934522,2.089886193888334,32|73|96
75,0.5,0.5,5.630079469899426,0.36992053010057196,5.999999999999998,2,36.550000000000004,40.0,False,coastal,3.75,9.0,0.8829971523664677,2.364475762341969,58|73
76,0.5,0.5,5.656166430192224,0.34383356980777435,5.999999999999998,3,36.945,60.0,False,coastal,2.72,7.0,0.9216057596656114,2.316583683987389,16|32|73
77,0.5,0.49999999999999994,5.52210619395622,0.4778938060437781,5.999999999999999,3,40.105000000000004,60.0,False,inland,2.95,7.0,0.6013995147587481,1.335036445567224,32|73|96
78,0.5,0.49999999999999994,5.524669099444837,0.47533090055516025,5.999999999999999,3,47.215,60.0,False,inland,3.52,9.0,0.6183995267607301,1.6386336740326677,58|73|96
79,0.5,0.5,5.509682082818939,0.49031791718105916,5.999999999999998,3,40.105000000000004,60.0,False,inland,2.95,7.0,0.6324913757157554,1.4166360711713286,32|73|96
80,0.55,0.5500000000000002,6.271399636793546,0.32860036320645336,5.399999999999999,2,33.785000000000004,40.0,False,inland,3.86,9.0,0.5900846177250763,1.326100717620364,73|96
81,0.55,0.5499999999999999,6.218096136220387,0.3819038637796112,5.399999999999997,2,35.365,40.0,False,inland,4.77,11.0,0.6189928810516129,2.022893789030929,58|96
82,0.55,0.5499999999999999,6.055083296241739,0.5449167037582592,5.399999999999998,3,35.760000000000005,60.0,False,neutral,2.92,7.0,0.707438151851451,2.0871249485718586,16|32|96
83,0.55,0.5499999999999999,6.169922071699309,0.4300779283006885,5.399999999999999,2,33.785000000000004,40.0,False,coastal,3.86,9.0,0.8954223913760746,2.756668802309205,73|96
84,0.55,0.5499999999999999,6.000478912546039,0.5995210874539579,5.3999999999999995,3,40.105000000000004,60.0,False,coastal,2.95,7.0,0.9232880107078634,2.6445574873344366,32|73|96
85,0.55,0.55,6.24916253405727,0.35083746594272835,5.399999999999999,3,41.290000000000006,60.0,False,neutral,2.82,7.0,0.7827095331433688,2.9267699664153426,16|73|96
86,0.55,0.5500000000000002,6.23822090531014,0.3617790946898594,5.399999999999997,3,36.945,60.0,False,coastal,2.72,7.0,0.925124977417701,2.5412065382796367,16|32|73
87,0.55,0.55,6.067569332035407,0.5324306679645918,5.399999999999998,3,41.290000000000006,60.0,False,coastal,2.82,7.0,0.901407490010443,2.6380449047851595,16|73|96
88,0.55,0.55,6.03566535283164,0.564334647168358,5.399999999999997,2,36.550000000000004,40.0,False,neutral,3.75,9.0,0.7002037622149675,2.008441867019454,58|73
89,0.55,0.5500000000000002,6.057074663767587,0.5429253362324126,5.399999999999997,3,42.87,60.0,False,coastal,2.87,7.0,0.8832345600094613,2.3653874280988183,32|58|73
90,0.55,0.55,6.083990663802913,0.5160093361970854,5.399999999999999,3,35.760000000000005,60.0,False,coastal,2.92,7.0,0.9140840168879586,2.574773923354319,16|32|96
91,0.55,0.5500000000000002,6.245918701845543,0.3540812981544565,5.399999999999997,3,36.945,60.0,False,inland,2.72,7.0,0.5497359701688036,1.8216015180359486,16|32|73
92,0.55,0.5500000000000003,6.192081972710991,0.4079180272890099,5.399999999999995,3,36.945,60.0,False,inland,2.72,7.0,0.5915431513506025,1.5626306394796612,16|32|73
93,0.55,0.55,6.017400214007916,0.582599785992082,5.399999999999999,2,33.785000000000004,40.0,False,neutral,3.86,9.0,0.7533180034674923,1.3576734796167724,73|96
94,0.55,0.5499999999999999,6.212881652216583,0.3871183477834139,5.399999999999999,3,35.760000000000005,60.0,False,inland,2.92,7.0,0.6000394265586575,1.9556140012680885,16|32|96
95,0.55,0.5499999999999997,6.048319940344738,0.5516800596552595,5.3999999999999995,3,42.87,60.0,False,neutral,2.87,7.0,0.7744092169449189,2.102276206404227,32|58|73
96,0.6,0.6000000000000001,6.605478567164226,0.5945214328357715,4.799999999999999,2,36.550000000000004,40.0,False,inland,3.75,9.0,0.6110155887204316,1.8815728649275372,58|73
97,0.6,0.6000000000000001,6.752067527283304,0.4479324727166935,4.799999999999999,2,30.625000000000004,40.0,False,inland,3.24,7.0,0.596148481884056,2.3415801852853355,16|73
98,0.6,0.6,6.717857429179848,0.4821425708201501,4.799999999999999,2,30.625000000000004,40.0,False,inland,3.24,7.0,0.5932197105149778,1.450976166097795,16|73
99,0.6,0.6000000000000001,6.646503306265764,0.5534966937342346,4.799999999999997,2,36.550000000000004,40.0,False,neutral,3.75,9.0,0.7220785532134942,2.0792006049234466,58|73
100,0.6,0.6,6.752422461099682,0.4475775389003161,4.799999999999999,2,33.785000000000004,40.0,False,neutral,3.86,9.0,0.7152110707695741,1.969962814569658,73|96
101,0.6,0.5999999999999999,6.793269804052833,0.4067301959471637,4.8,2,33.785000000000004,40.0,False,neutral,3.86,9.0,0.7466024118823911,2.9001345553872673,73|96
102,0.6,0.6000000000000001,6.864609953186359,0.33539004681363965,4.799999999999998,2,33.785000000000004,40.0,False,coastal,3.86,9.0,0.9087847654671641,2.8023534429289576,73|96
103,0.6,0.5999999999999998,6.679315729497662,0.5206842705023335,4.800000000000002,2,32.205,40.0,False,neutral,3.92,8.0,0.7536137800227767,2.468751529941146,16|58
104,0.6,0.5999999999999998,6.782694749005325,0.4173052509946716,4.800000000000001,3,40.105000000000004,60.0,False,coastal,2.95,7.0,0.8861338279104697,2.8152596904675344,32|73|96
105,0.6,0.5999999999999999,6.679023160637256,0.5209768393627411,4.8,2,33.785000000000004,40.0,False,neutral,3.86,9.0,0.7799384447484918,2.431262395919517,73|96
106,0.6,0.5999999999999998,6.693003762575946,0.5069962374240515,4.799999999999999,2,33.785000000000004,40.0,False,neutral,3.86,9.0,0.794162418600657,2.4137684907800576,73|96
107,0.6,0.5999999999999999,6.646172531091973,0.5538274689080241,4.8,2,31.020000000000003,40.0,False,inland,3.64,8.0,0.627824910462041,2.222917826935852,32|58
108,0.6,0.5999999999999999,6.689184953248593,0.5108150467514033,4.8,3,42.870000000000005,60.0,False,inland,3.49,8.0,0.6142654800870834,1.88622343646781,16|58|96
109,0.6,0.6000000000000001,6.6363581581256215,0.5636418418743767,4.799999999999999,2,30.625000000000004,40.0,False,neutral,3.24,7.0,0.7445908674138388,1.9196043982919544,16|73
110,0.6,0.5999999999999999,6.693174387075088,0.5068256129249085,4.8,3,38.525,60.0,False,inland,3.06,8.0,0.559952200916975,1.9157747960417404,16|32|58
111,0.6,0.6,6.777986544463118,0.4220134555368795,4.799999999999999,2,33.785000000000004,40.0,False,inland,3.86,9.0,0.6215406449954092,2.050612245280695,73|96
112,0.65,0.6499999999999999,7.306339611561128,0.49366038843886945,4.199999999999999,3,38.525,60.0,False,inland,3.06,8.0,0.6110497099098016,2.0655886417026927,16|32|58
113,0.65,0.6499999999999999,7.205369114788803,0.5946308852111943,4.2,2,29.44,40.0,False,inland,3.91,8.0,0.583643814465717,1.7952080865782547,16|96
114,0.65,0.6499999999999999,7.241108658581655,0.5588913414183433,4.199999999999998,2,35.365,40.0,False,coastal,4.77,11.0,0.8916947370921751,3.177557999830759,58|96
115,0.65,0.65,7.31359223020153,0.48640776979846856,4.199999999999998,2,32.205,40.0,False,neutral,3.92,8.0,0.8397278103922027,2.68646509600243,16|58
116,0.65,0.6500000000000001,7.4435570298650084,0.35644297013499054,4.1999999999999975,2,30.625000000000004,40.0,False,inland,3.24,7.0,0.6034229780781061,2.3239383171788064,16|73
117,0.65,0.6499999999999998,7.230742111199825,0.5692578888001713,4.200000000000001,2,29.44,40.0,False,neutral,3.91,8.0,0.8076322482710117,2.543115248435975,16|96
118,0.65,0.65,7.270543131329473,0.5294568686705242,4.2,2,28.255000000000006,40.0,False,coastal,3.71,8.0,0.9377383855358447,3.3314958327168176,32|96
119,0.65,0.6500000000000001,7.271268253242611,0.5287317467573877,4.199999999999998,2,36.550000000000004,40.0,False,coastal,3.75,9.0,0.8995419316114694,3.3915460803805892,58|73
120,0.65,0.6500000000000001,7.332319893014473,0.4676801069855256,4.1999999999999975,2,28.255000000000006,40.0,False,neutral,3.71,8.0,0.7421030884669129,2.032477654309919,32|96
121,0.65,0.6500000000000001,7.438334988244261,0.3616650117557383,4.1999999999999975,2,28.255000000000006,40.0,False,inland,3.71,8.0,0.5966839346787582,1.9322727233460177,32|96
122,0.65,0.6500000000000001,7.359137073041217,0.4408629269587823,4.199999999999997,2,29.44,40.0,False,neutral,3.91,8.0,0.7460133263605108,2.5223364939574884,16|96
123,0.65,0.6500000000000002,7.357950065090053,0.44204993490994554,4.1999999999999975,2,35.365,40.0,False,inland,4.77,11.0,0.5922777440100385,1.7519850942780735,58|96
124,0.65,0.6500000000000002,7.421890466986509,0.37810953301348954,4.1999999999999975,2,30.625000000000004,40.0,False,neutral,3.24,7.0,0.7183779466848891,2.566414820451054,16|73
125,0.65,0.6499999999999999,7.375362068382456,0.42463793161754176,4.199999999999999,2,28.255000000000006,40.0,False,inland,3.71,8.0,0.6172767774468093,2.388186508603424,32|96
126,0.65,0.6500000000000001,7.259035597483738,0.5409644025162611,4.1999999999999975,2,36.550000000000004,40.0,False,inland,3.75,9.0,0.598887900815613,2.389954269652006,58|73
127,0.65,0.6500000000000001,7.374297285274494,0.42570271472550486,4.1999999999999975,2,29.440000000000005,40.0,False,inland,3.37,7.0,0.5931815759597043,1.9217063421846676,32|73
128,0.7,0.6999999999999998,7.976276483010174,0.4237235169898225,3.6000000000000005,2,33.785000000000004,40.0,False,inland,3.86,9.0,0.6238846526458638,2.4447732588346542,73|96
129,0.7,0.7,7.877589866524342,0.5224101334756542,3.600000000000001,2,31.020000000000003,40.0,False,coastal,3.64,8.0,0.9151585909727856,3.40028796773092,32|58
130,0.7,0.6999999999999998,8.051891502847381,0.34810849715261555,3.6000000000000005,2,29.44,40.0,False,inland,3.91,8.0,0.6274167381739914,2.989171159412212,16|96
131,0.7,0.6999999999999998,7.814249880483909,0.5857501195160885,3.5999999999999988,2,31.020000000000003,40.0,False,inland,3.64,8.0,0.6202907807719853,2.2095578621514984,32|58
132,0.7,0.7000000000000002,7.965834813604612,0.43416518639538565,3.5999999999999974,2,28.255000000000006,40.0,False,inland,3.71,8.0,0.6233916381398734,1.8046733483678146,32|96
133,0.7,0.7,8.09512809085041,0.30487190914958645,3.599999999999999,2,28.255000000000006,40.0,False,inland,3.71,8.0,0.6294067287964503,2.4143759158268856,32|96
134,0.7,0.6999999999999998,8.026327984586228,0.3736720154137681,3.5999999999999996,2,29.44,40.0,False,coastal,3.91,8.0,0.9006543019913164,3.058417242552807,16|96
135,0.7,0.7,8.074603332948692,0.32539666705130377,3.6,2,30.625000000000004,40.0,False,coastal,3.24,7.0,0.8847764369882749,3.274887882978408,16|73
136,0.7,0.7000000000000001,7.87860211300843,0.5213978869915671,3.5999999999999996,2,29.44,40.0,False,neutral,3.91,8.0,0.739585271705051,2.265389339658205,16|96
137,0.7,0.7,8.092944332174424,0.3070556678255741,3.5999999999999983,2,31.020000000000003,40.0,False,coastal,3.64,8.0,0.8804937047952084,3.300055632447111,32|58
138,0.7,0.7000000000000001,7.86854486173713,0.5314551382628684,3.599999999999998,2,33.785000000000004,40.0,False,coastal,3.86,9.0,0.9143312966258265,3.3288739412910013,73|96
139,0.7,0.6999999999999998,8.01383884697917,0.3861611530208271,3.599999999999999,2,28.255000000000006,40.0,False,inland,3.71,8.0,0.6308467869284735,2.1987002696741116,32|96
140,0.7,0.6999999999999998,7.819321380217988,0.5806786197820055,3.6000000000000023,2,36.550000000000004,40.0,False,coastal,3.75,9.0,0.9133215115857534,3.5665768963532694,58|73
141,0.7,0.6999999999999998,7.877410939447178,0.5225890605528176,3.6000000000000005,3,36.945,60.0,False,neutral,2.72,7.0,0.8183582623078073,3.9045545686630616,16|32|73
142,0.7,0.7,7.894101688148773,0.505898311851223,3.6000000000000014,2,31.020000000000003,40.0,False,neutral,3.64,8.0,0.7427567714083655,2.26861103760637,32|58
143,0.7,0.6999999999999998,7.920524296846405,0.47947570315359206,3.6000000000000005,3,35.760000000000005,60.0,False,inland,2.92,7.0,0.6212371949677038,2.6824558033028474,16|32|96
144,0.75,0.7500000000000001,8.682881030906788,0.31711896909320936,2.999999999999998,2,28.255000000000006,40.0,False,coastal,3.71,8.0,0.9133591659841978,4.13755100166347,32|96
145,0.75,0.7499999999999999,8.572074060874431,0.42792593912556526,3.0,1,23.120000000000005,20.0,False,neutral,4.28,9.0,0.796018069168866,3.3245816786267866,73
146,0.75,0.7499999999999999,8.50788003759021,0.49211996240978567,2.9999999999999996,2,32.205,40.0,False,neutral,3.92,8.0,0.8118693643452374,3.156493743754728,16|58
147,0.75,0.7499999999999998,8.629030000212161,0.3709699997878346,3.0,1,23.120000000000005,20.0,False,inland,4.28,9.0,0.6523363576292771,2.699973722397341,73
148,0.75,0.7499999999999999,8.557846442099557,0.44215355790043914,3.0,1,24.700000000000003,20.0,False,neutral,5.2,11.0,0.7214088823514933,2.483274130155781,58
149,0.75,0.7499999999999999,8.55292870676538,0.447071293234617,3.0,2,28.255000000000006,40.0,False,coastal,3.71,8.0,0.9171302336277052,3.588044044760911,32|96
150,0.75,0.7500000000000001,8.41314346170882,0.5868565382911765,3.0,2,29.440000000000005,40.0,False,inland,3.37,7.0,0.6434150904885841,2.118413238859893,32|73
151,0.75,0.7499999999999999,8.422181607400466,0.5778183925995297,3.0,1,24.700000000000003,20.0,False,coastal,5.2,11.0,0.910022637772832,3.625551910013251,58
152,0.75,0.7499999999999999,8.582267528248527,0.4177324717514687,3.0,1,24.700000000000003,20.0,False,neutral,5.2,11.0,0.7434863041892614,3.4301964104379885,58
153,0.75,0.7499999999999999,8.537454253696787,0.4625457463032094,3.0,2,30.625000000000004,40.0,False,inland,3.24,7.0,0.648607194738294,2.3870407607860296,16|73
154,0.75,0.75,8.592826198518619,0.4071738014813781,3.0,1,23.120000000000005,20.0,False,neutral,4.28,9.0,0.7979619683023189,3.4665376407789967,73
155,0.75,0.7499999999999998,8.608533801972127,0.39146619802786803,3.0000000000000018,2,33.785000000000004,40.0,False,neutral,3.86,9.0,0.7364873997566411,2.948913489141242,73|96
156,0.75,0.7499999999999999,8.496074715593396,0.5039252844065994,3.0,2,29.44,40.0,False,inland,3.91,8.0,0.6468957606394509,2.702842144748953,16|96
157,0.75,0.7499999999999999,8.423881232163819,0.5761187678361767,3.0000000000000018,2,29.44,40.0,False,neutral,3.91,8.0,0.744109248798372,2.4954142648426187,16|96
158,0.75,0.7499999999999999,8.481934907951375,0.5180650920486216,3.0,2,25.095000000000006,40.0,False,inland,4.41,10.0,0.6496632272015183,3.0895109549934086,16|32
159,0.75,0.7499999999999999,8.594048579924412,0.4059514200755859,2.9999999999999982,1,23.120000000000005,20.0,False,coastal,4.28,9.0,0.8800500686864619,3.5045218630767367,73
160,0.8,0.8,9.246564504697009,0.3534354953029896,2.3999999999999986,1,23.120000000000005,20.0,False,inland,4.28,9.0,0.6755551752787665,2.9163726810200052,73
161,0.8,0.8000000000000002,9.299943481079803,0.3000565189201973,2.399999999999997,2,29.44,40.0,False,neutral,3.91,8.0,0.7769444633261082,3.6226359416570793,16|96
162,0.8,0.8000000000000002,9.158754805226256,0.4412451947737433,2.399999999999997,1,21.935000000000006,20.0,False,coastal,5.71,12.0,0.9141389923031038,3.9799221445018724,96
163,0.8,0.8,9.193334918141137,0.40666508185886047,2.3999999999999986,2,25.095000000000006,40.0,False,neutral,4.41,10.0,0.7740126457460953,3.606106631622902,16|32
164,0.8,0.8000000000000002,9.239267983252837,0.36073201674716004,2.399999999999998,2,32.205,40.0,False,neutral,3.92,8.0,0.803257154373344,3.633849534432108,16|58
165,0.8,0.7999999999999999,9.017573587813281,0.5824264121867169,2.3999999999999986,2,32.205,40.0,False,inland,3.92,8.0,0.6673162718567306,2.7565065336668924,16|58
166,0.8,0.8,9.254639743612543,0.3453602563874544,2.3999999999999986,2,32.205,40.0,False,neutral,3.92,8.0,0.7379449397413166,3.1830167984367748,16|58
167,0.8,0.8,9.146860434244562,0.4531395657554352,2.3999999999999986,1,21.935000000000006,20.0,False,coastal,5.71,12.0,0.9082667557877008,3.9292476971263723,96
168,0.8,0.8000000000000002,9.270577483953295,0.3294225160467024,2.3999999999999986,2,28.255000000000006,40.0,False,neutral,3.71,8.0,0.8350226937624672,3.9264578161051285,32|96
169,0.8,0.8,9.101138777121442,0.49886122287855567,2.3999999999999986,2,31.020000000000003,40.0,False,coastal,3.64,8.0,0.9057555058559589,3.796616228493868,32|58
170,0.8,0.8,9.283142286338146,0.3168577136618524,2.3999999999999986,1,21.935000000000006,20.0,False,coastal,5.71,12.0,0.9049211682745119,4.052597365771469,96
171,0.8,0.8000000000000004,9.019751184909344,0.5802488150906551,2.399999999999997,1,23.120000000000005,20.0,False,inland,4.28,9.0,0.6673965901610229,2.8123837193975483,73
172,0.8,0.7999999999999999,9.228410742595925,0.37158925740407206,2.4000000000000004,1,24.700000000000003,20.0,False,neutral,5.2,11.0,0.7478332543277736,3.4762316194023937,58
173,0.8,0.8,9.257502895126375,0.3424971048736223,2.3999999999999986,1,23.120000000000005,20.0,False,inland,4.28,9.0,0.675938529646115,3.260543614873709,73
174,0.8,0.8000000000000002,9.168528612790618,0.4314713872093819,2.399999999999997,2,28.255000000000006,40.0,False,neutral,3.71,8.0,0.7264977481954799,2.5337254367678073,32|96
175,0.8,0.7999999999999998,9.223137508037286,0.37686249196270954,2.4000000000000004,1,21.935000000000006,20.0,False,coastal,5.71,12.0,0.9129537543438261,4.218554974512035,96
176,0.85,0.8500000000000002,9.760263038274648,0.4397369617253524,1.7999999999999972,1,18.775000000000002,20.0,False,neutral,5.9,11.0,0.8123593591652226,4.297278063225443,16
177,0.85,0.8500000000000001,9.60241457864459,0.5975854213554075,1.799999999999999,1,18.775000000000002,20.0,False,coastal,5.9,11.0,0.9202642029202758,4.148608604567049,16
178,0.85,0.8500000000000002,9.897967790971315,0.302032209028683,1.799999999999999,1,23.120000000000005,20.0,False,coastal,4.28,9.0,0.8959736677260987,4.268356678879131,73
179,0.85,0.8500000000000001,9.722146702099119,0.4778532979008791,1.799999999999999,1,23.120000000000005,20.0,False,neutral,4.28,9.0,0.7757298190468324,3.494219681664026,73
180,0.85,0.8499999999999998,9.669252829359587,0.5307471706404076,1.8000000000000007,2,31.020000000000003,40.0,False,coastal,3.64,8.0,0.8739421008748826,3.7323166172388595,32|58
181,0.85,0.8500000000000001,9.734355082775913,0.4656449172240851,1.799999999999999,1,24.700000000000003,20.0,False,inland,5.2,11.0,0.691813173601173,2.899315906456808,58
182,0.85,0.8500000000000001,9.708814921361377,0.49118507863862093,1.7999999999999992,2,31.020000000000003,40.0,False,inland,3.64,8.0,0.6910024524827034,2.974267341140707,32|58
183,0.85,0.8500000000000001,9.761026670139096,0.4389733298609027,1.799999999999999,1,18.775000000000002,20.0,False,inland,5.9,11.0,0.6926552809063014,3.51732548141121,16
184,0.85,0.8500000000000002,9.80638767549633,0.393612324503669,1.7999999999999972,1,21.935000000000006,20.0,False,inland,5.71,12.0,0.6940769527706683,3.5179142039320137,96
185,0.85,0.8500000000000003,9.856938226489047,0.34306177351095196,1.7999999999999972,1,24.700000000000003,20.0,False,coastal,5.2,11.0,0.8755558963031325,4.073314300757544,58
186,0.85,0.8500000000000001,9.707404060343029,0.49259593965696874,1.7999999999999992,2,31.020000000000003,40.0,False,inland,3.64,8.0,0.690957543195746,2.590050522375147,32|58
187,0.85,0.85,9.756676436271235,0.44332356372876186,1.799999999999999,1,21.935000000000006,20.0,False,inland,5.71,12.0,0.692518244343201,2.7442835603649955,96
188,0.85,0.8499999999999999,9.746543758221547,0.45345624177844845,1.8000000000000007,1,24.700000000000003,20.0,False,coastal,5.2,11.0,0.9319247777283349,3.8733301530511666,58
189,0.85,0.8500000000000002,9.805165568271104,0.39483443172889565,1.7999999999999972,2,28.255000000000006,40.0,False,inland,3.71,8.0,0.6940388227907328,2.7994712722371236,32|96
190,0.85,0.8500000000000003,9.865229253365873,0.33477074663412576,1.7999999999999972,1,23.120000000000005,20.0,False,coastal,4.28,9.0,0.8776751316719424,4.026665588250946,73
191,0.85,0.8500000000000002,9.83730759088617,0.3626924091138289,1.799999999999999,1,18.775000000000002,20.0,False,neutral,5.9,11.0,0.7019560243563433,3.085095337305082,16
192,0.9,0.8999999999999999,10.42646513451681,0.37353486548318665,1.1999999999999993,1,17.590000000000007,20.0,False,coastal,5.93,12.0,0.8915933727209705,4.520469272730469,32
193,0.9,0.8999999999999999,10.47917767938239,0.3208223206176047,1.200000000000001,1,24.700000000000003,20.0,False,neutral,5.2,11.0,0.8087016902425436,3.8042029127377317,58
194,0.9,0.9,10.444430703800734,0.355569296199264,1.1999999999999993,1,18.775000000000002,20.0,False,inland,5.9,11.0,0.7127655795630585,4.100187790513964,16
195,0.9,0.9,10.480908963680774,0.31909103631922264,1.1999999999999993,1,21.935000000000006,20.0,False,inland,5.71,12.0,0.7137652840611609,2.6638794184209074,96
196,0.9,0.9000000000000001,10.293835433078984,0.5061645669210147,1.1999999999999975,1,18.775000000000002,20.0,False,coastal,5.9,11.0,0.8889254604338865,4.455711029123126,16
197,0.9,0.9,10.31952555812315,0.4804744418768486,1.1999999999999975,1,18.775000000000002,20.0,False,neutral,5.9,11.0,0.7459137506839685,3.5927546174763734,16
198,0.9,0.8999999999999996,10.455973382142798,0.34402661785719857,1.200000000000001,1,17.590000000000007,20.0,False,neutral,5.93,12.0,0.7907010611691153,4.193728046360169,32
199,0.9,0.9,10.484054032942932,0.31594596705706657,1.1999999999999975,1,17.590000000000007,20.0,False,coastal,5.93,12.0,0.8863941406783017,4.2769278202615615,32
200,0.9,0.9,10.365062942962062,0.43493705703793495,1.1999999999999993,1,17.590000000000007,20.0,False,inland,5.93,12.0,0.7105661570500141,3.129675375149958,32
201,0.9,0.9000000000000001,10.34616208736203,0.4538379126379694,1.1999999999999975,1,24.700000000000003,20.0,False,coastal,5.2,11.0,0.875672740726461,4.583785507646285,58
202,0.9,0.8999999999999998,10.387483758778114,0.4125162412218819,1.200000000000001,1,17.590000000000007,20.0,False,neutral,5.93,12.0,0.7563067897078991,3.448059986760626,32
203,0.9,0.9,10.451357997582734,0.3486420024172629,1.1999999999999993,1,23.120000000000005,20.0,False,inland,4.28,9.0,0.712955962211431,3.683071007404405,73
204,0.9,0.8999999999999998,10.4060473544516,0.39395264554839565,1.200000000000001,1,21.935000000000006,20.0,False,coastal,5.71,12.0,0.9141565948508136,4.623749111774172,96
205,0.9,0.8999999999999998,10.34456746224691,0.4554325377530838,1.2000000000000028,1,24.700000000000003,20.0,False,neutral,5.2,11.0,0.7663559042594952,3.989517674667514,58
206,0.9,0.9,10.472835682129633,0.3271643178703641,1.1999999999999993,1,18.775000000000002,20.0,False,coastal,5.9,11.0,0.914538762938429,4.662099017353659,16
207,0.9,0.8999999999999995,10.399251142535254,0.40074885746473976,1.2000000000000028,1,23.120000000000005,20.0,False,neutral,4.28,9.0,0.775682966889258,4.0683755476032175,73
208,0.95,0.9500000000000002,11.070850338634498,0.3291496613654984,0.5999999999999996,1,21.935000000000006,20.0,False,coastal,5.71,12.0,0.880486421206307,4.486702116414325,96
209,0.95,0.9500000000000002,11.04425632587983,0.3557436741201688,0.5999999999999979,1,18.775000000000002,20.0,False,coastal,5.9,11.0,0.884918777113121,4.664196441081959,16
210,0.95,0.9499999999999998,10.9715674321706,0.4284325678293947,0.6000000000000014,1,18.775000000000002,20.0,False,coastal,5.9,11.0,0.9202573537618102,4.724154719240566,16
211,0.95,0.9500000000000002,10.832672627887346,0.5673273721126522,0.5999999999999979,1,17.590000000000007,20.0,True,coastal,5.93,12.0,0.9060515213647848,4.602471406255257,32
212,0.95,0.9500000000000002,10.934217709793622,0.46578229020637557,0.5999999999999996,1,18.775000000000002,20.0,False,inland,5.9,11.0,0.7256319492053883,3.869677191615395,16
213,0.95,0.9500000000000002,10.824890303833014,0.5751096961669846,0.5999999999999979,1,21.935000000000006,20.0,False,coastal,5.71,12.0,0.9006578999358025,4.631516070991346,96
214,0.95,0.9500000000000001,10.941252044549584,0.4587479554504135,0.5999999999999996,1,21.935000000000006,20.0,False,neutral,5.71,12.0,0.7629560763746394,3.1377799409788603,96
215,0.95,0.9500000000000002,10.886055592886418,0.5139444071135807,0.5999999999999979,1,17.590000000000007,20.0,False,neutral,5.93,12.0,0.7588017283610584,3.7795184968598288,32
216,0.95,0.9500000000000001,10.978205054749868,0.42179494525012895,0.5999999999999996,1,18.775000000000002,20.0,False,inland,5.9,11.0,0.7267312839358917,3.5706664815305467,16
217,0.95,0.9499999999999998,10.902602866001988,0.49739713399800767,0.6000000000000014,1,18.775000000000002,20.0,False,coastal,5.9,11.0,0.9031958065307303,4.480664779836304,16
218,0.95,0.9500000000000001,10.870929672718143,0.5290703272818537,0.5999999999999996,1,18.775000000000002,20.0,False,coastal,5.9,11.0,0.8879206578463517,4.528414571675302,16
219,0.95,0.9499999999999998,10.949331658547937,0.4506683414520586,0.6000000000000014,1,21.935000000000006,20.0,False,inland,5.71,12.0,0.726010674116538,3.2099019679320455,96
220,0.95,0.9500000000000002,10.931255073292355,0.4687449267076416,0.5999999999999996,1,23.120000000000005,20.0,False,neutral,4.28,9.0,0.7733830352244604,4.295237129220102,73
221,0.95,0.9499999999999998,11.061814933610306,0.3381850663896914,0.5999999999999996,1,21.935000000000006,20.0,False,coastal,5.71,12.0,0.8858880885371361,4.716494713630391,96
222,0.95,0.9500000000000001,10.98165812853797,0.4183418714620251,0.5999999999999996,1,23.120000000000005,20.0,False,inland,4.28,9.0,0.7268172105809855,4.217642821825706,73
223,0.95,0.9500000000000001,10.979515943054983,0.4204840569450148,0.5999999999999996,1,21.935000000000006,20.0,False,inland,5.71,12.0,0.7267639105804451,3.6397753206987793,96
224,1.0,0.9999999999999999,11.694897156495367,0.30510284350463024,0.0,0,11.270000000000001,0.0,False,coastal,,,0.8721752627242986,4.8,
225,1.0,1.0,11.405205016793637,0.5947949832063605,0.0,0,11.270000000000001,0.0,False,coastal,,,0.8805937003624962,4.6433516891312125,
226,1.0,0.9999999999999999,11.586087169070185,0.4139128309298124,0.0,0,11.270000000000001,0.0,False,coastal,,,0.8803662402290192,4.8,
227,1.0,1.0,11.522836098610306,0.47716390138969067,0.0,0,11.270000000000001,0.0,False,inland,,,0.7396474293024258,4.275708828166881,
228,1.0,1.0,11.602244735852992,0.3977552641470049,0.0,0,11.270000000000001,0.0,False,neutral,,,0.7638438781845427,3.5247066113346017,
229,1.0,1.0,11.649595879737484,0.3504041202625115,0.0,0,11.270000000000001,0.0,False,neutral,,,0.763247848393584,4.677955272616926,
230,1.0,1.0,11.489756830920813,0.5102431690791813,0.0,0,11.270000000000001,0.0,False,coastal,,,0.8747251251810064,4.791283435744937,
231,1.0,1.0,11.698906200733813,0.3010937992661844,0.0,0,11.270000000000001,0.0,False,inland,,,0.7435657702929677,4.346457644593481,
232,1.0,1.0,11.429862979032103,0.5701370209678933,0.0,0,11.270000000000001,0.0,False,inland,,,0.7375296619475272,3.6648679510804705,
233,1.0,0.9999999999999999,11.661091209919677,0.33890879008031877,0.0,0,11.270000000000001,0.0,False,neutral,,,0.7631523270162908,4.410134128464043,
234,1.0,0.9999999999999999,11.55987911579137,0.44012088420862405,0.0,0,11.270000000000001,0.0,False,coastal,,,0.8823621681360224,4.8,
235,1.0,1.0000000000000002,11.63660185857823,0.36339814142176735,0.0,0,11.270000000000001,0.0,False,neutral,,,0.7451142858699796,3.6659176198329866,
236,1.0,0.9999999999999997,11.497479719389096,0.5025202806108969,0.0,0,11.270000000000001,0.0,False,coastal,,,0.8670058777740202,4.754282830828052,
237,1.0,1.0,11.667622729140064,0.332377270859933,0.0,0,11.270000000000001,0.0,False,coastal,,,0.8742140740054395,4.8,
238,1.0,1.0,11.699628807784725,0.3003711922152712,0.0,0,11.270000000000001,0.0,False,inland,,,0.7435816085033524,3.84852730432623,
239,1.0,0.9999999999999999,11.426350174720184,0.5736498252798109,0.0,0,11.270000000000001,0.0,False,neutral,,,0.7686140375686308,4.02158327966736,
