line,from_bus,to_bus,from_name,to_name,class,K_pu,length_hops
0,0,1,b00,b01,spur,2.5,1
1,0,10,b00,WF-Donegal,spur,2.5,1
2,1,2,b01,b02,main,4.0,1
3,1,11,b01,b11,main,4.0,1
4,2,3,b02,b03,main,4.0,1
5,2,12,b02,b12,main,4.0,1
6,3,4,b03,WF-Sperrin,main,4.0,1
7,3,13,b03,b13,main,4.0,1
8,4,5,WF-Sperrin,b05,main,4.0,1
9,4,14,WF-Sperrin,b14,main,4.0,1
10,5,6,b05,b06,main,4.0,1
11,5,15,b05,b15,main,4.0,1
12,6,7,b06,b07,main,4.0,1
13,6,16,b06,SY-North,main,4.0,1
14,7,8,b07,b08,main,4.0,1
15,8,9,b08,Belfast,main,4.0,1
16,8,18,b08,b18,main,4.0,1
17,9,16,Belfast,SY-North,backbone,8.0,4
18,9,19,Belfast,b19,main,4.0,1
19,10,11,WF-Donegal,b11,spur,2.5,1
20,11,12,b11,b12,main,4.0,1
21,11,21,b11,b21,main,4.0,1
22,12,22,b12,WF-Sligo,main,4.0,1
23,13,14,b13,b14,main,4.0,1
24,13,23,b13,b23,main,4.0,1
25,14,15,b14,b15,main,4.0,1
26,14,24,b14,b24,main,4.0,1
27,15,16,b15,SY-North,main,4.0,1
28,15,25,b15,b25,main,4.0,1
29,16,17,SY-North,b17,main,4.0,1
30,16,26,SY-North,b26,main,4.0,1
31,17,18,b17,b18,main,4.0,1
32,17,27,b17,b27,main,4.0,1
33,18,19,b18,b19,main,4.0,1
34,18,28,b18,b28,main,4.0,1
35,19,29,b19,b29,main,4.0,1
36,20,21,WF-Mayo,b21,spur,2.5,1
37,21,22,b21,WF-Sligo,main,4.0,1
38,21,31,b21,b31,main,4.0,1
39,22,23,WF-Sligo,b23,main,4.0,1
40,22,32,WF-Sligo,SY-Midlands,main,4.0,1
41,23,24,b23,b24,main,4.0,1
42,24,25,b24,b25,main,4.0,1
43,24,34,b24,b34,main,4.0,1
44,25,35,b25,b35,main,4.0,1
45,26,27,b26,b27,main,4.0,1
46,26,36,b26,b36,main,4.0,1
47,27,28,b27,b28,main,4.0,1
48,27,37,b27,b37,main,4.0,1
49,28,29,b28,b29,main,4.0,1
50,28,38,b28,b38,main,4.0,1
51,29,39,b29,Dublin,main,4.0,1
52,30,31,WF-Connemara,b31,spur,2.5,1
53,31,32,b31,SY-Midlands,main,4.0,1
54,31,41,b31,b41,main,4.0,1
55,32,33,SY-Midlands,b33,main,4.0,1
56,32,42,SY-Midlands,b42,main,4.0,1
57,33,34,b33,b34,main,4.0,1
58,33,43,b33,b43,main,4.0,1
59,34,44,b34,b44,main,4.0,1
60,35,36,b35,b36,main,4.0,1
61,35,45,b35,b45,main,4.0,1
62,36,37,b36,b37,main,4.0,1
63,36,46,b36,b46,main,4.0,1
64,37,38,b37,b38,main,4.0,1
65,37,47,b37,b47,main,4.0,1
66,38,39,b38,Dublin,main,4.0,1
67,38,48,b38,b48,main,4.0,1
68,39,49,Dublin,HVDC-East,main,4.0,1
69,39,56,Dublin,b56,backbone,8.0,5
70,40,41,WF-Clare,b41,spur,2.5,1
71,41,42,b41,b42,main,4.0,1
72,41,51,b41,b51,main,4.0,1
73,42,43,b42,b43,main,4.0,1
74,42,52,b42,b52,main,4.0,1
75,43,44,b43,b44,main,4.0,1
76,43,53,b43,b53,main,4.0,1
77,44,45,b44,b45,main,4.0,1
78,45,46,b45,b46,main,4.0,1
79,46,47,b46,b47,main,4.0,1
80,47,48,b47,b48,main,4.0,1
81,47,57,b47,b57,main,4.0,1
82,48,49,b48,HVDC-East,main,4.0,1
83,48,58,b48,SY-East,main,4.0,1
84,49,59,HVDC-East,b59,main,4.0,1
85,50,51,WF-Kerry,b51,spur,2.5,1
86,50,60,WF-Kerry,WF-CorkWest,spur,2.5,1
87,51,52,b51,b52,main,4.0,1
88,51,61,b51,b61,main,4.0,1
89,52,53,b52,b53,main,4.0,1
90,53,54,b53,b54,main,4.0,1
91,53,63,b53,b63,main,4.0,1
92,54,55,b54,b55,main,4.0,1
93,54,64,b54,b64,main,4.0,1
94,55,56,b55,b56,main,4.0,1
95,55,65,b55,b65,main,4.0,1
96,56,57,b56,b57,main,4.0,1
97,56,66,b56,b66,main,4.0,1
98,56,73,b56,SY-Shannon,backbone,8.0,5
99,57,58,b57,SY-East,main,4.0,1
100,57,67,b57,b67,main,4.0,1
101,58,59,SY-East,b59,main,4.0,1
102,58,68,SY-East,b68,main,4.0,1
103,59,69,b59,b69,main,4.0,1
104,60,61,WF-CorkWest,b61,spur,2.5,1
105,61,62,b61,WF-Shannon,main,4.0,1
106,61,71,b61,b71,main,4.0,1
107,61,73,b61,SY-Shannon,backbone,8.0,3
108,62,63,WF-Shannon,b63,main,4.0,1
109,62,72,WF-Shannon,b72,main,4.0,1
110,63,64,b63,b64,main,4.0,1
111,63,73,b63,SY-Shannon,main,4.0,1
112,64,65,b64,b65,main,4.0,1
113,65,66,b65,b66,main,4.0,1
114,65,75,b65,b75,main,4.0,1
115,66,67,b66,b67,main,4.0,1
116,66,76,b66,b76,main,4.0,1
117,67,77,b67,b77,main,4.0,1
118,67,96,b67,SY-Harbour,backbone,8.0,4
119,68,69,b68,b69,main,4.0,1
120,68,78,b68,b78,main,4.0,1
121,69,79,b69,b79,main,4.0,1
122,70,71,WF-Bantry,b71,spur,2.5,1
123,71,72,b71,b72,main,4.0,1
124,71,81,b71,b81,main,4.0,1
125,72,73,b72,SY-Shannon,main,4.0,1
126,72,82,b72,b82,main,4.0,1
127,73,74,SY-Shannon,b74,main,4.0,1
128,73,83,SY-Shannon,WF-Blackwater,main,4.0,1
129,74,75,b74,b75,main,4.0,1
130,74,84,b74,b84,main,4.0,1
131,75,85,b75,b85,main,4.0,1
132,76,77,b76,b77,main,4.0,1
133,76,86,b76,b86,main,4.0,1
134,77,78,b77,b78,main,4.0,1
135,77,87,b77,b87,main,4.0,1
136,78,79,b78,b79,main,4.0,1
137,78,88,b78,b88,main,4.0,1
138,79,89,b79,b89,main,4.0,1
139,80,81,WF-Mizen,b81,spur,2.5,1
140,80,90,WF-Mizen,b90,spur,2.5,1
141,81,91,b81,b91,main,4.0,1
142,82,83,b82,WF-Blackwater,main,4.0,1
143,82,92,b82,Limerick,main,4.0,1
144,83,84,WF-Blackwater,b84,main,4.0,1
145,83,93,WF-Blackwater,b93,main,4.0,1
146,84,85,b84,b85,main,4.0,1
147,84,94,b84,b94,main,4.0,1
148,85,86,b85,b86,main,4.0,1
149,85,95,b85,Cork,main,4.0,1
150,86,87,b86,b87,main,4.0,1
151,86,96,b86,SY-Harbour,main,4.0,1
152,87,88,b87,b88,main,4.0,1
153,87,97,b87,b97,main,4.0,1
154,88,89,b88,b89,main,4.0,1
155,88,98,b88,Waterford,main,4.0,1
156,89,99,b89,b99,main,4.0,1
157,90,91,b90,b91,spur,2.5,1
158,91,92,b91,Limerick,main,4.0,1
159,92,93,Limerick,b93,main,4.0,1
160,93,94,b93,b94,main,4.0,1
161,94,95,b94,Cork,main,4.0,1
162,95,96,Cork,SY-Harbour,main,4.0,1
163,96,97,SY-Harbour,b97,main,4.0,1
164,97,98,b97,Waterford,main,4.0,1
165,98,99,Waterford,b99,main,4.0,1
