bus,name,row,col,x,y,role,capacity_pu,demand_pu,H_s,S_pu,degree
0,b00,0,0,0,0,load,0.0,0.05454545454545455,0.2,0.5,2
1,b01,0,1,1,0,load,0.0,0.05454545454545455,0.2,0.5,3
2,b02,0,2,2,0,load,0.0,0.05454545454545455,0.2,0.5,3
3,b03,0,3,3,0,load,0.0,0.05454545454545455,0.2,0.5,3
4,WF-Sperrin,0,4,4,0,wind,0.75,0.0,0.1,0.75,3
5,b05,0,5,5,0,load,0.0,0.05454545454545455,0.2,0.5,3
6,b06,0,6,6,0,load,0.0,0.05454545454545455,0.2,0.5,3
7,b07,0,7,7,0,load,0.0,0.05454545454545455,0.2,0.5,2
8,b08,0,8,8,0,load,0.0,0.05454545454545455,0.2,0.5,3
9,Belfast,0,9,9,0,city,0.0,1.6,0.2,1.6,3
10,WF-Donegal,1,0,0,-1,wind,1.35,0.0,0.1,1.35,2
11,b11,1,1,1,-1,load,0.0,0.05454545454545455,0.2,0.5,4
12,b12,1,2,2,-1,load,0.0,0.05454545454545455,0.2,0.5,3
13,b13,1,3,3,-1,load,0.0,0.05454545454545455,0.2,0.5,3
14,b14,1,4,4,-1,load,0.0,0.05454545454545455,0.2,0.5,4
15,b15,1,5,5,-1,load,0.0,0.05454545454545455,0.2,0.5,4
16,SY-North,1,6,6,-1,sync,1.9,0.0,4.0,1.9,5
17,b17,1,7,7,-1,load,0.0,0.05454545454545455,0.2,0.5,3
18,b18,1,8,8,-1,load,0.0,0.05454545454545455,0.2,0.5,4
19,b19,1,9,9,-1,load,0.0,0.05454545454545455,0.2,0.5,3
20,WF-Mayo,2,0,0,-2,wind,1.2,0.0,0.1,1.2,1
21,b21,2,1,1,-2,load,0.0,0.05454545454545455,0.2,0.5,4
22,WF-Sligo,2,2,2,-2,wind,0.75,0.0,0.1,0.75,4
23,b23,2,3,3,-2,load,0.0,0.05454545454545455,0.2,0.5,3
24,b24,2,4,4,-2,load,0.0,0.05454545454545455,0.2,0.5,4
25,b25,2,5,5,-2,load,0.0,0.05454545454545455,0.2,0.5,3
26,b26,2,6,6,-2,load,0.0,0.05454545454545455,0.2,0.5,3
27,b27,2,7,7,-2,load,0.0,0.05454545454545455,0.2,0.5,4
28,b28,2,8,8,-2,load,0.0,0.05454545454545455,0.2,0.5,4
29,b29,2,9,9,-2,load,0.0,0.05454545454545455,0.2,0.5,3
30,WF-Connemara,3,0,0,-3,wind,1.2,0.0,0.1,1.2,1
31,b31,3,1,1,-3,load,0.0,0.05454545454545455,0.2,0.5,4
32,SY-Midlands,3,2,2,-3,sync,1.6,0.0,4.0,1.6,4
33,b33,3,3,3,-3,load,0.0,0.05454545454545455,0.2,0.5,3
34,b34,3,4,4,-3,load,0.0,0.05454545454545455,0.2,0.5,3
35,b35,3,5,5,-3,load,0.0,0.05454545454545455,0.2,0.5,3
36,b36,3,6,6,-3,load,0.0,0.05454545454545455,0.2,0.5,4
37,b37,3,7,7,-3,load,0.0,0.05454545454545455,0.2,0.5,4
38,b38,3,8,8,-3,load,0.0,0.05454545454545455,0.2,0.5,4
39,Dublin,3,9,9,-3,city,0.0,3.0,0.2,3.0,4
40,WF-Clare,4,0,0,-4,wind,1.2,0.0,0.1,1.2,1
41,b41,4,1,1,-4,load,0.0,0.05454545454545455,0.2,0.5,4
42,b42,4,2,2,-4,load,0.0,0.05454545454545455,0.2,0.5,4
43,b43,4,3,3,-4,load,0.0,0.05454545454545455,0.2,0.5,4
44,b44,4,4,4,-4,load,0.0,0.05454545454545455,0.2,0.5,3
45,b45,4,5,5,-4,load,0.0,0.05454545454545455,0.2,0.5,3
46,b46,4,6,6,-4,load,0.0,0.05454545454545455,0.2,0.5,3
47,b47,4,7,7,-4,load,0.0,0.05454545454545455,0.2,0.5,4
48,b48,4,8,8,-4,load,0.0,0.05454545454545455,0.2,0.5,4
49,HVDC-East,4,9,9,-4,hvdc,0.6,0.0,0.1,0.6,3
50,WF-Kerry,5,0,0,-5,wind,1.35,0.0,0.1,1.35,2
51,b51,5,1,1,-5,load,0.0,0.05454545454545455,0.2,0.5,4
52,b52,5,2,2,-5,load,0.0,0.05454545454545455,0.2,0.5,3
53,b53,5,3,3,-5,load,0.0,0.05454545454545455,0.2,0.5,4
54,b54,5,4,4,-5,load,0.0,0.05454545454545455,0.2,0.5,3
55,b55,5,5,5,-5,load,0.0,0.05454545454545455,0.2,0.5,3
56,b56,5,6,6,-5,load,0.0,0.05454545454545455,0.2,0.5,5
57,b57,5,7,7,-5,load,0.0,0.05454545454545455,0.2,0.5,4
58,SY-East,5,8,8,-5,sync,3.4,0.0,4.0,3.4,4
59,b59,5,9,9,-5,load,0.0,0.05454545454545455,0.2,0.5,3
60,WF-CorkWest,6,0,0,-6,wind,1.35,0.0,0.1,1.35,2
61,b61,6,1,1,-6,load,0.0,0.05454545454545455,0.2,0.5,5
62,WF-Shannon,6,2,2,-6,wind,0.75,0.0,0.1,0.75,3
63,b63,6,3,3,-6,load,0.0,0.05454545454545455,0.2,0.5,4
64,b64,6,4,4,-6,load,0.0,0.05454545454545455,0.2,0.5,3
65,b65,6,5,5,-6,load,0.0,0.05454545454545455,0.2,0.5,4
66,b66,6,6,6,-6,load,0.0,0.05454545454545455,0.2,0.5,4
67,b67,6,7,7,-6,load,0.0,0.05454545454545455,0.2,0.5,4
68,b68,6,8,8,-6,load,0.0,0.05454545454545455,0.2,0.5,3
69,b69,6,9,9,-6,load,0.0,0.05454545454545455,0.2,0.5,3
70,WF-Bantry,7,0,0,-7,wind,1.2,0.0,0.1,1.2,1
71,b71,7,1,1,-7,load,0.0,0.05454545454545455,0.2,0.5,4
72,b72,7,2,2,-7,load,0.0,0.05454545454545455,0.2,0.5,4
73,SY-Shannon,7,3,3,-7,sync,3.0,0.0,4.0,3.0,6
74,b74,7,4,4,-7,load,0.0,0.05454545454545455,0.2,0.5,3
75,b75,7,5,5,-7,load,0.0,0.05454545454545455,0.2,0.5,3
76,b76,7,6,6,-7,load,0.0,0.05454545454545455,0.2,0.5,3
77,b77,7,7,7,-7,load,0.0,0.05454545454545455,0.2,0.5,4
78,b78,7,8,8,-7,load,0.0,0.05454545454545455,0.2,0.5,4
79,b79,7,9,9,-7,load,0.0,0.05454545454545455,0.2,0.5,3
80,WF-Mizen,8,0,0,-8,wind,1.35,0.0,0.1,1.35,2
81,b81,8,1,1,-8,load,0.0,0.05454545454545455,0.2,0.5,3
82,b82,8,2,2,-8,load,0.0,0.05454545454545455,0.2,0.5,3
83,WF-Blackwater,8,3,3,-8,wind,0.75,0.0,0.1,0.75,4
84,b84,8,4,4,-8,load,0.0,0.05454545454545455,0.2,0.5,4
85,b85,8,5,5,-8,load,0.0,0.05454545454545455,0.2,0.5,4
86,b86,8,6,6,-8,load,0.0,0.05454545454545455,0.2,0.5,4
87,b87,8,7,7,-8,load,0.0,0.05454545454545455,0.2,0.5,4
88,b88,8,8,8,-8,load,0.0,0.05454545454545455,0.2,0.5,4
89,b89,8,9,9,-8,load,0.0,0.05454545454545455,0.2,0.5,3
90,b90,9,0,0,-9,load,0.0,0.05454545454545455,0.2,0.5,2
91,b91,9,1,1,-9,load,0.0,0.05454545454545455,0.2,0.5,3
92,Limerick,9,2,2,-9,city,0.0,1.0,0.2,1.0,3
93,b93,9,3,3,-9,load,0.0,0.05454545454545455,0.2,0.5,3
94,b94,9,4,4,-9,load,0.0,0.05454545454545455,0.2,0.5,3
95,Cork,9,5,5,-9,city,0.0,1.5,0.2,1.5,3
96,SY-Harbour,9,6,6,-9,sync,2.7,0.0,4.0,2.7,4
97,b97,9,7,7,-9,load,0.0,0.05454545454545455,0.2,0.5,3
98,Waterford,9,8,8,-9,city,0.0,0.7,0.2,0.7,3
99,b99,9,9,9,-9,load,0.0,0.05454545454545455,0.2,0.5,2
