event,name,kind,bus,bus_name,scaled,rule,cap_pu,dP_pu,frac,net_pu
0,front@north,wind_front,4,WF-Sperrin,True,,0.0,0.0,0.04736734913281444,0.0
0,front@north,wind_front,10,WF-Donegal,True,,0.0,0.0,0.35,0.0
0,front@north,wind_front,20,WF-Mayo,True,,0.0,0.0,0.10541797416927075,0.0
0,front@north,wind_front,22,WF-Sligo,True,,0.0,0.0,0.10541797416927075,0.0
0,front@north,wind_front,30,WF-Connemara,True,,0.0,0.0,0.07066378129812938,0.0
0,front@north,wind_front,40,WF-Clare,True,,0.0,0.0,0.04736734913281444,0.0
0,front@north,wind_front,50,WF-Kerry,True,,0.0,0.0,0.03175128365129438,0.0
0,front@north,wind_front,60,WF-CorkWest,True,,0.0,0.0,0.02128352191882629,0.0
0,front@north,wind_front,62,WF-Shannon,True,,0.0,0.0,0.02128352191882629,0.0
0,front@north,wind_front,70,WF-Bantry,True,,0.0,0.0,0.014266771392428173,0.0
0,front@north,wind_front,80,WF-Mizen,True,,0.0,0.0,0.009563302856552394,0.0
0,front@north,wind_front,83,WF-Blackwater,True,,0.0,0.0,0.014266771392428173,0.0
1,front@mid,wind_front,4,WF-Sperrin,True,,0.0,0.0,0.014266771392428173,0.0
1,front@mid,wind_front,10,WF-Donegal,True,,0.0,0.0,0.04736734913281444,0.0
1,front@mid,wind_front,20,WF-Mayo,True,,0.0,0.0,0.07066378129812938,0.0
1,front@mid,wind_front,22,WF-Sligo,True,,0.0,0.0,0.07066378129812938,0.0
1,front@mid,wind_front,30,WF-Connemara,True,,0.0,0.0,0.10541797416927075,0.0
1,front@mid,wind_front,40,WF-Clare,True,,0.0,0.0,0.35,0.0
1,front@mid,wind_front,50,WF-Kerry,True,,0.0,0.0,0.10541797416927075,0.0
1,front@mid,wind_front,60,WF-CorkWest,True,,0.0,0.0,0.07066378129812938,0.0
1,front@mid,wind_front,62,WF-Shannon,True,,0.0,0.0,0.07066378129812938,0.0
1,front@mid,wind_front,70,WF-Bantry,True,,0.0,0.0,0.04736734913281444,0.0
1,front@mid,wind_front,80,WF-Mizen,True,,0.0,0.0,0.03175128365129438,0.0
1,front@mid,wind_front,83,WF-Blackwater,True,,0.0,0.0,0.04736734913281444,0.0
2,front@south,wind_front,4,WF-Sperrin,True,,0.0,0.0,0.004297068966073952,0.0
2,front@south,wind_front,10,WF-Donegal,True,,0.0,0.0,0.014266771392428173,0.0
2,front@south,wind_front,20,WF-Mayo,True,,0.0,0.0,0.02128352191882629,0.0
2,front@south,wind_front,22,WF-Sligo,True,,0.0,0.0,0.02128352191882629,0.0
2,front@south,wind_front,30,WF-Connemara,True,,0.0,0.0,0.03175128365129438,0.0
2,front@south,wind_front,40,WF-Clare,True,,0.0,0.0,0.04736734913281444,0.0
2,front@south,wind_front,50,WF-Kerry,True,,0.0,0.0,0.07066378129812938,0.0
2,front@south,wind_front,60,WF-CorkWest,True,,0.0,0.0,0.10541797416927075,0.0
2,front@south,wind_front,62,WF-Shannon,True,,0.0,0.0,0.10541797416927075,0.0
2,front@south,wind_front,70,WF-Bantry,True,,0.0,0.0,0.35,0.0
2,front@south,wind_front,80,WF-Mizen,True,,0.0,0.0,0.10541797416927075,0.0
2,front@south,wind_front,83,WF-Blackwater,True,,0.0,0.0,0.07066378129812938,0.0
3,front@seaboard,wind_front,10,WF-Donegal,True,,0.0,0.0,0.2,0.0
3,front@seaboard,wind_front,20,WF-Mayo,True,,0.0,0.0,0.2,0.0
3,front@seaboard,wind_front,30,WF-Connemara,True,,0.0,0.0,0.2,0.0
3,front@seaboard,wind_front,40,WF-Clare,True,,0.0,0.0,0.2,0.0
3,front@seaboard,wind_front,50,WF-Kerry,True,,0.0,0.0,0.2,0.0
3,front@seaboard,wind_front,60,WF-CorkWest,True,,0.0,0.0,0.2,0.0
3,front@seaboard,wind_front,70,WF-Bantry,True,,0.0,0.0,0.2,0.0
3,front@seaboard,wind_front,80,WF-Mizen,True,,0.0,0.0,0.2,0.0
4,forecast@allwind,forecast_error,4,WF-Sperrin,True,,0.0,0.0,0.15,0.0
4,forecast@allwind,forecast_error,10,WF-Donegal,True,,0.0,0.0,0.15,0.0
4,forecast@allwind,forecast_error,20,WF-Mayo,True,,0.0,0.0,0.15,0.0
4,forecast@allwind,forecast_error,22,WF-Sligo,True,,0.0,0.0,0.15,0.0
4,forecast@allwind,forecast_error,30,WF-Connemara,True,,0.0,0.0,0.15,0.0
4,forecast@allwind,forecast_error,40,WF-Clare,True,,0.0,0.0,0.15,0.0
4,forecast@allwind,forecast_error,50,WF-Kerry,True,,0.0,0.0,0.15,0.0
4,forecast@allwind,forecast_error,60,WF-CorkWest,True,,0.0,0.0,0.15,0.0
4,forecast@allwind,forecast_error,62,WF-Shannon,True,,0.0,0.0,0.15,0.0
4,forecast@allwind,forecast_error,70,WF-Bantry,True,,0.0,0.0,0.15,0.0
4,forecast@allwind,forecast_error,80,WF-Mizen,True,,0.0,0.0,0.15,0.0
4,forecast@allwind,forecast_error,83,WF-Blackwater,True,,0.0,0.0,0.15,0.0
5,spike@seaboard,wind_spike,10,WF-Donegal,True,,0.0,0.0,-0.2,0.0
5,spike@seaboard,wind_spike,20,WF-Mayo,True,,0.0,0.0,-0.2,0.0
5,spike@seaboard,wind_spike,30,WF-Connemara,True,,0.0,0.0,-0.2,0.0
5,spike@seaboard,wind_spike,40,WF-Clare,True,,0.0,0.0,-0.2,0.0
5,spike@seaboard,wind_spike,50,WF-Kerry,True,,0.0,0.0,-0.2,0.0
5,spike@seaboard,wind_spike,60,WF-CorkWest,True,,0.0,0.0,-0.2,0.0
5,spike@seaboard,wind_spike,70,WF-Bantry,True,,0.0,0.0,-0.2,0.0
5,spike@seaboard,wind_spike,80,WF-Mizen,True,,0.0,0.0,-0.2,0.0
6,trip@hvdc,unit_trip,49,HVDC-East,True,,0.0,0.0,1.0,0.0
7,trip@largest_farm,unit_trip,4,WF-Sperrin,True,largest,0.0,0.0,0.0,0.0
7,trip@largest_farm,unit_trip,10,WF-Donegal,True,largest,0.0,0.0,0.0,0.0
7,trip@largest_farm,unit_trip,20,WF-Mayo,True,largest,0.0,0.0,0.0,0.0
7,trip@largest_farm,unit_trip,22,WF-Sligo,True,largest,0.0,0.0,0.0,0.0
7,trip@largest_farm,unit_trip,30,WF-Connemara,True,largest,0.0,0.0,0.0,0.0
7,trip@largest_farm,unit_trip,40,WF-Clare,True,largest,0.0,0.0,0.0,0.0
7,trip@largest_farm,unit_trip,50,WF-Kerry,True,largest,0.0,0.0,0.0,0.0
7,trip@largest_farm,unit_trip,60,WF-CorkWest,True,largest,0.0,0.0,0.0,0.0
7,trip@largest_farm,unit_trip,62,WF-Shannon,True,largest,0.0,0.0,0.0,0.0
7,trip@largest_farm,unit_trip,70,WF-Bantry,True,largest,0.0,0.0,0.0,0.0
7,trip@largest_farm,unit_trip,80,WF-Mizen,True,largest,0.0,0.0,0.0,0.0
7,trip@largest_farm,unit_trip,83,WF-Blackwater,True,largest,0.0,0.0,0.0,0.0
