basis,test_r2,test_band98,test_out
slowest 10 modes (Fiedler and after),0.9622278036381127,1.256124150023658,8
fastest 10 modes,0.962141607103436,1.247139281550643,6
random orthonormal,0.9586556568427901,1.2838871810793837,5
random orthonormal,0.9595327382192277,1.2967914291428595,5
random orthonormal,0.9445774547064324,1.3220573925792922,10
random orthonormal,0.9381457091810301,1.3330924530278403,12
random orthonormal,0.9414779947555996,1.3120035621000676,12
random orthonormal,0.9623083767878396,1.2377921652348736,5
random orthonormal,0.9618125704504187,1.2546139710174484,9
random orthonormal,0.959589411921566,1.2498636870700188,6
random orthonormal,0.9604407392311887,1.26767615765572,8
random orthonormal,0.9532656409901578,1.2543696447642283,6
random orthonormal,0.9574098877280605,1.2540386351167556,5
random orthonormal,0.9587843545353326,1.242365212832842,4
random orthonormal,0.9486785886483707,1.3224536942082605,9
random orthonormal,0.9516537469099171,1.3371180698195317,7
random orthonormal,0.9138277349961872,1.4080585957244403,17
