family,label,p,alpha,cv_r2,cv_band98,test_r2,test_rmse_pct,test_band98,test_worst,test_out
snsp,"SNSP alone, linear",1,0.1,0.794005616196883,1.7343879240724764,0.7657633385866136,15.13230443021245,1.7584465415310964,1.5064779415330187,31
snsp_quad,"SNSP alone, quadratic",2,0.1,0.8340870760845026,1.6842170588036613,0.8154869457650944,13.32213101867592,1.748053919604922,1.4930919066409356,22
swing_ratio,"log(hazard / inertia), coefficient forced to -1",1,0.1,0.9278109579756897,1.4139166611182459,0.922331634445032,8.452411053883345,1.3747777407525466,1.1953048605005876,17
swing,"log hazard and log inertia, coefficients free",2,0.1,0.9624665640551193,1.2897179832114651,0.9631734650622367,5.746313593112595,1.2546988066677238,1.1460289734794888,5
swing_plus,"  the same, plus reserve and distance to a machine",4,0.03,0.972322293206453,1.2228176228268297,0.973136100965234,4.887737533026182,1.183261031936083,1.1136733413831714,2
global_physics,"system inertia, wind on, reserve (no partition)",3,0.1,0.8341058351210994,1.7047091644316739,0.8170484026583299,13.262051344616555,1.7129730556725455,1.4164363245429672,25
global_all,every system-wide column (no partition),12,0.0,0.8973679064419894,1.5382701622034816,0.9167570437221831,8.763189135007021,1.3872970878528823,1.2304845284632915,20
cluster_snsp,SNSP per region,4,1.0,0.7980872268520047,1.7814877681974657,0.7942481020675252,14.118387370949502,1.7731411405498652,1.4569231408432197,28
stress_max,"worst region's imbalance / inertia, alone",1,1.0,0.5311689450111208,2.1051476736673926,0.520740573592063,22.331007030527704,2.034204671225749,1.446463178661155,47
cluster_stress,"imbalance / inertia per region, plus system inertia",5,3.0,0.8913420358312754,1.5404877801765913,0.8792556101597248,10.64651160371881,1.52505593688339,1.2756519495172733,22
cluster_all,"share, inertia, reserve, distance and stress per region",20,0.03,0.9481320731840294,1.3406883360923434,0.9541782163531102,6.430719519377548,1.3041374127705567,1.1603992457221974,10
hybrid,global physics + where the stress sits,11,0.0,0.9280278503486478,1.458221468183037,0.9276543177825183,8.145958865157699,1.3668624779081993,1.2075076753891132,14
modal,projection onto the 10 slowest network modes,31,0.1,0.9467010786716193,1.3647529895273998,0.9622278036381127,5.82171917580383,1.256124150023658,1.1306511652073135,8
