split,model,alpha,rho_disjoint,rho_same
0,snsp,30.0,0.8343737020032803,0.8281184013585137
0,global_all,10.0,0.8014448457904976,0.8611836621283692
0,cluster_all,3000.0,0.785662684078911,0.9009724923589888
0,modal,1000.0,0.79294248402334,0.8750208391219786
0,inertia only,3000.0,0.7848783982327974,0.8155187952279507
0,hazard + inertia,3.0,0.656071130869686,0.9668241178105033
1,snsp,0.0,0.7988546601152177,0.8827104882826791
1,global_all,300.0,0.8142817449291472,0.9067518755209782
1,cluster_all,1.0,0.8366768546818563,0.9353709363712144
1,modal,300.0,0.7971103084190054,0.9359822172825786
1,inertia only,100.0,0.7831431370715082,0.8342896774523286
1,hazard + inertia,3000.0,0.6760766879688804,0.9632120033342597
2,snsp,30.0,0.9398584225339586,0.7350481408824251
2,global_all,10.0,0.905084745762712,0.8280077799388721
2,cluster_all,3000.0,0.8880800222283969,0.7935537649347042
2,modal,3000.0,0.9515420950263964,0.7598777438177273
2,inertia only,300.0,0.9322138752761086,0.6730862452292093
2,hazard + inertia,0.0,0.7357043623228676,0.981328146707419
3,snsp,0.0,0.884153597888839,0.8085906170674741
3,global_all,3000.0,0.8628507918866354,0.8617393720477913
3,cluster_all,3000.0,0.9071964434565158,0.8217838288413449
3,modal,3000.0,0.8815782161711588,0.8337315921089193
3,inertia only,30.0,0.8826813171271093,0.7491382010838245
3,hazard + inertia,3000.0,0.6772992497916088,0.9848291191997778
4,snsp,300.0,0.7144747444788585,0.9599659305245916
4,global_all,100.0,0.7381494859683247,0.9715476521255908
4,cluster_all,1.0,0.7937204779105309,0.9852181161433734
4,modal,1000.0,0.6999166435120868,0.9638788552375661
4,inertia only,1.0,0.6521879580551091,0.9502181253448742
4,hazard + inertia,100.0,0.7154209502639624,0.9806057238121703
5,snsp,30.0,0.8506930863520716,0.7839142768021623
5,global_all,3000.0,0.8841900527924424,0.7854404001111421
5,cluster_all,3000.0,0.7497638232842457,0.9251458738538485
5,modal,1000.0,0.7832731314253962,0.8445123645457073
5,inertia only,3000.0,0.7922254144060222,0.7846001021656298
5,hazard + inertia,100.0,0.64306751875521,0.9852181161433734
6,snsp,1.0,0.5643036735511634,0.9345289184364154
6,global_all,300.0,0.5828841344818007,0.9590441789385942
6,cluster_all,3000.0,0.674631842178383,0.9253125868296752
6,modal,1000.0,0.5830508474576273,0.9552653514865241
6,inertia only,300.0,0.5944741796275673,0.885937108870611
6,hazard + inertia,300.0,0.5423173103639901,0.9847735482078357
7,snsp,30.0,0.871032952529916,0.8496797442962917
7,global_all,3000.0,0.896749096971381,0.8687413170325092
7,cluster_all,100.0,0.789719366490692,0.8787440955821064
7,modal,1000.0,0.864629063628786,0.9148652403445403
7,inertia only,0.0,0.8695190137538079,0.7931887851006029
7,hazard + inertia,0.0,0.7483745484856905,0.9787718810780776
8,snsp,1.0,0.8260774143215722,0.8120379348091404
8,global_all,10.0,0.8080022228396778,0.861683801055849
8,cluster_all,100.0,0.7327590997499306,0.9062517365934984
8,modal,1000.0,0.7962211725479301,0.8663517643789944
8,inertia only,1000.0,0.7922254144060222,0.793060302607525
8,hazard + inertia,3.0,0.6572936926924147,0.9841066963045292
9,snsp,3000.0,0.7783762028721566,0.8912351845046217
9,global_all,100.0,0.789719366490692,0.9176437899416507
9,cluster_all,3.0,0.7279799944429008,0.9778827452070021
9,modal,300.0,0.7019171992220062,0.9453181439288693
9,inertia only,30.0,0.7075364176946369,0.8911129829243829
9,hazard + inertia,1000.0,0.6377882745207003,0.9699360933592666
10,snsp,1.0,0.7642309307732965,0.9469691136090809
10,global_all,3000.0,0.7930536260072244,0.9612670186162826
10,cluster_all,3000.0,0.83500972492359,0.9528757988330093
10,modal,0.1,0.8282856348985831,0.9835509863851072
10,inertia only,10.0,0.72395451281144,0.9269266921029008
10,hazard + inertia,1000.0,0.7729924979160879,0.9658238399555434
11,snsp,30.0,0.7077287721742027,0.9182653629616184
11,global_all,3000.0,0.7173659349819396,0.9443178660739097
11,cluster_all,300.0,0.7843845512642402,0.9135315365379274
11,modal,3000.0,0.7147540983606558,0.9287024173381496
11,inertia only,3000.0,0.7081800021214053,0.868255899956212
11,hazard + inertia,300.0,0.5984440122256184,0.9691025284801337
12,snsp,300.0,0.9182248119743178,0.7658827153069443
12,global_all,100.0,0.9233120311197558,0.8086690747429843
12,cluster_all,3000.0,0.9261461517088081,0.8190608502361769
12,modal,3000.0,0.9053070297304808,0.7896082245068076
12,inertia only,0.1,0.890667746446639,0.7184725386792193
12,hazard + inertia,0.1,0.752486801889414,0.9706585162545154
13,snsp,1000.0,0.8675615307941563,0.8294712920058813
13,global_all,3000.0,0.8936371214226175,0.8447346485134761
13,cluster_all,300.0,0.8047235343150877,0.861405946096138
13,modal,1000.0,0.8620172270075023,0.8963045290358433
13,inertia only,30.0,0.8668197676074859,0.7681164059476544
13,hazard + inertia,1000.0,0.7410947485412616,0.9811058627396503
14,snsp,3.0,0.9236332591805183,0.7806589013412075
14,global_all,3000.0,0.9370936371214228,0.8115031953320369
14,cluster_all,300.0,0.9048624617949431,0.8157265907196445
14,modal,3000.0,0.9237565990552933,0.7952764656849126
14,inertia only,10.0,0.8988767940050405,0.7336105789225089
14,hazard + inertia,3.0,0.7859961100305641,0.9723256460127814
15,snsp,300.0,0.8490081758797533,0.8614436780299023
15,global_all,1000.0,0.8612392331203113,0.8875798833009172
15,cluster_all,1000.0,0.8310641844956934,0.8949152542372883
15,modal,1000.0,0.8468463462072798,0.9148096693525982
15,inertia only,300.0,0.8523217548009531,0.7963610950045277
15,hazard + inertia,30.0,0.7500416782439568,0.9803834398444015
16,snsp,30.0,0.7634140740819266,0.9082848220805034
16,global_all,10.0,0.7932759099749932,0.914253959433176
16,cluster_all,1000.0,0.7641567101972772,0.9458738538482914
16,modal,1000.0,0.7683801055848849,0.9297026951931093
16,inertia only,10.0,0.7254015313641073,0.8792585617044538
16,hazard + inertia,1000.0,0.6564045568213395,0.9691025284801337
17,snsp,3.0,0.7970532230127036,0.8584655205235184
17,global_all,1000.0,0.8052792442345097,0.8916921367046404
17,cluster_all,100.0,0.83123089747152,0.8774103917754934
17,modal,3000.0,0.786996387885524,0.8797443734370661
17,inertia only,10.0,0.7865937197740227,0.811805235326266
17,hazard + inertia,1000.0,0.6312864684634623,0.9701583773270354
18,snsp,100.0,0.7173108013228013,0.9584442381205427
18,global_all,3000.0,0.7478188385662685,0.9653237010280634
18,cluster_all,1.0,0.7996110030564046,0.9783273131425398
18,modal,1000.0,0.7057515976660184,0.9676021116976938
18,inertia only,1000.0,0.654859376921572,0.9446248420932172
18,hazard + inertia,1000.0,0.7152542372881358,0.9746040566824119
19,snsp,1000.0,0.8501027296501579,0.89435427131471
19,global_all,1000.0,0.8763545429285914,0.9075298694081692
19,cluster_all,100.0,0.7933870519588776,0.9191997777160325
19,modal,3000.0,0.8519033064740208,0.9129758266185053
19,inertia only,3.0,0.8324809042614945,0.8465893351500016
19,hazard + inertia,300.0,0.7934426229508198,0.9862183939983332
20,snsp,0.1,0.8402792724609162,0.8255721610550194
20,global_all,300.0,0.8469574881911645,0.8673520422339541
20,cluster_all,1000.0,0.8609613781606004,0.8556821339260907
20,modal,1000.0,0.8286746318421786,0.8673520422339541
20,inertia only,10.0,0.8169532821001789,0.7854249740199452
20,hazard + inertia,10.0,0.6977493748263408,0.9888302306196167
21,snsp,300.0,0.5624706369982977,0.9587333836846941
21,global_all,1000.0,0.5934426229508198,0.9728257849402614
21,cluster_all,0.0,0.6752431230897473,0.9748819116421229
21,modal,3.0,0.6391775493192554,0.9834954153931651
21,inertia only,3.0,0.5259077620550202,0.9308781658428772
21,hazard + inertia,1.0,0.5914976382328426,0.9753820505696029
22,snsp,10.0,0.8908104144871755,0.719387375484369
22,global_all,100.0,0.9110308419005281,0.7330369547096417
22,cluster_all,0.0,0.6865240344540151,0.97404834676299
22,modal,1000.0,0.8314531814392889,0.7938871908863575
22,inertia only,300.0,0.8399942698234213,0.7137975556629093
22,hazard + inertia,0.1,0.6195609891636567,0.974326201722701
23,snsp,10.0,0.8776881838012649,0.797731540893047
23,global_all,300.0,0.9019171992220063,0.8186718532925814
23,cluster_all,3000.0,0.8512920255626565,0.8484023339816616
23,modal,1000.0,0.8616282300639069,0.8765768268963603
23,inertia only,0.1,0.8777280613122095,0.7388699348158577
23,hazard + inertia,1.0,0.7289247013059184,0.9745484856904698
24,snsp,3.0,0.8309981823883057,0.8941897406690129
24,global_all,30.0,0.8571825507085303,0.9191442067240901
24,cluster_all,1000.0,0.8027229786051683,0.9265907196443458
24,modal,1000.0,0.8338983050847459,0.9297026951931093
24,inertia only,30.0,0.7712330612918611,0.8820412896903526
24,hazard + inertia,0.0,0.7548207835509866,0.9653792720200057
25,snsp,30.0,0.6750904574264904,0.9411177434749228
25,global_all,3000.0,0.68891358710753,0.9672131147540984
25,cluster_all,0.0,0.7640455682133926,0.9724367879966658
25,modal,3000.0,0.6643512086690749,0.9525423728813562
25,inertia only,300.0,0.6253068057113264,0.9255631553898103
25,hazard + inertia,100.0,0.7005279244234511,0.97404834676299
26,snsp,100.0,0.8942966141991594,0.8061406260465586
26,global_all,300.0,0.8941928313420395,0.8437343706585164
26,cluster_all,3000.0,0.9056404556821341,0.8480133370380663
26,modal,3000.0,0.8799110864128926,0.8215615448735761
26,inertia only,10.0,0.8541305279917872,0.7769376536629538
26,hazard + inertia,10.0,0.7423173103639901,0.9763267574326204
27,snsp,3000.0,0.6939444757069275,0.9358174700071522
27,global_all,3000.0,0.6880800222283969,0.9676021116976938
27,cluster_all,10.0,0.7773826062795222,0.9415393164767992
27,modal,0.1,0.7484301194776327,0.9794387329813837
27,inertia only,3.0,0.6372725360506913,0.9107033879451105
27,hazard + inertia,100.0,0.6850236176715756,0.9754931925534873
28,snsp,10.0,0.8818763785860532,0.7623206554030015
28,global_all,1000.0,0.9016949152542375,0.7673798277299252
28,cluster_all,1000.0,0.7849958321756044,0.8741317032509033
28,modal,1000.0,0.8464573492636844,0.8386218393998335
28,inertia only,1000.0,0.8662632220103061,0.7138253829427683
28,hazard + inertia,10.0,0.6867463184217839,0.9704362322867464
29,snsp,0.0,0.6854880125505487,0.8907980248264056
29,global_all,30.0,0.6488469019171994,0.9488746874131706
29,cluster_all,1000.0,0.7699916643512088,0.8870797443734372
29,modal,3000.0,0.6688524590163936,0.9214226173937206
29,inertia only,10.0,0.6805717835112772,0.8523217548009531
29,hazard + inertia,100.0,0.5419283134203946,0.980272297860517
30,snsp,0.0,0.8972977657140221,0.793872479463289
30,global_all,3000.0,0.9135871075298695,0.8300083356487915
30,cluster_all,3000.0,0.8595721033620451,0.8722978605168105
30,modal,3000.0,0.871130869686024,0.8162267296471243
30,inertia only,30.0,0.8464501987507066,0.7916861119882176
30,hazard + inertia,100.0,0.7539872186718535,0.9094192831342041
31,snsp,0.0,0.9063057745165054,0.7414091689377154
31,global_all,100.0,0.9120866907474301,0.7775493192553489
31,cluster_all,3000.0,0.8262295081967215,0.8695748819116422
31,modal,3000.0,0.8934148374548488,0.7693803834398446
31,inertia only,0.1,0.8751401242853236,0.7243162674496069
31,hazard + inertia,1.0,0.6680188941372605,0.9738260627952212
32,snsp,300.0,0.9108747728440096,0.7854834288853063
32,global_all,3000.0,0.9157543762156156,0.8227285357043624
32,cluster_all,3000.0,0.922033898305085,0.824451236454571
32,modal,3000.0,0.8971936649069188,0.8077243678799668
32,inertia only,3000.0,0.8857328929743375,0.7431896473710902
32,hazard + inertia,1.0,0.7467074187274245,0.9798277299249792
33,snsp,0.1,0.8752416662157562,0.8351243380806523
33,global_all,1000.0,0.8631842178382887,0.8767991108641291
33,cluster_all,3000.0,0.9198110586273968,0.8387885523756601
33,modal,1000.0,0.8575715476521257,0.8818005001389276
33,inertia only,0.0,0.8617552026731502,0.781111745641802
33,hazard + inertia,1000.0,0.7082522923034177,0.9814392886913034
34,snsp,30.0,0.9188357422834865,0.6725894316869497
34,global_all,300.0,0.9443734370658518,0.6804112253403725
34,cluster_all,1000.0,0.7907196443456517,0.8805779383161991
34,modal,1000.0,0.8787996665740485,0.7547096415671021
34,inertia only,10.0,0.8737765875722332,0.6679938530150145
34,hazard + inertia,1000.0,0.8163378716310088,0.8741317032509033
35,snsp,300.0,0.7991993922643533,0.9061764299136563
35,global_all,30.0,0.8206168380105587,0.9313698249513754
35,cluster_all,0.1,0.7906640733537095,0.9847735482078357
35,modal,3000.0,0.7714920811336484,0.9179772158933038
35,inertia only,1000.0,0.7498895376400171,0.8973741208926551
35,hazard + inertia,1000.0,0.6868574604056683,0.9739372047791056
36,snsp,3000.0,0.7971117960242654,0.8687134982341076
36,global_all,100.0,0.7719922200611282,0.9196999166435122
36,cluster_all,30.0,0.8411781050291749,0.8645734926368438
36,modal,3000.0,0.7911086412892472,0.8868574604056685
36,inertia only,3.0,0.7706765156946814,0.8086607527022004
36,hazard + inertia,3000.0,0.632898027229786,0.960878021672687
37,snsp,1.0,0.9399532630893506,0.7319367454828118
37,global_all,1000.0,0.9601000277854961,0.7551542095026398
37,cluster_all,3000.0,0.8524590163934428,0.8497360377882747
37,modal,100.0,0.9155320922478468,0.9029730480689083
37,inertia only,10.0,0.9161018802377543,0.6828536204597142
37,hazard + inertia,10.0,0.8015004167824398,0.9836065573770494
38,snsp,3000.0,0.9077715029776566,0.8132583696174647
38,global_all,1000.0,0.9161989441511532,0.8459572103362047
38,cluster_all,10.0,0.8881355932203392,0.878132814670742
38,modal,1000.0,0.9131425395943319,0.8421783828841346
38,inertia only,3.0,0.8943687746678843,0.752727920185634
38,hazard + inertia,30.0,0.7644901361489304,0.9791053070297309
39,snsp,100.0,0.8460674973231141,0.8311344407557352
39,global_all,3000.0,0.8617393720477913,0.8461794943039735
39,cluster_all,3000.0,0.8807446512920258,0.8467907752153377
39,modal,3000.0,0.82745207001945,0.8595721033620451
39,inertia only,0.1,0.8243553385426698,0.7867328561733177
39,hazard + inertia,0.1,0.6898582939705475,0.9699360933592666
