k,family,cv_r2,test_r2,test_band98
2,cluster_stress,0.8717025442174575,0.8631549633082423,1.6460868528954586
2,hybrid,0.8983648718474592,0.8921522210674503,1.5311948865426726
3,cluster_stress,0.8915002326043194,0.877819402622704,1.5740066782258848
3,hybrid,0.9160458752053813,0.9254329045670626,1.4404581756391508
4,cluster_stress,0.9118689370147731,0.9029500063031292,1.5073364880659619
4,hybrid,0.93465351838109,0.9352187788808843,1.3771941335875535
5,cluster_stress,0.8995709962159754,0.9002877858082698,1.4527887148775844
5,hybrid,0.9223204115863672,0.9206021278081076,1.464756711180615
6,cluster_stress,0.9146269221356609,0.9432883534412403,1.371369628556662
6,hybrid,0.9409252347915481,0.9501419969806917,1.3198593802081862
7,cluster_stress,0.9040281961407431,0.9274810706026506,1.400507936585662
7,hybrid,0.9198143550769726,0.9381071258783246,1.390207606697095
8,cluster_stress,0.8951193319066219,0.9080283045350552,1.5281491083249037
8,hybrid,0.9162526226784229,0.9274220596028959,1.4078070939486227
9,cluster_stress,0.9365768973367823,0.9426296233438529,1.3553513072571066
9,hybrid,0.9623874869908582,0.9645465992609314,1.2967120931829743
10,cluster_stress,0.9018113187856067,0.9189457287290588,1.414285626894153
10,hybrid,0.9208707455447509,0.9420338163431962,1.3922176044816192
11,cluster_stress,0.9039042764964184,0.918960095365541,1.4100576776709928
11,hybrid,0.9217005239368128,0.9409524687338936,1.3866034897335593
12,cluster_stress,0.8962561407058578,0.9157709602448343,1.4268850082511124
12,hybrid,0.916956249872044,0.9362302796573365,1.4026491373091088
