partition,cv_r2,test_r2,test_band98,test_out
spectral (eigengap k=4),0.9534546259690877,0.9571222733400359,1.3321404577071112,11
geographic quarters,0.954051282291269,0.9556569003579108,1.3401864757275728,7
"random, same sizes",0.9457026901029447,0.9488729240955401,1.3784963714992708,7
"random, same sizes",0.9155973951096823,0.9198640618991748,1.3962219810483942,18
"random, same sizes",0.9186924303426992,0.9342869616506632,1.4507886136055737,11
"random, same sizes",0.9647170138822844,0.9660639797285133,1.2914005619498714,6
"random, same sizes",0.935874032797517,0.9384650648645617,1.4127407208530613,11
"random, same sizes",0.9382734614930739,0.9440875712117239,1.3279163929238835,11
"random, same sizes",0.9487083536167671,0.9596057877732047,1.3013716405711584,11
"random, same sizes",0.9679638522713272,0.9749035741419505,1.2001690366081166,1
"random, same sizes",0.9587656671179251,0.9721649785410129,1.232827852853833,4
"random, same sizes",0.941146352370011,0.9453594516514129,1.3894650284174903,9
"random, same sizes",0.9357893489823521,0.9481303130739691,1.3228692287022583,8
"random, same sizes",0.9539909821556165,0.9562715725443037,1.3236799614561143,8
"random, same sizes",0.9359105899337463,0.9460559589679698,1.341824024463323,10
"random, same sizes",0.9673723629741257,0.9643301120669211,1.3029338253108826,7
"random, same sizes",0.9085728465993381,0.9407641618305871,1.342590713618002,14
"random, same sizes",0.9555319029215776,0.9598334918468019,1.3169980520851177,7
"random, same sizes",0.9475310088689517,0.9533581978390437,1.278363401637463,7
"random, same sizes",0.9511377087759131,0.9549560778871317,1.301959507160435,8
"random, same sizes",0.9506379867360887,0.9580630173701542,1.298077516190906,11
"random, same sizes",0.9570665807916472,0.9671767838568295,1.268659449970824,3
