config,snsp,snsp_target,risk,in_test,pred_snsp,pred_swing,pred_modal,pred_cluster_all,pred_swing_plus,best_family
0,0.2999999999999999,0.3,1.3156470859732186,True,1.2436006776102793,1.308273592159577,1.1771583375576433,1.3167860818264727,1.280335216649276,swing_plus
1,0.3,0.3,1.4732627752781355,False,1.2436006776102795,1.4328282797772471,1.288573696345134,1.3473729046500695,1.4046103054297294,swing_plus
2,0.2999999999999999,0.3,1.5738915833237772,False,1.2436006776102793,1.5277136891683538,1.380944761403505,1.3135401850927997,1.496661839765519,swing_plus
3,0.3,0.3,1.3126518379591157,True,1.2436006776102795,1.4031070091451554,1.3824603136179663,1.2656778078146942,1.3917781283725335,swing_plus
4,0.3,0.3,1.408298503455117,False,1.2436006776102795,1.3069649868965905,1.3987773496698743,1.3207949639164802,1.3261873929603436,swing_plus
5,0.3,0.3,1.310771740747382,False,1.2436006776102795,1.3998310712105313,1.3208039513775176,1.2837856734649653,1.3885612743491453,swing_plus
6,0.2999999999999999,0.3,1.1680882629129077,False,1.2436006776102793,1.2013187673321661,1.1473257409084048,1.1864143923663455,1.1897280318601522,swing_plus
7,0.2999999999999999,0.3,1.5687303592289077,False,1.2436006776102793,1.5214992228171424,1.423267578350104,1.3555798114206072,1.4906347754838434,swing_plus
8,0.2999999999999999,0.3,1.3321380242696397,False,1.2436006776102793,1.4231164677052093,1.3936810441203566,1.2568444617467471,1.4114250691691068,swing_plus
9,0.2999999999999999,0.3,1.2444635768864087,False,1.2436006776102793,1.2731842998449623,1.2604632778719722,1.215688991192717,1.2601638206082877,swing_plus
10,0.3,0.3,1.3251456534793404,False,1.2436006776102795,1.3029239287919236,1.2604799491737841,1.2753062632179133,1.2751523279287948,swing_plus
11,0.2999999999999999,0.3,1.1822769954479893,True,1.2436006776102793,1.2126041818547113,1.219344135896544,1.1608229721812349,1.204740966455734,swing_plus
12,0.2999999999999999,0.3,1.209877875030497,False,1.2436006776102793,1.2343462751507874,1.1990233476639096,1.1796763625019266,1.2261229717213096,swing_plus
13,0.2999999999999999,0.3,1.5081181275141504,False,1.2436006776102793,1.4703210081866107,1.3273952704920087,1.3724755995736666,1.4409903720043968,swing_plus
14,0.3,0.3,1.5635514772482757,True,1.2436006776102795,1.5101276359869713,1.3952803227315975,1.3671911411625073,1.4796054661279565,swing_plus
15,0.2999999999999999,0.3,1.1847866648453165,False,1.2436006776102793,1.209814429540497,1.2250682451101162,1.1498449585572152,1.2019971398429843,swing_plus
16,0.35,0.35,1.3729625970792658,True,1.3270989272316291,1.3469237939303316,1.3212142289447697,1.3245569157134074,1.317774228971243,swing_plus
17,0.3499999999999999,0.35,1.303154345907854,False,1.3270989272316291,1.3441570613304528,1.3126951841242687,1.2285654326552249,1.3296853489830496,swing_plus
18,0.3499999999999998,0.35,1.327054981601553,True,1.327098927231629,1.386917863760682,1.4336356445518148,1.4431739988897483,1.400280168936125,swing_plus
19,0.35,0.35,1.608693026958438,False,1.3270989272316291,1.7011252215054924,1.688876008423564,1.5732356875950217,1.6826909910522707,swing_plus
20,0.35,0.35,1.1973919553935473,False,1.3270989272316291,1.2392182968577585,1.2826460628726535,1.2064448206892893,1.2309137823096599,swing_plus
21,0.35,0.35,1.3569193202452774,False,1.3270989272316291,1.359800250767527,1.309146115416949,1.426973876588877,1.347953615718525,swing_plus
22,0.3499999999999999,0.35,1.604213900058749,False,1.3270989272316291,1.691589809766149,1.7302417587991612,1.5975765960115658,1.6733534790843951,swing_plus
23,0.35,0.35,1.3906181157581998,False,1.3270989272316291,1.4054082509149013,1.4632215592842266,1.3988162124655836,1.392702253009096,swing_plus
24,0.35,0.35,1.3926179857251113,False,1.3270989272316291,1.5007041852155498,1.4355012876236963,1.337763836443775,1.4875811898186078,swing_plus
25,0.3499999999999999,0.35,1.3860567785468585,False,1.3270989272316291,1.45194527860791,1.4586376306885187,1.4641693022531432,1.4652589052989635,swing_plus
26,0.3499999999999998,0.35,1.3967756467226533,True,1.327098927231629,1.307317604451499,1.4052799065744193,1.3777301475475099,1.3265415987507283,swing_plus
27,0.3499999999999999,0.35,1.4515520184185806,True,1.3270989272316291,1.4544934403621614,1.4421934913781302,1.4266269421504458,1.4408462614942759,swing_plus
28,0.35,0.35,1.598394406956864,False,1.3270989272316291,1.6778850562957592,1.660125587730823,1.5956111002962765,1.6599322290115843,swing_plus
29,0.3499999999999999,0.35,1.556845416058652,False,1.3270989272316291,1.6210217808509888,1.5444582911737303,1.5658395146444193,1.6042333774943094,swing_plus
30,0.3499999999999999,0.35,1.593059631921387,False,1.3270989272316291,1.667458735410423,1.6531114698310692,1.580401128592655,1.6497208544476465,swing_plus
31,0.3500000000000001,0.35,1.544882857896555,False,1.3270989272316296,1.516349737674158,1.3439852512534534,1.4269193649915968,1.4856403895940984,swing_plus
32,0.3999999999999999,0.4,1.3536866020734677,False,1.4162034440538191,1.3965852617999819,1.3578433290144272,1.2923130034676167,1.3810176961247767,swing_plus
33,0.4,0.4,1.4540944150042978,False,1.4162034440538196,1.5193241239087607,1.3798447411649541,1.5835005002061613,1.50006768691885,swing_plus
34,0.4,0.4,1.476114000174539,True,1.4162034440538196,1.379935293781368,1.500107519116545,1.4507544001518515,1.3994662700364386,swing_plus
35,0.4,0.4,1.6771852571813906,False,1.4162034440538196,1.6269487173072428,1.518378035472786,1.4738381910718015,1.592871626331323,swing_plus
36,0.4,0.4,1.1620511430629896,False,1.4162034440538196,1.2023929942768992,1.304364013943882,1.318322661406651,1.204333432661008,swing_plus
37,0.4000000000000002,0.4,1.622543043375503,False,1.4162034440538198,1.7338393182223024,1.7707562263257908,1.6273058355315095,1.714722151611878,swing_plus
38,0.4000000000000001,0.4,1.459978489455213,True,1.4162034440538196,1.5171599943135805,1.4536882769351671,1.6246302678815914,1.4979524541211995,swing_plus
39,0.4000000000000001,0.4,1.3563464194152433,True,1.4162034440538196,1.341398992774268,1.2895024113553815,1.4131873486980753,1.3124232286325264,swing_plus
40,0.4,0.4,1.1856302808571657,False,1.4162034440538196,1.2652707584132277,1.3569421907503403,1.2906463193900182,1.2666633488450938,swing_plus
41,0.4,0.4,1.3951501514450286,False,1.4162034440538196,1.3756217010875196,1.294926933281927,1.3504258521018537,1.3455658190744921,swing_plus
42,0.4,0.4,1.5304608885006332,False,1.4162034440538196,1.3943492475090198,1.5566745688771149,1.4310945856754274,1.4139365017207475,swing_plus
43,0.3999999999999999,0.4,1.434167613641895,False,1.4162034440538191,1.396666426810556,1.3590700741747932,1.437900429788442,1.3659422136088375,swing_plus
44,0.4000000000000001,0.4,1.385839140264618,True,1.4162034440538196,1.3815936724023654,1.28640596428872,1.443401350273686,1.3513484510114464,swing_plus
45,0.4,0.4,1.635835615474535,False,1.4162034440538196,1.5968392855767277,1.5368610333307806,1.5098165284619613,1.5636865050422504,swing_plus
46,0.4,0.4,1.3412249616637149,False,1.4162034440538196,1.3416854719720026,1.243749700139192,1.4439656390292224,1.3127007011228327,swing_plus
47,0.4,0.4,1.6726760117305102,False,1.4162034440538196,1.6336808692900453,1.5153814438635231,1.5014228240900587,1.5993963658230237,swing_plus
48,0.45,0.45,1.492783906275888,True,1.511290645930754,1.5123211389676308,1.4939522035270707,1.5371309789454655,1.4975442287151561,swing_plus
49,0.45,0.45,1.4043723518564797,False,1.511290645930754,1.3967295932191446,1.2607385591688514,1.4886419245547462,1.3660033693302434,swing_plus
50,0.4499999999999999,0.45,1.5019218563264851,False,1.5112906459307538,1.3956012438408432,1.4636773908351746,1.509448218513778,1.4151933151431537,swing_plus
51,0.45,0.45,1.5775280961183051,False,1.511290645930754,1.4579704098992115,1.5979207806208415,1.5067371944052517,1.477788307010391,swing_plus
52,0.45,0.45,1.5068004396799526,False,1.511290645930754,1.5961508843953403,1.652793777667044,1.5848031155362028,1.6092539865429891,swing_plus
53,0.4499999999999999,0.45,1.5216050766713205,False,1.5112906459307538,1.602343020140369,1.5547169097466325,1.5450997225172667,1.5884108392043144,swing_plus
54,0.45,0.45,1.5319673597523575,False,1.511290645930754,1.4325531691973112,1.5787004458645408,1.5042246894759894,1.4522823527320372,swing_plus
55,0.45,0.45,1.697647143856038,True,1.511290645930754,1.825647016294378,1.8073343177036016,1.700642138094706,1.8045811909544884,swing_plus
56,0.45,0.45,1.694621342181621,True,1.511290645930754,1.6368385835069776,1.5727145598982475,1.5007004590615172,1.6024567000575582,swing_plus
57,0.45,0.45,1.4939285955578314,False,1.511290645930754,1.5179947900335065,1.5460752585645468,1.538386126757576,1.5031058504967711,swing_plus
58,0.45,0.45,1.5462963836923314,True,1.511290645930754,1.624303388739345,1.5902971297908526,1.596345832618762,1.609959910722614,swing_plus
59,0.45,0.45,1.270000183703451,False,1.511290645930754,1.3090717438656403,1.4301060466131696,1.4247126010350373,1.298038789258684,swing_plus
60,0.4499999999999999,0.45,1.4670365669344962,False,1.5112906459307538,1.5384358879786173,1.4789891009808396,1.5350958230682759,1.5256835799022477,swing_plus
61,0.45,0.45,1.4178942959201577,False,1.511290645930754,1.4920071606740752,1.5081101719196088,1.571645736767498,1.5052761469971925,swing_plus
62,0.4499999999999999,0.45,1.5740832798866713,False,1.5112906459307538,1.6662428837688144,1.6482839853444489,1.5314905805447807,1.6511058130553307,swing_plus
63,0.4499999999999999,0.45,1.579665584195152,False,1.5112906459307538,1.6583860483056372,1.6054913102330546,1.6887763293097937,1.6359259462872127,swing_plus
64,0.5,0.5,1.445108714977409,True,1.6127622242888695,1.512249756109708,1.3671585598366716,1.700107576160602,1.493153046297866,swing_plus
65,0.5,0.5,1.5850501251952172,False,1.6127622242888695,1.6609009302332691,1.672921745446488,1.5462127246482136,1.6458655258999162,swing_plus
66,0.5000000000000001,0.5,1.4848434065366476,False,1.6127622242888697,1.4456155960978008,1.4804570687805096,1.550831210495137,1.4244241911310733,swing_plus
67,0.5000000000000002,0.5,1.467519693775008,True,1.6127622242888702,1.435541877984683,1.4718215680694209,1.5785263506910339,1.4145975989324036,swing_plus
68,0.4999999999999999,0.5,1.7016240215679677,False,1.6127622242888693,1.7589241958074862,1.7139210023971958,1.7931274314823644,1.7216009007509472,swing_plus
69,0.5,0.5,1.3126064184138957,False,1.6127622242888695,1.3670952189450516,1.407125996982527,1.4498407850984374,1.354982263710801,swing_plus
70,0.4999999999999999,0.5,1.2172513797605296,False,1.6127622242888693,1.301728977785167,1.3838323277474331,1.3267677402588671,1.302789546043867,swing_plus
71,0.4999999999999999,0.5,1.67540395230064,False,1.6127622242888693,1.71814233154739,1.748949827402338,1.789725038902798,1.6820810929211993,swing_plus
72,0.5,0.5,1.5359538215005215,False,1.6127622242888695,1.5091939224611974,1.5447721777661452,1.5810827415466489,1.4864271395249244,swing_plus
73,0.4999999999999998,0.5,1.311745295286894,False,1.6127622242888693,1.3707596048433293,1.4589207783316946,1.535722532508767,1.3585776170372788,swing_plus
74,0.4999999999999998,0.5,1.3996899063737025,False,1.6127622242888693,1.4327491057080017,1.424026720219991,1.4832410905781974,1.4193848717950222,swing_plus
75,0.5,0.5,1.9845738574401424,True,1.6127622242888695,1.822310071120855,1.9153292094569543,1.8529012523709374,1.838002165842271,swing_plus
76,0.5,0.5,1.7550830768743328,False,1.6127622242888695,1.7921096267071712,1.8176768116535673,1.7460673757275902,1.7537525502737679,swing_plus
77,0.4999999999999999,0.5,1.280950982720813,True,1.6127622242888693,1.3298630186078952,1.4099071379959984,1.5007543587083547,1.3184459328431917,swing_plus
78,0.4999999999999999,0.5,1.58265437852882,False,1.6127622242888693,1.4671109538210534,1.5582191788558883,1.5959200335106223,1.4869596570790515,swing_plus
79,0.5,0.5,1.2963380122475814,False,1.6127622242888695,1.3519887119311047,1.4406297088220257,1.4870197060420833,1.3401593189078516,swing_plus
80,0.5500000000000002,0.55,1.6010122299132348,False,1.721046841053735,1.4907030264383463,1.6122721014743737,1.7175560772114329,1.5068491732361067,swing_plus
81,0.5499999999999999,0.55,1.620164307836882,False,1.7210468410537343,1.4622209222609654,1.549421025900448,1.7789238170471375,1.5218848289794216,swing_plus
82,0.5499999999999999,0.55,1.6234766793270543,False,1.7210468410537343,1.5973608236994195,1.6346480659151945,1.6196042598156113,1.572366160762228,swing_plus
83,0.5499999999999999,0.55,1.755354452218154,True,1.7210468410537343,1.6444788755552633,1.7387642856784407,1.7617359511573063,1.6606505865324457,swing_plus
84,0.5499999999999999,0.55,1.459719067532744,False,1.7210468410537343,1.5136877985492927,1.5349200393179512,1.5398661750429112,1.4987402771030944,swing_plus
85,0.55,0.55,1.595796280972597,True,1.7210468410537347,1.6733684763649577,1.6635961595811448,1.75885297223032,1.6505562019325333,swing_plus
86,0.5500000000000002,0.55,1.8307368929846024,False,1.721046841053735,1.8614326718585616,1.8980607217249197,1.8145077501907363,1.8208968835366972,swing_plus
87,0.55,0.55,1.6583961071950415,False,1.7210468410537347,1.762791464001579,1.6680235452271819,1.8593334909391934,1.737850251573104,swing_plus
88,0.55,0.55,2.0387114527310413,False,1.7210468410537347,1.8575719345429091,1.9765269415920117,1.9782643869763568,1.8732066836806784,swing_plus
89,0.5500000000000002,0.55,1.6486371733410532,False,1.721046841053735,1.6969666353363342,1.700823116672863,1.6469685233577802,1.6784404188628843,swing_plus
90,0.55,0.55,1.6115460055007251,True,1.7210468410537347,1.6061747141578708,1.6561123507441446,1.591138275461835,1.5809546674428874,swing_plus
91,0.5500000000000002,0.55,1.6626780565281596,False,1.721046841053735,1.706117023814018,1.5715693784524867,1.8115005272663884,1.6704261357851218,swing_plus
92,0.5500000000000003,0.55,1.7020346179594767,False,1.7210468410537352,1.7645106890579048,1.7765220176100303,1.7935654035907318,1.727013789280633,swing_plus
93,0.55,0.55,1.7589868368805583,True,1.7210468410537347,1.6273849037859007,1.7637333857267807,1.7836819603172964,1.6435611755495718,swing_plus
94,0.5499999999999999,0.55,1.4546491490181477,False,1.7210468410537343,1.4548108286865342,1.4395604810026534,1.5678418542500345,1.4333932474451276,swing_plus
95,0.5499999999999997,0.55,1.6588786557419075,False,1.7210468410537338,1.6927813718424383,1.6853774908437391,1.6580991521958242,1.6743424165985639,swing_plus
96,0.6000000000000001,0.6,2.0264056446451546,False,1.8366019395122568,1.8975004213296456,2.007382684767525,2.05996974167972,1.9130621309859868,swing_plus
97,0.6000000000000001,0.6,1.9250872507881407,True,1.8366019395122568,2.111160126856332,2.042606321363778,2.1860767489890516,2.0791194268763955,swing_plus
98,0.6,0.6,1.8769786574579783,False,1.8366019395122566,2.0336960765047527,2.09540201412996,2.1761921562081583,2.0035839549209493,swing_plus
99,0.6000000000000001,0.6,2.077552872123761,False,1.8366019395122568,1.9424408167767162,2.0883387375465694,2.0333961467487804,1.9579102418044825,swing_plus
100,0.6,0.6,1.7330317362399223,False,1.8366019395122566,1.6218964665872118,1.7556338452461897,1.8323770909766428,1.6380738208290822,swing_plus
101,0.5999999999999999,0.6,1.889096506351108,False,1.8366019395122564,1.7309312271551633,1.6796625815571993,1.8297138372286463,1.7470528932344824,swing_plus
102,0.6000000000000001,0.6,1.820794020617702,False,1.8366019395122568,1.7031722026090406,1.795268560122096,1.7939357432531673,1.7193147735388068,swing_plus
103,0.5999999999999998,0.6,2.1362007889550325,True,1.8366019395122557,2.051128663076444,2.155183767406928,2.040644166562276,2.066394080303931,swing_plus
104,0.5999999999999998,0.6,1.4688860845904754,False,1.8366019395122557,1.528223745498064,1.5894604860297477,1.572015585985944,1.5129872918149252,swing_plus
105,0.5999999999999999,0.6,1.830426186285751,False,1.8366019395122564,1.6884303884989447,1.8042665843032624,1.867680261180197,1.7045822178562555,swing_plus
106,0.5999999999999998,0.6,1.874039643062669,False,1.8366019395122557,1.7351755109324345,1.783628036358243,1.8600776514181252,1.7512935847299471,swing_plus
107,0.5999999999999999,0.6,1.6773821404747409,True,1.8366019395122564,1.742772820030628,1.6343030870575608,1.7270940583545973,1.7412584833286244,swing_plus
108,0.5999999999999999,0.6,1.6048297732208785,True,1.8366019395122564,1.7190902534801344,1.746719180192988,1.700069298668695,1.731910047396844,swing_plus
109,0.6000000000000001,0.6,1.913131743953381,False,1.8366019395122568,2.117653414502783,2.161199962698767,2.1989216543889207,2.0854497746459333,swing_plus
110,0.5999999999999999,0.6,1.6911068246320178,False,1.8366019395122564,1.799030448689092,1.6570596638760706,1.6947889851412103,1.78131326675558,swing_plus
111,0.6,0.6,1.7210828682285626,False,1.8366019395122566,1.6172076133928392,1.6489708696545637,1.8266411317784317,1.6333857445528426,swing_plus
112,0.6499999999999999,0.65,1.6992856334723947,False,1.9599156767604018,1.840882079662299,1.7513583251137468,1.691315152470063,1.8223313299515467,swing_plus
113,0.6499999999999999,0.65,1.8360441790067348,True,1.9599156767604018,1.7991992539338686,1.8182468559918699,2.0104441550661156,1.807626921839991,swing_plus
114,0.6499999999999999,0.65,1.982163049680676,False,1.9599156767604018,1.7990203838089078,1.8803155228085973,1.920695379712673,1.8685286407750687,swing_plus
115,0.65,0.65,2.274207902040667,False,1.959915676760402,2.1830051359564466,2.2483096707390042,2.083628128226817,2.197874624459877,swing_plus
116,0.6500000000000001,0.65,1.920822676463965,False,1.9599156767604022,2.126278919978631,2.0881954331176407,2.2391599820503982,2.0938585335495103,swing_plus
117,0.6499999999999998,0.65,2.048587115958682,False,1.9599156767604016,2.027826359933653,1.9882585219582103,2.046050049131622,2.034876080465893,swing_plus
118,0.65,0.65,1.6992107245504424,False,1.959915676760402,1.7283930650126764,1.7579100529544411,1.5705098896189609,1.7237632288892355,swing_plus
119,0.6500000000000001,0.65,2.216820442304288,False,1.9599156767604022,2.0812505670914883,2.166055811317309,2.1081754234285395,2.096370108224821,swing_plus
120,0.6500000000000001,0.65,1.548786790030733,True,1.9599156767604022,1.5426770462421557,1.711737320788032,1.5318165119185765,1.5403040959479184,swing_plus
121,0.6500000000000001,0.65,1.510359631211954,True,1.9599156767604022,1.4973195034390807,1.614632962675792,1.5257600922902426,1.4954649659198604,swing_plus
122,0.6500000000000001,0.65,2.0055578395307974,False,1.9599156767604022,1.9685527064241237,2.003502692672502,1.982164430402144,1.9759856507430968,swing_plus
123,0.6500000000000002,0.65,1.7609043218517588,False,1.9599156767604025,1.6018101568807002,1.7282359592111454,1.8731592365472596,1.6656421659797553,swing_plus
124,0.6500000000000002,0.65,2.032944986162554,False,1.9599156767604025,2.269971835458437,2.2844527492768156,2.2382539509765924,2.233891249733687,swing_plus
125,0.6499999999999999,0.65,1.5772054214665294,False,1.9599156767604018,1.5786246911471706,1.6685767352810024,1.5500822933121035,1.575831443662481,swing_plus
126,0.6500000000000001,0.65,2.062841058473197,False,1.9599156767604022,1.927856730351743,1.9348987511803784,2.1210693601335016,1.9433572588890657,swing_plus
127,0.6500000000000001,0.65,1.8500543858418417,True,1.9599156767604022,1.8711398363679177,2.0110162044882642,1.9006662988288365,1.8490675940241306,swing_plus
128,0.6999999999999998,0.7,1.8860344971082996,False,2.0915089858999623,1.7604722938447557,1.7699593840580632,2.00647722141218,1.7765668024915309,swing_plus
129,0.7,0.7,1.8745079350717504,True,2.0915089858999627,2.027796566531178,1.8601693583649055,1.7641871091996275,2.022951368390832,swing_plus
130,0.6999999999999998,0.7,1.969347692112965,True,2.0915089858999623,1.927540865684851,1.8382309195328068,2.0365928520506893,1.9352285596088301,swing_plus
131,0.6999999999999998,0.7,1.8122972652579212,False,2.0915089858999623,1.8995878635031453,1.7827724008513137,1.7660140485127793,1.896293845316603,swing_plus
132,0.7000000000000002,0.7,1.52462446637713,False,2.091508985899963,1.5203735085774346,1.6670051109811177,1.55980779645409,1.5182571570202792,swing_plus
133,0.7,0.7,1.5314633775449678,False,2.0915089858999627,1.5401613754133976,1.6128871460822536,1.5104212250686495,1.5378175287365117,swing_plus
134,0.6999999999999998,0.7,2.0291831714013613,False,2.0915089858999623,2.0003399958857226,2.0386051121694972,2.004625909892478,2.0075696080789043,swing_plus
135,0.7,0.7,2.0528884917930714,True,2.0915089858999627,2.302950453339485,2.3128070036219457,2.290448347581836,2.266017039779394,swing_plus
136,0.7000000000000001,0.7,2.007762122971875,False,2.091508985899963,1.9818463612235182,2.039415899364725,2.0150041327046013,1.9891948897986733,swing_plus
137,0.7,0.7,1.7971955050571868,False,2.0915089858999627,1.9421445846282002,1.8781727966647455,1.7300567659032737,1.9383449329201379,swing_plus
138,0.7000000000000001,0.7,2.049730964281815,False,2.091508985899963,1.924208363723737,1.8712726384744307,2.0186805118635007,1.9400642803605936,swing_plus
139,0.6999999999999998,0.7,1.6073191590870528,False,2.0915089858999623,1.6110800118063568,1.721542630497967,1.5719069391179719,1.607900307082068,swing_plus
140,0.6999999999999998,0.7,2.275492269367996,False,2.0915089858999623,2.141476685501326,2.2296884925268694,2.2111100133275317,2.1564151651766887,swing_plus
141,0.6999999999999998,0.7,2.063163822775048,False,2.0915089858999623,2.11332423648885,1.9566405307223889,1.9799936733578622,2.0646667938714733,swing_plus
142,0.7,0.7,1.772127892055801,True,2.0915089858999627,1.8732991496141653,1.819485170559981,1.7503651722142495,1.870312758249744,swing_plus
143,0.6999999999999998,0.7,1.613226939013524,False,2.0915089858999623,1.6273793294145007,1.6267629568324145,1.7366862380176404,1.601615114103692,swing_plus
144,0.7500000000000001,0.75,1.744486098146743,True,2.2319377766960224,1.8159786913698228,1.851676583230892,1.55114609614538,1.8102143246820013,swing_plus
145,0.7499999999999999,0.75,2.5226067596535304,True,2.231937776696022,2.426078606902416,2.564616298631253,2.3145073336192965,2.429904032444029,swing_plus
146,0.7499999999999999,0.75,2.4009352330153897,False,2.231937776696022,2.319853026330866,2.316976708896115,2.193694921705469,2.334227265512636,swing_plus
147,0.7499999999999998,0.75,2.364187099410763,False,2.2319377766960216,2.245015040525802,2.401900408091429,2.3330193965654744,2.2503091892148426,swing_plus
148,0.7499999999999999,0.75,2.113240051611026,False,2.231937776696022,2.205740640013278,2.1941230283210817,2.311489788991314,2.280371853340819,swing_plus
149,0.7499999999999999,0.75,1.8100520993299227,False,2.231937776696022,1.861583258783861,1.8749247416350243,1.618973745157168,1.855211431391333,swing_plus
150,0.7500000000000001,0.75,1.9823465160941247,False,2.2319377766960224,2.0302934020896153,2.102092232021055,1.9868729305709256,2.004697713844947,swing_plus
151,0.7499999999999999,0.75,2.3373866915884927,True,2.231937776696022,2.4652787758363797,2.2306126171119756,2.3999851941613257,2.5458424542109417,swing_plus
152,0.7499999999999999,0.75,2.2478307118537684,False,2.231937776696022,2.3497134168581644,2.192146276128341,2.348064720914718,2.4276721042863985,swing_plus
153,0.7499999999999999,0.75,2.079134560227895,False,2.231937776696022,2.303993712702372,2.3071453487136977,2.363683677344627,2.26703324460507,swing_plus
154,0.75,0.75,2.602180254992169,False,2.231937776696022,2.486460813758712,2.6050003677880538,2.334048901340091,2.4897659627006026,swing_plus
155,0.7499999999999998,0.75,2.0026662536130444,False,2.2319377766960216,1.856058228722497,1.8937723839307898,2.034407775125199,1.8720311627336421,swing_plus
156,0.7499999999999999,0.75,2.0381798077159115,True,2.231937776696022,2.0205242721662526,1.9907329979891806,2.124651607986522,2.0276221481927292,swing_plus
157,0.7499999999999999,0.75,2.0381747775609385,False,2.231937776696022,2.0224208020695773,2.079221344988486,2.106930065821647,2.029506196242644,swing_plus
158,0.7499999999999999,0.75,2.6537388878325263,False,2.231937776696022,2.265710587020167,2.312092591435746,2.6584878352191517,2.288798454115833,swing_plus
159,0.7499999999999999,0.75,2.585332092692088,False,2.231937776696022,2.4730880922543554,2.4819274873658936,2.3258190040195297,2.4765097384083217,swing_plus
160,0.8,0.8,2.467600484426878,False,2.3817952839916945,2.371670809597486,2.492937331587737,2.3849618069182843,2.3759522118072027,swing_plus
161,0.8000000000000002,0.8,2.1397091538305646,False,2.3817952839916945,2.126791198313248,2.073062393639495,2.091123821876977,2.133162755164409,swing_plus
162,0.8000000000000002,0.8,2.2752081579793564,False,2.3817952839916945,2.2596864206621654,2.1943901625888333,2.1430988767132746,2.3574189351320225,swing_plus
163,0.8,0.8,2.7746970351105635,False,2.3817952839916945,2.385369645163589,2.444319751608628,2.6684961809705405,2.408430285036606,swing_plus
164,0.8000000000000002,0.8,2.446070539307005,True,2.3817952839916945,2.3089409114991013,2.317504924624343,2.1812773294850665,2.323357673236606,swing_plus
165,0.7999999999999999,0.8,2.3586674859449417,True,2.381795283991694,2.2596027034527078,2.2800832085468583,2.254343868292094,2.274205243672866,swing_plus
166,0.8,0.8,2.339526988609585,False,2.3817952839916945,2.21683131752056,2.3210011375648425,2.1488669410447754,2.2315861845154688,swing_plus
167,0.8,0.8,2.246925987977117,False,2.3817952839916945,2.2344567119021934,2.20569574320559,2.129888299517157,2.3313611996686396,swing_plus
168,0.8000000000000002,0.8,1.7926356939129977,False,2.3817952839916945,1.8662535357639547,1.8657531159337613,1.6515127617793979,1.8598188692468738,swing_plus
169,0.8,0.8,1.955694896131566,True,2.3817952839916945,2.161706225342482,1.9738418026363886,1.8508644201485247,2.155154955968164,swing_plus
170,0.8,0.8,2.2210878140058137,False,2.3817952839916945,2.2030311318594604,2.164575199237705,2.0678217422025855,2.298900106124111,swing_plus
171,0.8000000000000004,0.8,2.502788696361438,True,2.3817952839916954,2.40623898326055,2.46026214089302,2.426310161706284,2.410232102926355,swing_plus
172,0.7999999999999999,0.8,2.1935277739427868,False,2.381795283991694,2.2971666147057066,2.1585390739567614,2.353671506982591,2.3739216684671827,swing_plus
173,0.8,0.8,2.6113335966731044,False,2.3817952839916945,2.5160064451995776,2.589763733158201,2.3922497457681713,2.5190516698872045,swing_plus
174,0.8000000000000002,0.8,1.7495638819776012,False,2.3817952839916945,1.7948333816530428,1.8831743723931738,1.6032523798270555,1.7893468355916033,swing_plus
175,0.7999999999999998,0.8,2.284349968404522,False,2.381795283991693,2.275315729802912,2.197190959387282,2.1204996269278946,2.373559721192543,swing_plus
176,0.8500000000000002,0.85,3.1727433105991,False,2.541714573800908,3.006967323498597,3.1818834188744765,3.2053247637739437,3.118011522170838,swing_plus
177,0.8500000000000001,0.85,3.3579608088759016,False,2.5417145738009075,3.16924712656692,3.281921476194189,3.2162640217659675,3.2845478929190333,swing_plus
178,0.8500000000000002,0.85,2.7298795526039283,False,2.541714573800908,2.6251094542779567,2.7142012503612434,2.4449435547597087,2.627165212353623,swing_plus
179,0.8500000000000001,0.85,2.6393685023983062,False,2.5417145738009075,2.525258362869508,2.6611879510028515,2.4893994101956474,2.528221482086646,swing_plus
180,0.8499999999999998,0.85,1.9784795242794,False,2.5417145738009066,2.1908343751389783,1.9782935798517212,1.8920124462656556,2.1839009158053506,swing_plus
181,0.8500000000000001,0.85,2.2853483162990966,False,2.5417145738009075,2.4107233296239152,2.3045942182018817,2.430836672281829,2.4900643627938326,swing_plus
182,0.8500000000000001,0.85,1.85234507335615,True,2.5417145738009075,2.0002197000207698,1.853852739986159,1.8882963228506566,1.9957151268568667,swing_plus
183,0.8500000000000001,0.85,3.102028493275877,True,2.5417145738009075,2.9044945348682494,3.104376325615201,3.194605296227748,3.0128046279129577,swing_plus
184,0.8500000000000002,0.85,2.2750158898314163,False,2.541714573800908,2.2665189542541744,2.1704479717753533,2.193502170105334,2.364475204421075,swing_plus
185,0.8500000000000003,0.85,2.3600294133595887,False,2.541714573800909,2.4935023176819886,2.3660363966371962,2.417352512551461,2.5746936272396974,swing_plus
186,0.8500000000000001,0.85,1.8772008912623708,False,2.5417145738009075,2.023385880172046,1.901910166472193,1.8723645009033745,2.0185954136185407,swing_plus
187,0.85,0.85,2.160255854330555,True,2.5417145738009075,2.134672635646115,2.1381055949081436,2.196292597313487,2.2282729370521,swing_plus
188,0.8499999999999999,0.85,2.4370047964318826,False,2.541714573800907,2.5816183858653736,2.4402935391427065,2.470592050753884,2.6647482494451338,swing_plus
189,0.8500000000000002,0.85,1.70860554583582,True,2.541714573800908,1.77425996881254,1.8187602909527678,1.646990910438109,1.7690413570725565,swing_plus
190,0.8500000000000003,0.85,2.7231295042296493,False,2.541714573800909,2.625374818248296,2.7163385596940044,2.456834213566873,2.627428113862296,swing_plus
191,0.8500000000000002,0.85,3.105903046055438,False,2.541714573800908,2.9479859372259467,3.2283260955461706,3.19144709349983,3.0574609202414855,swing_plus
192,0.8999999999999999,0.9,2.907540436770046,False,2.7123712176661012,2.765108601000458,2.67578356028599,2.8889125607261916,2.8599649282249615,swing_plus
193,0.8999999999999999,0.9,2.385738874177762,False,2.7123712176661012,2.514869602552659,2.3554374646409104,2.4900647845735255,2.596533889063394,swing_plus
194,0.9,0.9,3.300057145547074,False,2.7123712176661012,3.0669955372556297,3.190207385034003,3.2002221473328087,3.1796245433243273,swing_plus
195,0.9,0.9,2.2007264238052517,True,2.7123712176661012,2.1933491639388194,2.209281681403179,2.1934924682583707,2.2888981697284154,swing_plus
196,0.9000000000000001,0.9,3.411235009851984,False,2.7123712176661017,3.2191158862676916,3.335520000993573,3.243439972772891,3.335707271377368,swing_plus
197,0.9,0.9,3.1930237273188085,False,2.7123712176661012,2.9975488819418956,3.252511940913039,3.2005089529294115,3.1083433077447724,swing_plus
198,0.8999999999999996,0.9,2.7940209700894028,False,2.7123712176661,2.6654092274075456,2.5818156649986097,2.910333433309611,2.7578634560416364,swing_plus
199,0.9,0.9,2.903923914665304,False,2.7123712176661012,2.7686771233398235,2.7044482292905108,2.8684214554999974,2.8636187342841866,swing_plus
200,0.9,0.9,2.741664037238579,False,2.7123712176661012,2.5748249214284553,2.5989733306615492,2.9100389268249844,2.665063396624332,swing_plus
201,0.9000000000000001,0.9,2.5258778878213297,False,2.7123712176661017,2.6861932454262782,2.444088667048596,2.5643313293767847,2.77158373767907,swing_plus
202,0.8999999999999998,0.9,2.929480820229558,True,2.7123712176661003,2.780880115676659,2.7583941550217945,2.9099095137316646,2.8761130071544807,swing_plus
203,0.9,0.9,2.6017710904068125,False,2.7123712176661012,2.5185194782293125,2.579091911977539,2.524327545373893,2.521542434673065,swing_plus
204,0.8999999999999998,0.9,2.5014835411237124,True,2.7123712176661003,2.512733018395218,2.3024056481739477,2.267626289772084,2.6186138078487793,swing_plus
205,0.8999999999999998,0.9,2.471245512716552,False,2.7123712176661003,2.629210569301986,2.346793067000367,2.577813476253188,2.713374540042035,swing_plus
206,0.9,0.9,3.398744859722399,True,2.7123712176661012,3.196956459509216,3.380249194703208,3.1990597522054522,3.312975342982984,swing_plus
207,0.8999999999999995,0.9,2.7563682896797905,False,2.7123712176660995,2.6501133305686855,2.6879191569030727,2.548142395901301,2.6519358938220705,swing_plus
208,0.9500000000000002,0.95,2.454361414303057,False,2.8944861465785343,2.463741173882239,2.2712999416691555,2.3544891237709353,2.568065907609828,swing_plus
209,0.9500000000000002,0.95,3.314013478047387,False,2.8944861465785343,3.0268468507695756,3.3081047679140867,3.226223597466334,3.1384172472710214,swing_plus
210,0.9499999999999998,0.95,3.4011253034622717,True,2.894486146578533,3.1311569151296066,3.4221355692643893,3.251320817426588,3.245466449362924,swing_plus
211,0.9500000000000002,0.95,3.076873103789372,False,2.8944861465785343,2.9584415569145044,2.7668613579926453,2.9085505451795632,3.0578516139683747,swing_plus
212,0.9500000000000002,0.95,3.212009731693673,True,2.8944861465785343,2.923262812671377,3.2609017672000697,3.2457582353179,3.03207642106977,swing_plus
213,0.9500000000000002,0.95,2.514993440095648,True,2.8944861465785343,2.5385348651902344,2.310284539219334,2.5141718278821963,2.645231164932095,swing_plus
214,0.95,0.95,2.337211799588176,False,2.8944861465785334,2.329260816939994,2.2586921686640506,2.4426351921189258,2.429261672566158,swing_plus
215,0.9500000000000002,0.95,2.852031905475262,False,2.8944861465785343,2.7350585985562508,2.729168904946559,2.908109347761476,2.8291948774216547,swing_plus
216,0.95,0.95,3.1639626740017404,True,2.8944861465785334,2.904389576479607,3.320358614473045,3.255060110539843,3.0126968501875946,swing_plus
217,0.9499999999999998,0.95,3.3765366667976138,False,2.894486146578533,3.110774530801916,3.3893344258016818,3.24414501656185,3.2245516889096186,swing_plus
218,0.95,0.95,3.2861543063175502,False,2.8944861465785334,3.0437101112669596,3.417890909351883,3.2904864648425542,3.155725810392475,swing_plus
219,0.9499999999999998,0.95,2.345348825957964,False,2.894486146578533,2.352917329760606,2.259988857206979,2.443217039861679,2.4536845133602525,swing_plus
220,0.9500000000000002,0.95,2.800142900809753,False,2.8944861465785343,2.63714826395401,2.7721228995270972,2.6476571450740503,2.6390920386472176,swing_plus
221,0.9499999999999998,0.95,2.4838831527528984,False,2.894486146578533,2.491905096695559,2.2742552331683368,2.3629699881352075,2.5971255817736494,swing_plus
222,0.95,0.95,2.715244538673774,False,2.8944861465785334,2.5734391936779057,2.710890662153465,2.6363041008845594,2.5759693039504583,swing_plus
223,0.95,0.95,2.379568029975613,False,2.8944861465785334,2.4006793037672396,2.2627516949088586,2.4143871530263006,2.5029861883882965,swing_plus
224,1.0,1.0,3.741520718205757,False,3.088828696517456,3.974875247507159,3.8248772180150783,3.6752037004106097,3.749502511138114,swing_plus
225,1.0,1.0,3.8054126972663616,False,3.088828696517456,4.061654585548597,3.8632028329773496,3.7762383951332663,3.8305296552501455,swing_plus
226,1.0,1.0,3.8047102873473406,False,3.088828696517456,4.056883223549976,3.897199378799261,3.716397808397648,3.8260750200048967,swing_plus
227,1.0,1.0,3.709561237651828,False,3.088828696517456,3.938141875780211,3.7680180766312463,3.7509391914138135,3.7151986857801576,swing_plus
228,1.0,1.0,3.558269878981342,False,3.088828696517456,3.757452874231314,3.775845080815168,3.6955775914439637,3.5464130349565495,swing_plus
229,1.0,1.0,3.6349135093195537,False,3.088828696517456,3.828481118867527,3.700621794900416,3.727202378478972,3.612771635015308,swing_plus
230,1.0,1.0,3.843519123439015,False,3.088828696517456,4.1051559496446375,3.877258158066914,3.7582590855980516,3.8711409458534662,swing_plus
231,1.0,1.0,3.503120705252163,True,3.088828696517456,3.6759189137925192,3.6416346879470494,3.671168376293162,3.4702238360985707,swing_plus
232,1.0,1.0,3.58029767198801,False,3.088828696517456,3.7742139815093125,3.7487058633445662,3.745475743058188,3.562073336754216,swing_plus
233,1.0,1.0,3.6461860369032153,False,3.088828696517456,3.8584660969701274,3.7811432770832307,3.6723940511110915,3.6407815671073136,swing_plus
234,1.0,1.0,3.82202933111592,False,3.088828696517456,4.07990566666741,3.8875731086922696,3.722848777781059,3.8475687302834216,swing_plus
235,1.0000000000000002,1.0,3.527005030900124,True,3.088828696517457,3.696144194881325,3.7322995805636223,3.6964378750765525,3.4891248680046973,swing_plus
236,0.9999999999999996,1.0,3.749618669669369,True,3.0888286965174543,3.980600616340941,3.8145985569638383,3.7551775281910498,3.754848916040132,swing_plus
237,1.0,1.0,3.732356810359759,False,3.088828696517456,3.961899629204641,3.8307138789795543,3.678462434643996,3.737385466258711,swing_plus
238,1.0,1.0,3.472023689743751,False,3.088828696517456,3.649195204973803,3.6985943161336827,3.6430927732831484,3.445248256152226,swing_plus
239,1.0,1.0,3.6951557862673474,True,3.088828696517456,3.931389827208337,3.7658365254939357,3.744076818528085,3.7088928687722387,swing_plus
