country,n_buses,n_nodes,n_isolated_attached,k_spectral,k,elbow_convincing,status,energy,potts,balance_pen,contig_excess,contiguous,lambda_c_final,E_min,E_median,E_max,E_spread,E_gap_2nd,ari_best_vs_2nd,n_near_degenerate,ari_near_min,degenerate,restarts_contiguous,zone_buses,zone_share_max_lg,zone_load_share,n_zones_above_floor,n_zones_effective,frac_edges_w_positive,cut_ratio,cut_weight_share_positive,wall_s,config_id,role,alpha,lambda_c_initial,lambda_b,dk,ari_vs_baseline
FR,770,770,0,3,3,False,ok,-211.45000629444218,-211.45000629444218,0.0,0.0,True,1273.078013591097,-211.45000629444218,-182.50689299218925,-153.24302984099364,58.20697645344853,7.422222175524752,0.2671717397522973,0,,False,12,338/254/178,0.559/0.557/0.199,0.469/0.332/0.199,3,2.704046314734672,0.5107480653482374,0.1883061049011178,0.354363075176865,51.98481249809265,a1_lc0.02_lb0.5_dk+0,vary lambda_c_initial,1.0,0.02,0.5,0,0.037871690643625514
ES,567,567,0,3,3,False,ok,-202.0961243344602,-202.0961243344602,0.0,0.0,True,1183.2564059654978,-202.0961243344602,-191.82842245230847,-159.93673403404506,42.15939030041514,0.4968624433770117,0.029170217363722235,0,,False,12,256/211/100,0.410/0.408/0.287,0.385/0.408/0.207,3,2.796120804230266,0.3979974968710889,0.14643304130162704,0.35793782549187503,26.629070043563843,a1_lc0.02_lb0.5_dk+0,vary lambda_c_initial,1.0,0.02,0.5,0,0.027294527012983023
DE,480,479,1,3,3,False,ok,-123.45782114408087,-123.45782114408087,0.0,0.0,True,871.4184999499168,-123.45782114408087,-97.32237320867145,-83.52524153023963,39.93257961384124,0.7969128384442001,0.22576069234679275,0,,False,12,346/89/44,0.716/0.205/0.099,0.696/0.205/0.099,3,1.8664002492411544,0.48710166919575115,0.11836115326251896,0.287206493335144,20.877380847930908,a1_lc0.02_lb0.5_dk+0,vary lambda_c_initial,1.0,0.02,0.5,0,-0.00997196522876297
IT,418,418,0,3,3,False,ok,-129.35412197504962,-129.35436771433254,0.0004914785658471574,0.0,True,798.8868056225209,-129.35412197504962,-110.83454193655135,-53.44152838891557,75.91259358613405,9.147016401475781,0.2605886802319349,0,,False,12,281/97/40,0.750/0.201/0.049,0.750/0.201/0.049,2,1.651330851786361,0.3954305799648506,0.11599297012302284,0.33286667122490793,16.014347076416016,a1_lc0.02_lb0.5_dk+0,vary lambda_c_initial,1.0,0.02,0.5,0,0.3200194597481487
NO,212,211,1,3,3,False,ok,-50.919724736022204,-50.919724736022204,0.0,0.0,True,326.38697779221377,-50.919724736022204,-43.721553322761295,-1.5748051478054363,49.34491958821677,0.36826826351523323,0.9357833354969141,0,,False,12,129/33/49,0.448/0.322/0.308,0.370/0.322/0.308,3,2.981273581459718,0.536,0.132,0.3139443209625145,4.2314512729644775,a1_lc0.02_lb0.5_dk+0,vary lambda_c_initial,1.0,0.02,0.5,0,0.7951716204505326
PL,146,146,0,3,3,False,ok,-68.43479484504448,-68.43479484504448,-2.2188197459915848e-16,0.0,True,274.9085946665763,-68.43479484504448,-56.52021023602774,-32.35836577006318,36.0764290749813,1.2320366183518985,0.44390335307043977,0,,False,12,86/44/16,0.656/0.260/0.120,0.656/0.224/0.120,3,2.0199921599128676,0.5066666666666667,0.19555555555555557,0.5015217269258396,4.004833221435547,a1_lc0.02_lb0.5_dk+0,vary lambda_c_initial,1.0,0.02,0.5,0,0.16557212720260545
SE,133,131,2,3,3,False,ok,-36.346041083662975,-36.346041083662975,1.942890293094024e-16,0.0,True,214.5002122720768,-36.346041083662975,-32.858243117658205,-29.348865642296637,6.997175441366338,0.5567813492258438,0.15554705137577443,0,,False,12,72/36/23,0.642/0.457/0.271,0.642/0.140/0.218,3,2.0869762593735794,0.5944444444444444,0.2111111111111111,0.3743643070324069,3.075329303741455,a1_lc0.02_lb0.5_dk+0,vary lambda_c_initial,1.0,0.02,0.5,0,0.1375985382447205
BG,122,122,0,3,3,False,ok,-125.8168712602129,-125.8168712602129,2.7755575615628914e-17,0.0,True,283.6958272675465,-125.8168712602129,-124.29353494701954,-119.00695393455658,6.809917325656329,0.022531850634635475,0.46890221033405105,2,0.46890221033405105,True,12,51/33/38,0.666/0.477/0.105,0.666/0.252/0.082,3,1.9473757717432827,0.11971830985915492,0.08450704225352113,0.8953510445378245,1.5373249053955078,a1_lc0.02_lb0.5_dk+0,vary lambda_c_initial,1.0,0.02,0.5,0,0.9473248071007624
CH,122,122,0,3,3,False,ok,-42.51733600780794,-42.51733600780794,-3.5388358909926865e-16,0.0,True,213.4518489661001,-42.51733600780794,-37.67640159832156,-16.744157538076706,25.773178469731235,0.0794472220767446,0.5610695587135378,0,,False,12,54/52/16,0.842/0.647/0.124,0.347/0.625/0.028,3,1.9542932796581958,0.4268292682926829,0.12804878048780488,0.40280031487037365,2.063725471496582,a1_lc0.02_lb0.5_dk+0,vary lambda_c_initial,1.0,0.02,0.5,0,1.0
PT,97,97,0,3,3,False,ok,-64.2169590345208,-64.2169590345208,0.0,0.0,True,267.2655760820553,-64.2169590345208,-57.575473428875895,-52.496229540990775,11.720729493530023,2.4283100090602687,0.4823906083244397,0,,False,12,60/31/6,0.512/0.430/0.094,0.476/0.430/0.094,3,2.3805550136995106,0.2857142857142857,0.14285714285714285,0.4880352895903066,1.4789626598358154,a1_lc0.02_lb0.5_dk+0,vary lambda_c_initial,1.0,0.02,0.5,0,0.4100958011958479
RO,93,93,0,3,3,False,ok,-46.45631849243797,-46.45631849243797,-2.220446049250313e-16,0.0,True,198.77974138564986,-46.45631849243797,-43.63640914342642,-33.905362167482025,12.550956324955948,0.4579459121604259,0.5803156917363046,0,,False,12,59/32/2,0.731/0.266/0.100,0.730/0.266/0.004,3,1.655776049488403,0.31092436974789917,0.15966386554621848,0.5040349251965511,1.1475450992584229,a1_lc0.02_lb0.5_dk+0,vary lambda_c_initial,1.0,0.02,0.5,0,0.07464074640746407
FI,84,84,0,3,3,False,ok,-24.97948243358236,-24.97948243358236,-1.1102230246251565e-16,0.0,True,133.7499951354602,-24.97948243358236,-22.846952691253456,-14.445064657558687,10.534417776023671,0.4811934804526068,0.6210854413042949,0,,False,12,31/18/35,0.455/0.380/0.378,0.455/0.290/0.255,3,2.8074823412831633,0.4811320754716981,0.16037735849056603,0.3791951932582736,1.2246677875518799,a1_lc0.02_lb0.5_dk+0,vary lambda_c_initial,1.0,0.02,0.5,0,0.6500476230618043
AT,65,65,0,3,3,False,ok,-15.559749671543777,-15.559749671543777,-1.1102230246251565e-16,0.0,True,109.02997531814341,-15.559749671543777,-13.84540966202912,-10.551536187348622,5.008213484195155,1.7408297026122455e-13,1.0,1,1.0,False,12,36/19/10,0.645/0.558/0.196,0.645/0.257/0.098,3,2.0337147891475875,0.4794520547945205,0.0958904109589041,0.2907549894371753,0.8430869579315186,a1_lc0.02_lb0.5_dk+0,vary lambda_c_initial,1.0,0.02,0.5,0,0.9464240740599409
BE,40,39,1,3,3,False,ok,-11.17289588092467,-11.35898905400459,0.372186346159839,0.0,True,64.97243255244499,-11.17289588092467,-10.309502691019434,-8.796953817370252,2.375942063554419,3.019806626980426e-14,1.0,2,1.0,False,12,21/12/6,0.879/0.101/0.019,0.879/0.101/0.019,2,1.2764639636350954,0.43478260869565216,0.13043478260869565,0.3607606882438535,0.42873144149780273,a1_lc0.02_lb0.5_dk+0,vary lambda_c_initial,1.0,0.02,0.5,0,1.0
CZ,39,39,0,3,3,False,ok,-22.770627487069884,-22.770627487069884,-3.7470027081099033e-16,0.0,True,65.89826190681569,-22.770627487069884,-19.975691860175026,-17.424020750476487,5.346606736593397,0.04199373070296275,0.5047205280307461,0,,False,12,22/7/10,0.714/0.254/0.136,0.714/0.153/0.133,3,1.8151439238114713,0.4642857142857143,0.25,0.7147999756984988,0.6532483100891113,a1_lc0.02_lb0.5_dk+0,vary lambda_c_initial,1.0,0.02,0.5,0,0.5047205280307461
IE,38,38,0,3,3,False,ok,-12.792480701019809,-12.792480701019809,2.7755575615628914e-17,0.0,True,64.59257658783949,-12.792480701019809,-11.153789780688575,-10.224178387731023,2.568302313288786,0.009201341218521009,0.632069608452455,1,0.632069608452455,True,12,18/18/2,0.511/0.395/0.275,0.330/0.395/0.275,3,2.9368766531402706,0.5882352941176471,0.17647058823529413,0.4087539257332752,0.7040367126464844,a1_lc0.02_lb0.5_dk+0,vary lambda_c_initial,1.0,0.02,0.5,0,0.8116480793060719
HU,36,36,0,3,3,False,ok,-24.09102591400896,-24.09102591400896,6.106226635438361e-16,0.0,True,70.9670840212774,-24.09102591400896,-22.728339842758,-20.783692249278438,3.307333664730521,3.552713678800501e-15,1.0,4,1.0,False,12,23/2/11,0.536/0.329/0.223,0.448/0.329/0.223,3,2.788735272212718,0.4,0.16,0.6986238799533873,0.4952504634857178,a1_lc0.02_lb0.5_dk+0,vary lambda_c_initial,1.0,0.02,0.5,0,1.0
BA,35,35,0,3,3,False,ok,-18.070257229579425,-18.070257229579425,0.0,0.0,True,64.80272402733036,-18.070257229579425,-16.879691394564027,-10.398902342846162,7.671354886733264,0.5138136536540081,0.616163189037683,0,,False,12,25/8/2,0.738/0.356/0.063,0.687/0.251/0.063,3,1.857995749068877,0.5,0.15217391304347827,0.575460937704413,0.42467260360717773,a1_lc0.02_lb0.5_dk+0,vary lambda_c_initial,1.0,0.02,0.5,0,1.0
NL,34,34,0,3,3,False,ok,-7.478067988452699,-7.478067988452699,6.661338147750939e-16,0.0,True,40.80165983741398,-7.478067988452699,-7.215590356417719,-6.055675451838896,1.4223925366138026,5.3290705182007514e-14,1.0,2,1.0,False,12,22/8/4,0.832/0.155/0.090,0.832/0.079/0.090,3,1.416222450891235,0.575,0.125,0.3854509327583979,0.4159667491912842,a1_lc0.02_lb0.5_dk+0,vary lambda_c_initial,1.0,0.02,0.5,0,1.0
RS,34,34,0,3,3,False,ok,-18.717916590986675,-18.717916590986675,-2.220446049250313e-16,0.0,True,69.90046540362994,-18.717916590986675,-18.471241789535718,-12.002284647587949,6.715631943398726,2.1316282072803006e-14,1.0,4,1.0,False,12,23/4/7,0.701/0.248/0.164,0.701/0.135/0.164,3,1.8632917770606767,0.4166666666666667,0.14583333333333334,0.5513339703850084,0.45688486099243164,a1_lc0.02_lb0.5_dk+0,vary lambda_c_initial,1.0,0.02,0.5,0,1.0
DK,32,32,0,3,3,False,ok,-15.200079589506128,-15.200079589506128,9.71445146547012e-17,0.0,True,59.225211904500995,-15.200079589506128,-14.660932106823545,-5.669104100104804,9.530975489401325,8.881784197001252e-14,1.0,3,1.0,False,12,9/18/5,0.515/0.398/0.264,0.515/0.384/0.101,3,2.3647385729283226,0.4594594594594595,0.10810810810810811,0.5564627095244238,0.29499316215515137,a1_lc0.02_lb0.5_dk+0,vary lambda_c_initial,1.0,0.02,0.5,0,1.0
SK,32,32,0,3,3,False,ok,-21.73366191540437,-21.73366191540437,-5.551115123125783e-17,0.0,True,68.36948603228272,-21.73366191540437,-19.5062402633921,-14.938969020764333,6.794692894640036,1.7912723926106224,0.6768027801911382,0,,False,12,10/12/10,0.610/0.485/0.291,0.283/0.426/0.291,3,2.8877769797345065,0.375,0.175,0.6549293422231043,0.3619837760925293,a1_lc0.02_lb0.5_dk+0,vary lambda_c_initial,1.0,0.02,0.5,0,1.0
GR,31,31,0,3,3,False,ok,-22.31885563412757,-22.31885563412757,2.7755575615628914e-17,0.0,True,69.94083513454616,-22.31885563412757,-21.645874372857513,-11.873196643989147,10.445658990138423,4.298783551348606e-13,1.0,2,1.0,False,12,23/6/2,0.897/0.164/0.091,0.818/0.164/0.018,3,1.4375777317289984,0.20512820512820512,0.07692307692307693,0.6570085748851301,0.26600193977355957,a1_lc0.02_lb0.5_dk+0,vary lambda_c_initial,1.0,0.02,0.5,0,1.0
LT,26,26,0,3,3,False,ok,-9.023465894152299,-9.077005372117632,0.10707895593066849,0.0,True,34.72543481182022,-9.023465894152299,-6.245018386965767,-4.305198376717394,4.718267517434905,7.105427357601002e-15,1.0,3,1.0,False,12,10/15/1,0.721/0.401/0.034,0.721/0.245/0.034,2,1.7200964380631298,0.6129032258064516,0.16129032258064516,0.5547370370669038,0.2472984790802002,a1_lc0.02_lb0.5_dk+0,vary lambda_c_initial,1.0,0.02,0.5,0,1.0
LV,19,19,0,3,3,False,ok,-8.6053622270797,-8.6053622270797,2.7755575615628914e-17,0.0,True,38.24393533408308,-8.6053622270797,-8.60536222707939,-1.6153596004116286,6.990002626668072,1.794120407794253e-13,1.0,9,1.0,False,12,12/3/4,0.721/0.177/0.122,0.721/0.157/0.122,3,1.7868252226550576,0.5217391304347826,0.21739130434782608,0.4748580499197032,0.27547240257263184,a1_lc0.02_lb0.5_dk+0,vary lambda_c_initial,1.0,0.02,0.5,0,1.0
HR,18,16,2,3,3,False,ok,-7.08771649755966,-7.08771649755966,0.0,0.0,True,19.617055069271707,-7.08771649755966,-6.8478629392160535,-5.658550703881732,1.4291657936779272,8.881784197001252e-15,1.0,4,1.0,False,12,7/5/4,0.647/0.585/0.262,0.647/0.188/0.165,3,2.0778830043855345,0.3684210526315789,0.21052631578947367,0.8046425999907648,0.20084357261657715,a1_lc0.02_lb0.5_dk+0,vary lambda_c_initial,1.0,0.02,0.5,0,1.0
EE,15,15,0,3,3,False,ok,-18.04168041592804,-18.04168041592804,3.834009932451865e-17,0.0,True,21.000000000000004,-18.04168041592804,-17.173622770292944,-17.13858173508346,0.9030986808445824,1.5631940186722204e-13,1.0,1,1.0,False,12,13/1/1,0.864/0.068/0.068,0.864/0.068/0.068,3,1.3245742939663558,0.0,0.10526315789473684,0.0,0.1807553768157959,a1_lc0.02_lb0.5_dk+0,vary lambda_c_initial,1.0,0.02,0.5,0,1.0
AL,13,13,0,3,3,False,ok,-6.182567416313435,-6.182567416313435,-1.1102230246251565e-16,0.0,True,22.607135410445704,-6.182567416313435,-6.182567416313413,-2.5030082224055032,3.6795591939079317,3.552713678800501e-15,1.0,10,1.0,False,12,5/7/1,1.395/0.811/0.244,0.108/0.811/0.080,3,1.4790843760443895,0.4117647058823529,0.29411764705882354,0.6274741248158473,0.2870216369628906,a1_lc0.02_lb0.5_dk+0,vary lambda_c_initial,1.0,0.02,0.5,0,1.0
SI,9,9,0,2,2,False,ok,-4.9812034441817294,-4.9812034441817294,0.0,0.0,True,18.56677233494208,-4.9812034441817294,-3.084000062003384,-2.8781268821196093,2.10307656206212,1.6913302022945693,-0.14084507042253522,0,,False,12,8/1,0.935/0.125,0.875/0.125,2,1.2792429770187848,0.5,0.16666666666666666,0.6013486928501506,0.14304900169372559,a1_lc0.02_lb0.5_dk+0,vary lambda_c_initial,1.0,0.02,0.5,0,1.0
MK,5,5,0,2,2,False,ok,-1.3536307413123803,-1.3536307413123803,0.0,0.0,True,4.7072614826247605,-1.3536307413123803,-1.353630741312378,-1.353630741312374,6.217248937900877e-15,0.0,1.0,11,1.0,False,12,2/3,0.571/0.429,0.571/0.429,2,1.960167320206841,0.4,0.4,1.0,0.0984959602355957,a1_lc0.02_lb0.5_dk+0,vary lambda_c_initial,1.0,0.02,0.5,0,1.0
XK,6,5,1,2,2,False,ok,-2.304412111067224,-2.304412111067224,0.0,0.0,True,8.783096600690602,-2.304412111067224,-2.304412111067224,-2.3044121110672062,1.7763568394002505e-14,0.0,1.0,11,1.0,False,12,4/1,0.833/0.167,0.833/0.167,2,1.3846153846153844,0.5,0.25,0.6794572587489336,0.07751870155334473,a1_lc0.02_lb0.5_dk+0,vary lambda_c_initial,1.0,0.02,0.5,0,1.0
