config,snsp_target,snsp,stored_energy,n_committed,rocof_top5,r_rocof_top5,dev_top5,r_dev_top5,rocof_top1,r_rocof_top1,dev_top1,r_dev_top1,nadir_top5,r_nadir_top5
0,0.3,0.29999999999999993,47.61,4,1.2729607869258186,0.9675549016886821,0.937520721921314,0.9950915686532633,0.2913758501879262,0.9770285180263707,0.20203933242761965,0.9950290835976894,0.8755766974938004,0.9946401521700868
1,0.3,0.30000000000000004,50.37499999999999,4,1.4150217272817163,0.9604679837339785,0.9875862631411014,0.9973310377952075,0.31559898822880816,0.9689075215439421,0.20764125418005444,1.0034032798912134,0.9275218822095612,0.9971230172034924
2,0.3,0.29999999999999993,50.37499999999999,4,1.5096926218922555,0.959210048448226,1.0471033284133593,0.9974940045282407,0.33702451275157413,0.9689353320069277,0.22586199232697773,1.0039282876917501,0.9870550607729367,0.997304346289653
3,0.3,0.30000000000000004,54.72,4,1.302337307226053,0.9921422189534282,0.9566016667437953,0.9952833353165191,0.3032047296611065,0.9964579963503138,0.20344562222099521,0.9959908599380185,0.9005128589624259,0.9950960894703087
4,0.3,0.30000000000000004,47.215,3,1.2669629537322358,0.8996409146383889,0.9324973018568274,0.9938950332963693,0.2863790585163167,0.9080104956501124,0.20087942478162302,0.994921401979777,0.8655883390369038,0.9940160243078028
5,0.3,0.30000000000000004,54.72,4,1.300114605588444,0.9918695720790704,0.9542863831919215,0.9958015332783906,0.3026957816367425,0.9958141834732742,0.20382789709992802,0.9963788111345828,0.8982038595337537,0.995641589684176
6,0.3,0.29999999999999993,49.19,4,1.119383919626737,0.9583042268015649,0.8683725378824605,0.9975717752500444,0.2604909231700546,0.9676704978925645,0.18410045540171568,0.9997525713422487,0.8072778923745865,0.9966121986170318
7,0.3,0.29999999999999993,50.37499999999999,4,1.504813077976911,0.9592554062105265,1.0442580661474943,0.9973131981284862,0.33522075266238127,0.9683608223392638,0.22507440501519427,1.0038413554656087,0.9841967225066506,0.9971150734631398
8,0.3,0.29999999999999993,54.72,4,1.3224654989755487,0.9927390967618434,0.9735136099493318,0.9961567507837851,0.31270791823185573,0.9987806997582348,0.21141765053996195,0.9969221386035856,0.9174492294594302,0.9960631731340269
9,0.3,0.29999999999999993,49.19,4,1.1892319241621552,0.9556181042578678,0.9126689615495358,0.9975362708906931,0.27695148505608397,0.9623816274399783,0.19544341981373875,1.0000951981687103,0.8515659224856249,0.9966164450926663
10,0.3,0.3,47.61,4,1.2790510104722008,0.9652154139538456,0.9389697423093424,0.9948700492947036,0.2931671183752598,0.9749938015299625,0.20407137253583066,0.9951138186563028,0.8770204986769052,0.9944074301616032
11,0.3,0.2999999999999999,53.535,4,1.174315118516885,0.993265641671318,0.8651876383163071,0.9968127045981126,0.27436438753138004,0.993527882410916,0.18841076731243758,0.9985097201931723,0.8065157844712652,0.9961645783597993
12,0.3,0.29999999999999993,53.535,4,1.2020018259834222,0.9934902115249638,0.8783340079423926,0.9967161667815423,0.2812927361423992,0.9938964187656932,0.1930992543536151,0.9983058519454453,0.8196791021173844,0.9961071053764251
13,0.3,0.29999999999999993,50.37499999999999,4,1.4523081510315565,0.9629936306285329,1.0116244761937254,0.9974526447611369,0.3237570299833354,0.9711832111413061,0.2151260043843802,1.0036737919820777,0.9515619678405324,0.9972636283545594
14,0.3,0.3,50.37499999999999,4,1.4965812211973204,0.9571678598207604,1.036441669730817,0.9968723603303445,0.3333352876090472,0.9651042309064102,0.22190620614515977,1.0031609208595131,0.976380171897587,0.9966521487910508
15,0.3,0.2999999999999999,53.535,4,1.177805736735961,0.9941078606668257,0.8653329311176942,0.9969742483053219,0.27596294969299545,0.9943837904937962,0.18981193343470446,0.9984428460848213,0.8066995446926815,0.9963731580700428
16,0.35,0.35000000000000003,47.61,4,1.3271233421994295,0.9666128888162349,0.96683501596168,0.9952438184837153,0.30477447754132436,0.9769287783725338,0.21196617909326115,0.9954141432304707,0.904873720132025,0.9948192564344555
17,0.35,0.3499999999999999,49.19,4,1.2420670450051798,0.9531235105845293,0.9610755125412652,0.9978877648522761,0.2903980566217272,0.9605122790260937,0.2112954506190809,1.0004010315691607,0.8999790639489547,0.9970457904690443
18,0.35,0.3499999999999998,42.870000000000005,3,1.3210544396263593,0.9954783019103307,1.014360042869965,0.9954142889011719,0.30000769151957335,1.0133270399382877,0.21812894321278317,0.99644374879592,0.9429820593251529,0.9945603233148554
19,0.35,0.35000000000000003,44.055,3,1.5853913735637577,0.985515164792666,1.181234124900399,0.9957974184067301,0.3587717833875124,0.993227739923577,0.25497847385597316,0.9971467398994578,1.1137805813282324,0.9955732953351962
20,0.35,0.35,53.535,4,1.1904171400418675,0.9941749939773169,0.8859159877674992,0.9962785620930141,0.2788202115205316,0.9940195395590185,0.1963832726596672,0.9984521194098901,0.8272786991269264,0.9956408592859588
21,0.35,0.35,42.87,3,1.3438318502113442,0.9903550123882329,0.9897620388074546,0.9932684977546091,0.2956107583678547,0.9920332256085747,0.20919568234334024,0.9955317564170508,0.9178812325997274,0.9927014446848776
22,0.35,0.3499999999999999,44.055,3,1.5808164241100509,0.9854149898914096,1.1726001330937144,0.9958766422086376,0.35354412966898036,0.9918294335836026,0.2507635288876688,0.9970880970350262,1.1051651654959058,0.9956642277667638
23,0.35,0.35,42.87,3,1.3817533769091555,0.9936253247756585,1.019956247950189,0.9927694933712717,0.3028424975109597,0.9965761252481488,0.21569033847825342,0.9955084755660344,0.9480790796535128,0.9921757891258091
24,0.35,0.35,54.72,4,1.3846758353938926,0.9942969641261071,1.0208957502775904,0.9958463561395758,0.3315556169404573,1.0023924526663457,0.22556963916297207,0.9966990549734243,0.9648380404729784,0.9957591482578237
25,0.35,0.3499999999999999,42.870000000000005,3,1.3807432269780917,0.9961664257546956,1.0515198593935424,0.9958850899621698,0.31281173149294944,1.011467963000183,0.22668133594025236,0.9967927700123275,0.9801483019220602,0.9951037217619725
26,0.35,0.34999999999999987,47.215,3,1.2623483540710663,0.9037588513466692,0.9297730666128154,0.9939040813542145,0.28562475737899523,0.9102259857510067,0.19870685974155228,0.9944759323384137,0.8628712505470038,0.994027825751456
27,0.35,0.3499999999999999,42.87,3,1.438931420279167,0.9913054454960812,1.052011867112816,0.9934771186060928,0.31825649121011973,0.9954747590726372,0.22736945299515718,0.9959701670165193,0.9801264362965529,0.9929576542442828
28,0.35,0.35,44.055,3,1.5732972408820185,0.9842985148311252,1.1640634615387007,0.9957702078230294,0.35430726753023434,0.9912192725655119,0.24788009659833743,0.9969503428907088,1.096625674246559,0.9955491450685598
29,0.35,0.3499999999999999,44.055,3,1.5300381227525506,0.9827810179292127,1.1290096136429895,0.99601137375367,0.34197941148528205,0.9892581246171018,0.23827910907857913,0.9966170568455769,1.0615468437881064,0.9957772153570034
30,0.35,0.3499999999999999,44.055,3,1.5675438967243838,0.9839831888990692,1.1560571991701014,0.9957765131460475,0.3486678460850213,0.9889725648388842,0.24507844197946235,0.9971200698366197,1.088616237137975,0.9955459323572959
31,0.35,0.3500000000000001,50.37499999999999,4,1.4870416874287484,0.9625595104689293,1.0360996160570086,0.9972395023789009,0.3323363619581727,0.9712307861635634,0.22156288100077665,1.003521540783614,0.976041392959325,0.997037721989861
32,0.4,0.39999999999999997,49.19,4,1.2895117995075165,0.9525925701948639,0.9933976316597235,0.9978852054865136,0.3024024922956047,0.9598464595933467,0.22013138857388462,1.0003132232171654,0.9322803491480895,0.9970575421164672
33,0.4,0.4,41.290000000000006,3,1.4469465073558196,0.9950842891804539,1.1077106488745256,0.993060352627638,0.33333924445290536,1.0116715224619954,0.2420412836249953,0.9942876490024258,1.037440612343096,0.9927329853814467
34,0.4,0.4,47.215,3,1.3221517387088437,0.8956975806424907,0.9725482013738087,0.993628594026011,0.29961095626380835,0.9040873365775968,0.20915845915206552,0.9944105850182193,0.9056405208523228,0.9937236408338828
35,0.4,0.4,50.37499999999999,4,1.6106750714122267,0.9603441626472807,1.1055092451314545,0.9963426643732318,0.35928819916521426,0.9698553608835402,0.23973365616575024,1.0030629439839551,1.0454550712009074,0.9961108902889436
36,0.4,0.4,41.685,3,1.1709578101739575,1.007664608536498,0.907001801273894,0.9979832550805299,0.27116197374713213,1.0104898381064369,0.1906172212824278,0.9983714588731145,0.8328194324337235,0.9973924485139566
37,0.4,0.4000000000000002,44.055,3,1.6026222334345555,0.9877224767489036,1.2007468124253606,0.9956492477325505,0.36074430715124534,0.9962289196733048,0.25933303268000485,0.99698038261578,1.1333145056325133,0.9954378190350605
38,0.4,0.4000000000000001,41.290000000000006,3,1.4577954704396254,0.9985047594664205,1.095137420796418,0.992956978087863,0.33132951448678577,1.0102399035235057,0.2313650716527758,0.9938022424232625,1.0248715778792086,0.9926334920265593
39,0.4,0.4000000000000001,47.61,4,1.3139831253754835,0.9687666119559458,0.9575447530192678,0.9949953368664812,0.30129892656720614,0.979307701277805,0.20576574776678055,0.995023695547678,0.8955973951761159,0.9945426668933232
40,0.4,0.4,41.685,3,1.2041898929897918,1.0156537939628265,0.9585769401111796,0.9979171421473304,0.2833521400839173,1.028070438279752,0.20955557605782288,0.9991636324778816,0.8843950621659189,0.997350958273656
41,0.4,0.4,47.61,4,1.354306576935819,0.9707246030350885,0.9806303472650597,0.9951231094416038,0.31024558699086624,0.9803281688032274,0.2142544922978375,0.9951320523902536,0.9186860102815319,0.9947068740672167
42,0.4,0.4,47.215,3,1.3136342361174322,0.8583259108335514,0.9920904967030395,0.9931691299699277,0.29634703630605747,0.8632258671802875,0.2184081261515872,0.9951571846617645,0.9251734241751048,0.9932283456342701
43,0.4,0.3999999999999999,47.61,4,1.3909149880793779,0.9698413036585853,0.9956192297110296,0.9953919161788491,0.3193794499669833,0.9790798794663418,0.21936112445341577,0.9957236163511938,0.9336660212917295,0.9949750878500708
44,0.4,0.4000000000000001,47.61,4,1.3438664432544682,0.9697131537198933,0.9798217036311513,0.995020255068084,0.3078697505681715,0.9803624349202221,0.21137333913554263,0.9951130315717214,0.917869849033791,0.9945733824047324
45,0.4,0.4,50.37499999999999,4,1.5732270845644802,0.9617268811622659,1.0843441523285744,0.9962783428621291,0.35218134887437513,0.9706012765705193,0.23310647786328156,1.0026457472552552,1.0242814636614694,0.9960375418228616
46,0.4,0.4,47.61,4,1.3025115689442182,0.9711357946459072,0.9526505535158563,0.9949398267960041,0.2982711812530349,0.9823801929439036,0.2023793441806439,0.9946230877715322,0.8906883100490994,0.9944834724068633
47,0.4,0.4,50.37499999999999,4,1.6068726657637058,0.9606598375864039,1.1131355339041167,0.9964594308209367,0.3590987963796117,0.9707801330396347,0.2458353236689514,1.0034138219433049,1.0531077922752035,0.9962415007119856
48,0.45,0.45000000000000007,42.87,3,1.4833533563540175,0.9936825752995976,1.0809799245701248,0.9933017129470885,0.3269031723144812,0.9941882450025039,0.23122287568709315,0.9959541047403515,1.0091377432140543,0.9927866199062362
49,0.45,0.45,47.61,4,1.3609287034120139,0.9690654345430282,0.9909012446396032,0.9955182528116987,0.3117161759081833,0.9811573636871358,0.21599177402615571,0.9953585439581613,0.9289255921619176,0.9951039760433935
50,0.45,0.4499999999999999,47.215,3,1.3194298777641413,0.8784943585489218,0.9871447802573226,0.9933343615600418,0.29806826914069584,0.8872382011045512,0.21645822131273965,0.9946995273521221,0.9202315637197961,0.9933985694650959
51,0.45,0.45,47.215,3,1.3568847138809446,0.8601334690771723,1.03397959674267,0.9935546312158039,0.30499955642702525,0.8643399469895846,0.23248092165727297,0.9960385088151851,0.9670823571544677,0.9936254542352135
52,0.45,0.45000000000000007,42.870000000000005,3,1.498546022115282,0.9945218906583119,1.1373065197639114,0.9949989466598642,0.34030724755363034,1.017972169349354,0.24839805207190108,0.9967132655912362,1.0659819493445772,0.9942620077308628
53,0.45,0.4499999999999999,38.525,3,1.4207587299851367,0.9337237051634999,1.1709735907162144,0.9997818986012754,0.3154035867769903,0.9310564424292065,0.24866662132467865,1.0005500716885647,1.0935046853739963,0.9997347392894703
54,0.45,0.45,47.215,3,1.3549951596358236,0.8844804368774923,1.0113990434106972,0.9936144427436636,0.3062913960983914,0.8900894111286629,0.22277558913275536,0.9951928961628891,0.9444876065718468,0.993698151573454
55,0.45,0.45,44.055,3,1.6821948134723885,0.9908977961412222,1.256502351080411,0.9954539594792621,0.38264209952349065,1.000891368783679,0.2739737623966513,0.9973415285536488,1.1890868852406464,0.9952545216493482
56,0.45,0.45000000000000007,50.37499999999999,4,1.632305695127314,0.9632273915693266,1.1233108876728868,0.995095678718237,0.36363053010814717,0.970256701426552,0.2525765445812876,1.0021539665743437,1.063264481995247,0.9948022607749952
57,0.45,0.45,42.87,3,1.4879687255001575,0.9960106058111509,1.087422689143178,0.9925178164197181,0.3287995322138694,0.9984767731387187,0.23270482145441748,0.9953910069900964,1.0155705975058686,0.991951163227448
58,0.45,0.45,38.525,3,1.4450469698332598,0.9345213408458586,1.1791325601229026,0.9997317650049427,0.32009242216747485,0.9359181130237431,0.24874021279052966,1.0006066591774618,1.1016799770683376,0.9996900272558558
59,0.45,0.45,40.105000000000004,3,1.260175322117253,0.9922638896338206,0.9895766507836384,0.9924965429501643,0.2817858232793785,0.9992630598266283,0.2143022228917702,0.9942476749781916,0.9129045676321349,0.9912579183218537
60,0.45,0.44999999999999996,38.525,3,1.373058613103677,0.9359402785527055,1.1275343964624522,0.9997214406723053,0.30241632856209655,0.9351460016946008,0.23595592951965533,1.0005172136005736,1.0500790792036907,0.9996763520958946
61,0.45,0.45,42.870000000000005,3,1.420852509501859,1.0020863428185114,1.0686569080405823,0.9956266951607885,0.3222538431281404,1.0220950370736945,0.2268735412312121,0.9960677006714247,0.997296871425285,0.994836585748076
62,0.45,0.44999999999999996,38.525,3,1.4658867648970657,0.931263792473931,1.2155962104050402,0.9998706397522593,0.3264085007681314,0.9309922950930666,0.26323059073772026,1.000447297109606,1.138132987500128,0.9998336701351411
63,0.45,0.44999999999999996,41.290000000000006,3,1.5759466083305367,0.9976457195106203,1.1879883560665103,0.9935205275766216,0.36414736662428826,1.014418490595385,0.259249341431735,0.9947678778556386,1.117733711960173,0.9932435868802377
64,0.5,0.5,41.290000000000006,3,1.442269262904233,0.9980351290918481,1.0912271432587581,0.9928832952028778,0.32645797437176005,1.0122696432132647,0.23063561719663053,0.9933683612881952,1.0209907069216408,0.9925593841040755
65,0.5,0.5,38.525,3,1.485457706820096,0.9371676536962166,1.2085408076603996,0.9994378869877414,0.329059741648658,0.9407220245875321,0.25915504953453805,1.000395450943971,1.1310956220741104,0.9993930947016122
66,0.5,0.5000000000000001,35.760000000000005,3,1.4261314816604957,0.96045918066667,1.0958145449383907,0.9944183001936123,0.3180583021048221,0.9699783308757026,0.23346634258038573,0.9960626954871885,1.0139431493950766,0.9942527747053133
67,0.5,0.5000000000000002,35.760000000000005,3,1.4117421168504103,0.9619919397598564,1.086882998576277,0.9946604052218627,0.3153656205960812,0.9723759772576888,0.2303579229535353,0.9961039282167828,1.0050148182520096,0.9945306226223626
68,0.5,0.49999999999999994,36.945,3,1.6538987061684558,0.9719530784740948,1.2779324616111858,0.9982905136440869,0.36030837742970834,0.976637679267618,0.2743039073483481,0.997869528281546,1.1944527579823254,0.9981431158593655
69,0.5,0.5,40.105000000000004,3,1.3040221319515015,0.9934601215246478,1.023250128305009,0.9915179365411306,0.2924562279236152,1.0023623067731344,0.22036823458832316,0.9930292554752632,0.9465690149315347,0.9902407011269763
70,0.5,0.49999999999999994,41.685,3,1.2352803750610555,1.0148112342284408,0.9753187317611827,0.9976069278348645,0.2892871541165539,1.0245158335641604,0.2112280997048086,0.9982949199224808,0.9011520440199423,0.9970096698643185
71,0.5,0.49999999999999994,36.945,3,1.6264582324210726,0.9707857201767036,1.2503062410919599,0.9981918723741005,0.3538349533376737,0.9760317068032563,0.2648087055808627,0.9976893435417128,1.1668593350503196,0.9980639115718345
72,0.5,0.5,35.760000000000005,3,1.4746793159719291,0.9601065444345642,1.1339512905493772,0.9947584614958882,0.32957338191102714,0.9700727431962739,0.24246806280672936,0.9967236972563545,1.0520917082923504,0.9946371534452719
73,0.5,0.49999999999999983,40.105000000000004,3,1.3022361416840824,0.9927507621815165,1.0222283667842533,0.9917945853587373,0.2909177484644711,1.0005607106282886,0.21776247596525153,0.992917479681045,0.9455500363235148,0.9905307940070206
74,0.5,0.49999999999999983,40.105000000000004,3,1.3891564710259054,0.9924744507338151,1.0697959150488054,0.9915698372316739,0.31377612514927256,0.9982647646794289,0.23423708781144317,0.9942165025890505,0.9931401445295351,0.9903467776045344
75,0.5,0.5,36.550000000000004,2,1.7108259890782542,0.8620621412825676,1.3097746563883848,0.9991502498833096,0.37286704287930383,0.8601854887767928,0.281859374157956,0.9988676704956807,1.227462831547488,0.9993388319236652
76,0.5,0.5,36.945,3,1.6992827144540557,0.9682064267181851,1.299673945968301,0.9983051213554373,0.3709102082427624,0.9751206206391909,0.2804851688433001,0.9977378664155351,1.2162067608788603,0.9981801374934075
77,0.5,0.49999999999999994,40.105000000000004,3,1.271022239707879,0.9922489282206218,0.9963345254599348,0.9925213683696159,0.28371523595196757,1.0019946362368362,0.211942249502686,0.9933476126897023,0.9196672612607859,0.9912799982424412
78,0.5,0.49999999999999994,47.215,3,1.3804064145674888,0.872209645576987,1.0285940600001209,0.9932617214757915,0.31275552958370245,0.8791269181677246,0.22555579737235204,0.9947956389562896,0.9616818358608279,0.9933153466240702
79,0.5,0.5,40.105000000000004,3,1.2870040263688451,0.9927997283188873,1.0109874321031052,0.9922713903699215,0.2863645029977183,1.0009233636193973,0.2157417060256901,0.9933638707236224,0.9343045949733277,0.9910349927353941
80,0.55,0.5500000000000002,33.785000000000004,2,1.4487062079285353,0.9048689203373833,1.1306417174461878,1.0035638882338567,0.3188376030945266,0.9237862944125795,0.23639803128743617,1.0025545294193186,1.0433542310404307,1.0030184679896725
81,0.55,0.5499999999999999,35.365,2,1.6645968708816319,1.0274247265106542,1.1073065031867044,0.9974803965488592,0.37047057411656276,1.0320437202847874,0.2375442824549952,0.9959665126608492,1.0225029163781574,0.9978693160641312
82,0.55,0.5499999999999999,35.760000000000005,3,1.556503684018762,0.9587471774857566,1.1885229091193978,0.9946844039582781,0.3467257674538417,0.9679156399087345,0.2555941518730538,0.9967525130931706,1.1066595314603505,0.9945450098108306
83,0.55,0.5499999999999999,33.785000000000004,2,1.5738711927105222,0.8966116163728071,1.2359647740420205,1.004580683159075,0.3449610602617396,0.9198099181856316,0.2677270920872633,1.0023095107580764,1.1486568768204193,1.004190549366294
84,0.55,0.5499999999999999,40.105000000000004,3,1.4486599969047051,0.9924238362887653,1.1187356830590607,0.9922091868338297,0.325343995407856,0.9981153541635125,0.2480741319877709,0.9948407231904786,1.042069221842055,0.9910824300115721
85,0.55,0.55,41.290000000000006,3,1.5934704955640107,0.9985425549386737,1.2029218220703537,0.9938258551677235,0.3695369194036779,1.0208407960524875,0.2688929143408504,0.99501656676842,1.13267960342966,0.9935556608758509
86,0.55,0.5500000000000002,36.945,3,1.7743404857395642,0.9691946956107403,1.3411496261824607,0.9984246815546071,0.3866949985071658,0.9753924012030778,0.29087955611785693,0.9977730312833054,1.2577076942874665,0.9983061231905543
87,0.55,0.55,41.290000000000006,3,1.6574059855673116,0.9994029643319625,1.251415166034709,0.9936969791396079,0.38247769097280426,1.0214258208102236,0.2767526114939843,0.9952213887292427,1.1811371499273,0.9934278951937944
88,0.55,0.55,36.550000000000004,2,1.7485415872599641,0.8576699684095226,1.3227388613642206,0.9988613388879874,0.38275080550813156,0.8548585087919142,0.28138854179880335,0.9986563306941147,1.2404216975426945,0.9990146737201631
89,0.55,0.5500000000000002,42.87,3,1.6451039537259944,0.9978568846607416,1.1972720190171589,0.993003342720093,0.36498279205251294,0.9991401291648296,0.26393746049639494,0.9962543820892968,1.1254386000108436,0.9924991709371963
90,0.55,0.55,35.760000000000005,3,1.5488527180180935,0.9610974261556051,1.1983455362649724,0.994848330321059,0.34564952700999113,0.9691818245810552,0.2613749465267143,0.9969659652939609,1.1164932988645426,0.9947588575483453
91,0.55,0.5500000000000002,36.945,3,1.6131940905248825,0.9702383959366104,1.2437025884329111,0.9976507990920891,0.35366825723403006,0.9781937802821093,0.26414556480567547,0.9972185855225639,1.160209911648617,0.9974566899065443
92,0.55,0.5500000000000003,36.945,3,1.6544906455200947,0.9720663892862642,1.2759924679844352,0.9979684168780528,0.36208416759988216,0.9789118994786173,0.2698071196190269,0.9978025167285434,1.1924753429612533,0.9978121999916562
93,0.55,0.55,33.785000000000004,2,1.5751140638255758,0.8954666577374347,1.21362590839982,1.0038958305024326,0.3468534370093608,0.9152084980408528,0.25384146230655846,1.0026642424589227,1.126355744970191,1.0034582740511764
94,0.55,0.5499999999999999,35.760000000000005,3,1.4068435103517523,0.9671359662921722,1.1016454819058077,0.9949966997589688,0.3142456358086291,0.9770772445324929,0.23632830931882257,0.9962239943862541,1.019793013125747,0.994907302007042
95,0.55,0.5499999999999997,42.87,3,1.654533650749223,0.9973807577922321,1.191153594699694,0.9931216405852276,0.36592465463281243,0.9974589152460633,0.2603735931516586,0.996351744209756,1.1193189893562483,0.9926490718097007
96,0.6,0.6000000000000001,36.550000000000004,2,1.7948308441565473,0.8857213998092871,1.343371445157552,0.9986599194091821,0.3912854995980467,0.8828036848578154,0.28486072399242757,0.9979667955341336,1.2610796868042224,0.9988010801111042
97,0.6,0.6000000000000001,30.625000000000004,2,1.903285855969407,0.9886751133956094,1.5269022257258758,0.9955985653196276,0.41033156971418555,0.9978065799292706,0.321706704109091,0.9957416543209707,1.4306803453329984,0.9952475240135344
98,0.6,0.6,30.625000000000004,2,1.854245272002316,0.9878883090304018,1.477562226064689,0.9957326292921704,0.39839184009743356,0.9954368232163079,0.30636185786153763,0.9958072245659944,1.3813686068368813,0.99540506430299
99,0.6,0.6000000000000001,36.550000000000004,2,1.8201893659325403,0.876121801931263,1.3717545514379885,0.9986182435727463,0.39789479459558413,0.876384034595893,0.2922406372626952,0.9980183007552194,1.289467021240388,0.9987641329366194
100,0.6,0.6,33.785000000000004,2,1.5593163490468502,0.899762143092674,1.2154576814118232,1.0044197503820465,0.3432617218380216,0.9185299254360332,0.2581885925102022,1.0027841616708637,1.1281542728446399,1.003976847280406
101,0.6,0.5999999999999999,33.785000000000004,2,1.6467076838119503,0.8716906088575936,1.2944540569029415,1.00615899193176,0.3601407680108112,0.884410335899162,0.28119852635180903,1.002562823749574,1.207060561953504,1.0059077308728144
102,0.6,0.6000000000000001,33.785000000000004,2,1.622198011645326,0.890928898753192,1.2732054020240908,1.005315229411194,0.35450708516352186,0.9157305182905017,0.2758067222214574,1.0023235259703973,1.185933894023282,1.0050299891610053
103,0.6,0.5999999999999998,32.205,2,2.0327887825150874,0.9515906898945903,1.4772436157375883,0.9956970058446208,0.4418131335156856,0.9453255771721245,0.3134104820070459,0.9971017372156251,1.3872471614660995,0.9951331958592954
104,0.6,0.5999999999999998,40.105000000000004,3,1.4649348119573684,0.997310021059796,1.1306280004442646,0.9914786064710934,0.3303312322477808,1.0081187998063152,0.25249573783191903,0.9945213603752907,1.0539637251256173,0.9903043246700438
105,0.6,0.5999999999999999,33.785000000000004,2,1.6146552687874043,0.8821198477627864,1.262175009449254,1.005528571908971,0.35376713058699205,0.9035963977111255,0.2709570856776199,1.0024127208434495,1.17486528358714,1.0052545225881806
106,0.6,0.5999999999999998,33.785000000000004,2,1.659130016198322,0.8853227957797475,1.2892824193676427,1.004982829636192,0.3650540239494757,0.9083426180926156,0.27688719876011164,1.0025522874485213,1.2019013110282335,1.004630550801543
107,0.6,0.5999999999999999,31.020000000000003,2,1.6352304427846676,0.9748705457909888,1.3108889372899641,0.9973004331510875,0.35795655025767326,0.9904812031184766,0.2764535720282636,0.9992377441875971,1.2167084656553384,0.9968031746422024
108,0.6,0.5999999999999999,42.870000000000005,3,1.608223281910154,1.0021145599028018,1.204202452782505,0.9943372055940254,0.36270795809921064,1.0208721641782001,0.2624866858148629,0.9959791145601773,1.1329151064591054,0.9936335207658938
109,0.6,0.6000000000000001,30.625000000000004,2,1.8926464807455239,0.9892922882741334,1.5286771671812383,0.9951524849592138,0.40638136888484305,0.996912454595679,0.3194361969938703,0.9956759380626752,1.4324556882806618,0.9947412137865881
110,0.6,0.5999999999999999,38.525,3,1.5833147932928444,0.9362594782487329,1.28368844802609,0.9994422205971117,0.35234217951987384,0.936560976194166,0.2748768797135194,1.000543203342414,1.2062714871232612,0.9993895680329601
111,0.6,0.6,33.785000000000004,2,1.5520349927369839,0.9017781894107327,1.2114212050306719,1.003936203668296,0.34028953085989244,0.9184265451469454,0.2576097173835185,1.0024476596085108,1.124096885710581,1.0034417491842462
112,0.65,0.6499999999999999,38.525,3,1.5832955447581722,0.9317418529119185,1.3090934923959738,0.9997509176928043,0.35367738307875385,0.9306767292919615,0.2815560196345777,1.0005147112670985,1.2316784301115757,0.9997097083820254
113,0.65,0.6499999999999999,29.44,2,1.8187182394568182,0.9905634408212936,1.3502241353903746,0.9933571862524806,0.40600594171589394,1.0209105052101555,0.2813461062685699,0.9942163126593112,1.2543970397349482,0.9932719801869984
114,0.65,0.6499999999999999,35.365,2,2.0347557039000757,1.0265329606602607,1.318365403095916,0.9987701116444837,0.4599827801497492,1.037182154826653,0.2902064461111731,0.998244917554855,1.2336270523220074,0.9991272852822272
115,0.65,0.65,32.205,2,2.1656591238880236,0.9522696328443667,1.5541655918080675,0.9952909717152691,0.4707434503927165,0.9451485074926836,0.33083140370811315,0.9968764919036814,1.4641712344876305,0.9947459647582231
116,0.65,0.6500000000000001,30.625000000000004,2,1.8978251969876332,0.9880272761467666,1.5354733211790768,0.9951981532199806,0.4104949225261856,1.0010338812168214,0.32323273590384327,0.995517007596232,1.439220833045474,0.9947908983600573
117,0.65,0.6499999999999998,29.44,2,2.023167842119609,0.9875918023495049,1.489656951190354,0.9923980344416063,0.45208915670222893,1.0147867477731722,0.31438449101580146,0.9931400003724951,1.3938692089840798,0.9922669037068886
118,0.65,0.65,28.255000000000006,2,1.7369212556918483,1.0221929691218157,1.3481771813076107,0.9999550289198729,0.3861315269581085,1.0705706686686616,0.28824164614817094,1.0012670181932712,1.2461609252035812,0.9998769857859859
119,0.65,0.6500000000000001,36.550000000000004,2,1.9132113590230204,0.8630429973093899,1.46371943219116,0.9991636897500187,0.42141510145291494,0.8647666929567963,0.3221129954439036,0.9983977396949469,1.3814095387892473,0.9993289636014427
120,0.65,0.6500000000000001,28.255000000000006,2,1.5837539165620513,1.0225771079379005,1.2204457311668278,1.0007713697003617,0.3526595585704078,1.072085961824399,0.2547890476960727,1.0011150982372763,1.118444243221789,1.0007984643498562
121,0.65,0.6500000000000001,28.255000000000006,2,1.5448756618445139,1.0228528556505865,1.1945127801660418,0.9999874715764361,0.3429503212407275,1.0692569733599329,0.2490176633282759,1.0009143044831628,1.0925148105857958,0.9999352019423969
122,0.65,0.6500000000000001,29.44,2,1.9860048349650938,0.9902505905437871,1.4560616190041853,0.9926828823183236,0.4413095227627334,1.009507015392476,0.30829798432115696,0.9935511537876899,1.3602645498765866,0.992567003101159
123,0.65,0.6500000000000002,35.365,2,1.8135399884844035,1.0298912700590643,1.188407346075183,0.9973690918209672,0.40305274121005097,1.0374247012334095,0.2524992497509532,0.9962948803028192,1.1036164580260026,0.9977066516858906
124,0.65,0.6500000000000002,30.625000000000004,2,2.01390182856179,0.9906327235953835,1.6194028734749009,0.9952387616644007,0.43247159147935726,1.0036073427398295,0.3432435640548191,0.9956924526975575,1.5230528543204225,0.9948138389365149
125,0.65,0.6499999999999999,28.255000000000006,2,1.6131518756599583,1.022791231696379,1.2481190397091104,0.9999435294494267,0.3588525676123039,1.072644155689722,0.26236300505464893,1.0008449638108363,1.1461205791925546,0.9998822155452457
126,0.65,0.6500000000000001,36.550000000000004,2,1.8033149144832854,0.8741899464702342,1.363688258570762,0.9989926422320147,0.3949172530685503,0.8709125565935454,0.2924084423091636,0.9985985615159367,1.281415561758642,0.9991668654246748
127,0.65,0.6500000000000001,29.440000000000005,2,1.8114892217050937,0.979154578140037,1.3932209503507291,0.9914670257848849,0.3917857837052766,0.9832868003053451,0.29074673267296725,0.994652483054701,1.2934602432107236,0.9905692657304223
128,0.7,0.6999999999999998,33.785000000000004,2,1.6542317992473652,0.877095197242501,1.3031948302324574,1.005659808055337,0.3609771820755362,0.890370270403208,0.27856037391842026,1.0030862767417963,1.2158179173478598,1.005349645921014
129,0.7,0.7,31.020000000000003,2,1.823340801873525,0.9727036987996176,1.4878917512961565,0.9983740910231862,0.40223019547872746,0.9905904615506352,0.3209200132419463,0.9997174988039749,1.3936862780975856,0.9979791838190379
130,0.7,0.6999999999999998,29.44,2,1.922294160775884,0.976107047259595,1.4347032488185538,0.9911337201717847,0.4288427635874011,1.004555088667525,0.3062826351335549,0.9930746258308494,1.338894668244022,0.9908913668594376
131,0.7,0.6999999999999998,31.020000000000003,2,1.7613051721701118,0.9718632842054461,1.402132665296234,0.997889282036149,0.391045025711102,0.9893900569626333,0.2949584794889529,0.9996146318421882,1.3079306944430924,0.9974274662502506
132,0.7,0.7000000000000002,28.255000000000006,2,1.5544424002603865,1.0195575596094892,1.2093002371521675,0.9993975452238602,0.34294157499105615,1.0596980325125518,0.2514546672590042,1.000221399098808,1.1073018139678585,0.9992936822095282
133,0.7,0.7,28.255000000000006,2,1.5640870675940985,1.0213022985253677,1.2254064942834713,0.9996037565790736,0.3462287563541419,1.0645065580159296,0.2579836043249269,1.0005851234374532,1.1234219202550393,0.9995357337683428
134,0.7,0.6999999999999998,29.44,2,1.991829712883676,0.9815918744822386,1.4788306081227207,0.9922157292704039,0.4448372462093376,1.0000445918904939,0.31560307160459533,0.9932866956162065,1.3830454054852983,0.992055768449921
135,0.7,0.7,30.625000000000004,2,2.0423004551452153,0.9948423712782334,1.6425813147313135,0.9958323256203546,0.442146995388601,1.0062327501082111,0.3523074677806211,0.9964246245872622,1.5462242680491836,0.9954579411481219
136,0.7,0.7000000000000001,29.44,2,1.9836796986589644,0.9880053398570624,1.460779856299812,0.9931674573470491,0.43535307112352983,0.9934415662745354,0.30716484354215484,0.9942086319921049,1.3649915547686964,0.9930808831136576
137,0.7,0.7,31.020000000000003,2,1.7513701674392574,0.9745017514850333,1.4400750859199,0.9979315184078005,0.3867919931186576,0.9917655827314156,0.3103275305241488,0.9996324309141147,1.345891315058299,0.9974695353277017
138,0.7,0.7000000000000001,33.785000000000004,2,1.8041282212069085,0.8801780588015067,1.4063136930548983,1.0060130834007976,0.3953243081863124,0.9001917678175964,0.3069998151552501,1.0027343228790362,1.3189706915293549,1.005814463501417
139,0.7,0.6999999999999998,28.255000000000006,2,1.6397544432316404,1.0201797408817117,1.2668993205561052,1.0000639711447437,0.36495751411692573,1.0676280994316123,0.26522734214714083,1.0006214490684366,1.1648972757335816,1.0000175247420107
140,0.7,0.6999999999999998,36.550000000000004,2,1.9454212319087947,0.854945216952604,1.4982657468031984,0.9991448179087647,0.42982436624225145,0.8554873397570272,0.33091272374308345,0.9985615757028439,1.4159452274048296,0.9993006572803115
141,0.7,0.6999999999999998,36.945,3,2.010945614563967,0.9746902269055662,1.4920068421623045,0.998251723529118,0.4427322978970726,0.9786763065940586,0.33342979272414736,0.997576515281044,1.4085849692877817,0.9981072538742046
142,0.7,0.7,31.020000000000003,2,1.7178627050730988,0.969378515384829,1.3878479601237954,0.9983096812850865,0.3778053052452604,0.9871929354196755,0.292860740944993,0.9996677851390189,1.2936332143333158,0.9978425312883401
143,0.7,0.6999999999999998,35.760000000000005,3,1.5612999039510538,0.9678116985238151,1.2087455648309187,0.9951322034697825,0.3495492461840108,0.9784270678695646,0.26384696504960176,0.996448167485936,1.1269195063503472,0.9950823079650848
144,0.75,0.7500000000000001,28.255000000000006,2,1.7797694584787571,1.020225647180277,1.409185592953375,1.0001022847740102,0.3911914512131395,1.0434146230108337,0.3067276342845361,1.001081713875591,1.3071580933557478,1.0000217995254825
145,0.75,0.7499999999999999,23.120000000000005,1,2.3771545511675547,0.9423405142599582,1.7941961143179679,0.9951232503322326,0.5000115028587707,0.9389560697937983,0.372676373015257,0.9964158346565495,1.6751541281076594,0.9949160610046937
146,0.75,0.7499999999999999,32.205,2,2.2872863722606027,0.9526647536376678,1.6328455297523337,0.9945377572663737,0.5006233960755612,0.9560208336427356,0.35025615040154623,0.9958920214995545,1.5428777821699353,0.9939670352129499
147,0.75,0.7499999999999998,23.120000000000005,1,2.2145314348901954,0.9366988913196139,1.6853365775720348,0.994312735636388,0.4672999181662446,0.9354035225953465,0.3476589049960246,0.9953596864538689,1.5663191761318844,0.9940124688719874
148,0.75,0.7499999999999999,24.700000000000003,1,2.1247166904231762,1.0054308259032858,1.6578016883612587,0.9997176933094918,0.4513283235121356,1.0033984695970695,0.34159753994913966,1.0003701625746655,1.5461816815581153,0.9998392520958679
149,0.75,0.7499999999999999,28.255000000000006,2,1.8457036488207161,1.0196964217239888,1.430950707231808,0.9999061253249565,0.4077614830652904,1.0545593706250975,0.30688278816647535,1.000566410655116,1.3289221387216466,0.9998225625685059
150,0.75,0.7500000000000001,29.440000000000005,2,1.9439854904982579,0.9806486780770041,1.485780252863703,0.991814346317282,0.4196317121286349,0.9857092850598292,0.31026385210832924,0.9942614201506214,1.3860492642266293,0.9909901844812681
151,0.75,0.7499999999999999,24.700000000000003,1,2.361937913667296,1.0105037057698478,1.8168214227088337,0.9989754528353083,0.509483426646394,0.9968935637761961,0.37957726487357196,1.0001182241219324,1.705209957054888,0.9990547443702597
152,0.75,0.7499999999999999,24.700000000000003,1,2.2673259253682723,1.0086729011271611,1.749946074622842,0.9990955938771574,0.493570801473481,1.0024783930938441,0.36619040859799246,0.9999167816469305,1.6383321072395653,0.9991866622880188
153,0.75,0.7499999999999999,30.625000000000004,2,2.0631052664096172,0.9922904009558089,1.6346813432913927,0.9957996696240502,0.4463913438175533,1.0010365030451502,0.34416646783717636,0.9960541965569404,1.5384309560349112,0.9954682200359425
154,0.75,0.75,23.120000000000005,1,2.44661303362212,0.9402165852762889,1.8312047692315072,0.9946987211794691,0.5168163040569834,0.9381594308523794,0.3811089538960727,0.9960654630904039,1.7121575425933557,0.9944179079630339
155,0.75,0.7499999999999998,33.785000000000004,2,1.7299577731286337,0.8638272952408258,1.3669349125274557,1.0068536192578588,0.3789115882193035,0.8765435753626808,0.29540911498137873,1.0036087036352823,1.2795473385035296,1.0067122567477444
156,0.75,0.7499999999999999,29.44,2,2.0081797531206735,0.9852809578028067,1.485475380945598,0.9920568059580092,0.4501278636680657,1.0169118513570372,0.31456912453927316,0.9935399609885626,1.3896879925264405,0.9918987864414955
157,0.75,0.7499999999999999,29.44,2,2.0082963800653943,0.9853406107147988,1.4859614029942212,0.9923160695822784,0.4482483115142992,1.0134366842142313,0.3134261838293947,0.9930424704402744,1.3901805166056902,0.9921684554619415
158,0.75,0.7499999999999999,25.095000000000006,2,2.600657544752729,0.9799975260101222,1.688677595618453,0.9970099433589424,0.5871136393289712,0.9823508203352507,0.35198526873454056,0.9962718067384677,1.577505376846215,0.9974329466063085
159,0.75,0.7499999999999999,23.120000000000005,1,2.4309870295988345,0.9402997148685316,1.822334451959876,0.994831565364577,0.5141979444154408,0.9375106235981994,0.37913744200230726,0.9960734450412139,1.7033004947133321,0.994582628166155
160,0.8,0.8,23.120000000000005,1,2.313665482251975,0.9376175344645972,1.7591756696043916,0.9949214372220446,0.48884661195206586,0.9383465463721893,0.36366320861632595,0.9960352040610153,1.640151406832267,0.9946794187755768
161,0.8,0.8000000000000002,29.44,2,2.0937641553705975,0.9785274562303409,1.5549260403679532,0.9918569494679066,0.4650545645783497,0.9940342426911256,0.335234776796814,0.9935721297145832,1.4591585244457763,0.991675921516506
162,0.8,0.8000000000000002,21.935000000000006,1,2.317387054323237,1.0185384779831927,1.742593087999347,1.000126612416258,0.49989617801957886,1.018622095976913,0.36142234689382513,1.0001949321776815,1.619705056679803,1.0004325915593317
163,0.8,0.8,25.095000000000006,2,2.7088920017254683,0.9762838852125443,1.76243614917917,0.996339015301112,0.6012479704969376,0.9786685952305693,0.3705241591660529,0.9956788977150108,1.6513461709359631,0.9967094726414264
164,0.8,0.8000000000000002,32.205,2,2.322640942419995,0.9495396412721693,1.6338244140898244,0.9944439919572075,0.5104296272586093,0.9521756557702123,0.35513899832572926,0.9963713556679352,1.5439261828096673,0.9939420890786612
165,0.8,0.7999999999999999,32.205,2,2.23666058928301,0.9482729560699173,1.594937787660205,0.9952034387456704,0.4901752007918764,0.9485700149175285,0.3395075912442761,0.9965484280646368,1.504983305752823,0.9946664489402488
166,0.8,0.8,32.205,2,2.2248509160872305,0.9509832230700155,1.5773608856515833,0.9950417340596526,0.48640278651758484,0.9526520461674934,0.3392067330061007,0.9968968145088324,1.4874383386985555,0.9945054963610624
167,0.8,0.8,21.935000000000006,1,2.2975072154494454,1.0225113011033649,1.7258426372641353,0.9999633922313301,0.49584511169251233,1.028647015815893,0.35773138813734395,0.9999988090279196,1.60298628143943,1.0002776574046852
168,0.8,0.8000000000000002,28.255000000000006,2,1.8364494042729955,1.0244409449777052,1.4414210991581007,0.9991324916978033,0.40500368166784845,1.0659396967515489,0.31216832918541826,1.0003514328449574,1.3393400398329294,0.9989311863683431
169,0.8,0.8,31.020000000000003,2,1.9050304840949308,0.9740939079317273,1.5697794507667255,0.9986894582945111,0.41978043204706966,0.9904673256572512,0.34081739339750705,0.9997364437044325,1.4755701725906287,0.9983051760260249
170,0.8,0.8,21.935000000000006,1,2.267412103449799,1.0208565771924334,1.7079191666360092,0.9999423810247602,0.4875980370712759,1.0210327363400948,0.35502036361323147,0.9999428958339267,1.5850697897837047,1.0002989718853754
171,0.8,0.8000000000000004,23.120000000000005,1,2.3441145671979315,0.9366010684824542,1.7790008147625485,0.994633108279964,0.49495312154427573,0.9361008887572503,0.3670009332252124,0.9956709468459265,1.6599799435494684,0.9943489075682056
172,0.8,0.7999999999999999,24.700000000000003,1,2.199627132167215,1.0027806159087125,1.7185773952589618,0.9988839087648196,0.4731132114480623,0.9924335611304601,0.35960786984179005,0.99913347959843,1.6069771069203533,0.9989321196056898
173,0.8,0.8,23.120000000000005,1,2.4540354683925636,0.9397632962403034,1.8446902128304508,0.9950135326440276,0.5196581055783949,0.9380959075974259,0.3827136629834952,0.9962452838309049,1.7256787291059434,0.9947807413966111
174,0.8,0.8000000000000002,28.255000000000006,2,1.7905129859754854,1.0234053208457858,1.3831188599102382,0.9991704170980352,0.396301179503214,1.065790545993067,0.2904702118512493,0.9996724794276357,1.2811001415004628,0.9990487944719922
175,0.8,0.7999999999999998,21.935000000000006,1,2.3341821407293115,1.021814596280794,1.754726559449174,1.0000743666683987,0.5006316467869892,1.0176535198061185,0.3655336656393967,1.0001855614705308,1.6318388267995707,1.000367329180954
176,0.85,0.8500000000000002,18.775000000000002,1,3.2863592307220033,1.0358099943803678,2.214987694690328,0.9998585009153631,0.70115931539709,1.0335162239113307,0.45204860415925124,0.9999338464923432,2.078287425233408,0.9999998351647422
177,0.85,0.8500000000000001,18.775000000000002,1,3.467911141202253,1.0327431851008284,2.3079581257058153,1.0001561772789702,0.7439110406522771,1.0315844499525475,0.4697716000746704,1.0006126823615318,2.1712282912108174,1.0002926640402068
178,0.85,0.8500000000000002,23.120000000000005,1,2.568027193484442,0.9407108057331316,1.9145759527731276,0.9946153181666831,0.5431506279487626,0.9339398224803491,0.4021389424250968,0.9960955540564111,1.7955918304004956,0.9943358114420909
179,0.85,0.8500000000000001,23.120000000000005,1,2.477854835958848,0.9388059430531599,1.8535418831665864,0.9941638968437595,0.5244076479682682,0.9369137522778672,0.385411384469485,0.9956554580140105,1.734525682970936,0.9937924290414851
180,0.85,0.8499999999999998,31.020000000000003,2,1.9296581791160894,0.97532380569817,1.5843724836274962,0.9989221976242666,0.4237364673346167,0.9871514044658629,0.34319387376388566,0.9997644685660779,1.4901479512676403,0.9985264171429434
181,0.85,0.8500000000000001,24.700000000000003,1,2.3002946748216053,1.0065400789962349,1.7806030771174826,1.000435286318862,0.4897648568164058,1.0054721517381355,0.36885595627228734,1.0006033617793517,1.669008051066091,1.0005785290598925
182,0.85,0.8500000000000001,31.020000000000003,2,1.8082243700157594,0.9761811640957098,1.468464906982534,0.998769283867924,0.3971560995117055,0.9882012234133765,0.3144792318788401,0.9998633387836876,1.374240711901588,0.9983198147095499
183,0.85,0.8500000000000001,18.775000000000002,1,3.1908956006795375,1.0286480629034498,2.1529709868061246,0.9999164552715287,0.6882902778813513,1.026642078974511,0.43680750527984075,1.0006013041815052,2.016154731631371,1.0000153636054234
184,0.85,0.8500000000000002,21.935000000000006,1,2.3434170569699893,1.030066237095004,1.7436433508206448,0.9999971365177487,0.5073954794774502,1.0478887865544018,0.3598162299889219,1.0004024067555934,1.6207831212314006,1.0002631926826075
185,0.85,0.8500000000000003,24.700000000000003,1,2.383720812506572,1.0100386033381075,1.838427834177488,0.9986848590264953,0.5235202081451966,0.999737391487873,0.38710033806101324,0.9997926748141797,1.7268070443203534,0.9987201851994377
186,0.85,0.8500000000000001,31.020000000000003,2,1.8205395302048306,0.9698160376327987,1.4775716753034136,0.9987586736494498,0.400548437915044,0.9853017361505999,0.31284550677254397,0.9998522923924384,1.3833382283913793,0.9983042123721395
187,0.85,0.85,21.935000000000006,1,2.2293612042110307,1.0319894283549533,1.658918793528852,1.0000415739832973,0.48319702632948325,1.054981047054289,0.33962707359513983,1.0002399906584516,1.536082663470605,1.0003724555080373
188,0.85,0.8499999999999999,24.700000000000003,1,2.4601942970924275,1.009515574484916,1.8876329239179577,0.9990954412396006,0.5396011254099187,1.0002926405638282,0.39577737897484083,1.0000933356257715,1.7760256683059992,0.9991749129532188
189,0.85,0.8500000000000002,28.255000000000006,2,1.748069425544252,1.0230971272477796,1.3725735667453354,0.9993805531695337,0.3841819731815456,1.0618466312369634,0.2900341583445252,0.9996576340482893,1.2705336282201658,0.9992488266847005
190,0.85,0.8500000000000003,23.120000000000005,1,2.5646101595648303,0.9417878053839887,1.9137818299941487,0.9946791182160749,0.5418787970471592,0.9386176402763761,0.40066026328695364,0.9962419277274851,1.794802362537681,0.9943991582665198
191,0.85,0.8500000000000002,18.775000000000002,1,3.2083608008295967,1.0329880724719602,2.1772233935108907,0.9998864431127686,0.6893859259438075,1.028501394532173,0.4405473396657097,1.0005011659622791,2.0404364102714694,0.9999967253706403
192,0.9,0.8999999999999999,17.590000000000007,1,2.929047712460884,1.00739706847026,2.098884366001916,0.9997895225957896,0.6445262735898215,1.0149853493144958,0.4265009901710669,0.9999246501825837,1.9540596199172628,0.9999417044922309
193,0.9,0.8999999999999999,24.700000000000003,1,2.4114111954716257,1.0107607423309106,1.8495222986659534,0.9982170664613437,0.5312067778905952,0.9963384385560048,0.3879438929892186,0.9994537273909185,1.7379264726069912,0.99823814517924
194,0.9,0.9,18.775000000000002,1,3.399073798988362,1.0300045269139948,2.2513114460927333,1.0001068425375628,0.7353043161468819,1.0306448442916893,0.45923440936588467,1.0004461682136434,2.1145211946592193,1.0002060431872255
195,0.9,0.9,21.935000000000006,1,2.2654675169465066,1.029418055984129,1.693470486488018,0.9998007359569135,0.48586248622107275,1.043502114693798,0.3459796045700752,1.0002841659697657,1.5706638672076658,1.0001204029499615
196,0.9,0.9000000000000001,18.775000000000002,1,3.5244802783876055,1.033197732847065,2.338059114167768,1.000166970383786,0.7567782922957856,1.0322299826780144,0.47722321793900235,1.0006669025734742,2.2013408750864984,1.0003007953609009
197,0.9,0.9,18.775000000000002,1,3.279358172355051,1.0270384602211327,2.207551146478542,0.9998563723445263,0.7080025397113496,1.0270430221583802,0.4487060304713806,1.000523096141062,2.070769660970513,0.9999660693873732
198,0.9,0.8999999999999996,17.590000000000007,1,2.81733592033622,1.0083445867072613,2.0373152422008136,0.9998087894599454,0.6131634953235929,1.017638745174021,0.41309591142440316,0.9999997621139567,1.892438938016437,0.9999356059456217
199,0.9,0.9,17.590000000000007,1,2.9193826641448513,1.005323400314133,2.100112261017359,0.9997451466896528,0.6368905258816133,1.015152505078184,0.42571089170269777,0.9998875785937865,1.9552859142212153,0.9998970218465366
200,0.9,0.9,17.590000000000007,1,2.7474705878795733,1.0021178928424952,1.9812634573908852,0.9995567202886187,0.596393509636236,1.0092601796951133,0.39910347438895993,0.999641671268475,1.8364729227116396,0.9997372376459726
201,0.9,0.9000000000000001,24.700000000000003,1,2.5536629506768667,1.0110001607716288,1.9522964717964464,0.9992790096366,0.5618964030260288,0.9988769214840385,0.4136541181793956,1.0000643843464636,1.8406647961674971,0.9993438624720651
202,0.9,0.8999999999999998,17.590000000000007,1,2.9393376582986286,1.0033647047630434,2.106183966183241,0.9998471723008187,0.6402296893832593,1.010015083213629,0.4256255709279825,0.9999887167586906,1.9613836998376961,1.000032816466007
203,0.9,0.9,23.120000000000005,1,2.44417107377422,0.939425871394416,1.8472529142238385,0.9948650259086675,0.5164078621484224,0.9357784202795542,0.3847701061073186,0.996311986245895,1.7282750564904195,0.9946143021910406
204,0.9,0.8999999999999998,21.935000000000006,1,2.541976550488937,1.0161875977593018,1.8991184887779977,0.9996781046144732,0.5499542963478631,1.0026386856257838,0.39688943712564095,1.0002527071237388,1.7761575430604553,0.9997703255278662
205,0.9,0.8999999999999998,24.700000000000003,1,2.494446013279865,1.009388181159633,1.9146910692235646,0.9993164949877917,0.5405891998834788,1.0006579796825692,0.40227634980149424,1.0002598554736382,1.8030704320233113,0.9993909260731904
206,0.9,0.9,18.775000000000002,1,3.523322363982337,1.0366539735701472,2.327406002562269,1.000213282008455,0.7552322933999017,1.0361566574012882,0.4760724990984745,1.0006596957507934,2.1907337211206483,1.0003695748624775
207,0.9,0.8999999999999995,23.120000000000005,1,2.585855895590959,0.9381387477401868,1.9274726247333942,0.9946951534319641,0.5488164906588865,0.9288482886815345,0.40446921951423864,0.9961586587878324,1.8084887926767539,0.9944039104224454
208,0.95,0.9500000000000002,21.935000000000006,1,2.5012324652370133,1.0190970452276547,1.869045045020768,0.9995340332843252,0.5422613886118632,1.004930810717484,0.38981994472567816,0.9999723011218219,1.746091325762294,0.999641478783175
209,0.95,0.9500000000000002,18.775000000000002,1,3.4337477750003225,1.0361296952308965,2.2324896969464962,1.0003722747433208,0.7349880367325332,1.034924588460334,0.4569880421570242,1.000749310724208,2.0958035291054777,1.000538477479106
210,0.95,0.9499999999999998,18.775000000000002,1,3.5233944049341326,1.0359496021353267,2.292084423273004,1.000390516713101,0.753888500981023,1.035844213595071,0.46927219650402713,1.000800484599811,2.1554229555401436,1.0005663530593918
211,0.95,0.9500000000000002,17.590000000000007,1,3.0938121766639464,1.0055052880970985,2.2130283233788703,0.9997639999604054,0.6807386424131716,1.015102867963418,0.4497582951702962,0.9999155262952243,2.0682540649370877,0.9999282054465977
212,0.95,0.9500000000000002,18.775000000000002,1,3.305710483745334,1.0291720012947325,2.1684822150889542,1.000327075699035,0.7139822048389489,1.0283138796099567,0.441024490533459,1.0006192175385686,2.031680343434592,1.0004371442592155
213,0.95,0.9500000000000002,21.935000000000006,1,2.5645264847425002,1.0196950989442615,1.9124284830955003,0.9996912312270086,0.5588423533262514,1.014522022844488,0.39941154592054373,1.000042639429514,1.7894732950199317,0.9998153130084892
214,0.95,0.9500000000000001,21.935000000000006,1,2.396709463330664,1.0254566846500484,1.7792232484342871,0.9997359683731702,0.5176782790380032,1.0252194734811497,0.36560826766556354,1.0001290141966235,1.656374180640673,0.999971995030648
215,0.95,0.9500000000000002,17.590000000000007,1,2.872667162121785,1.0072352825390585,2.0770703816274905,0.9996976174519607,0.6305302742164672,1.0145734081694306,0.41968244577142305,0.9997233549015118,1.9322675262159141,0.9998597210780951
216,0.95,0.9500000000000001,18.775000000000002,1,3.2697735990456835,1.0334425326548227,2.1562914922586858,1.0001549447819502,0.7042707610430576,1.032502888051115,0.4381849827557729,1.0007349978213569,2.019559282196213,1.0002982784182806
217,0.95,0.9499999999999998,18.775000000000002,1,3.4944256157071125,1.0349141622150093,2.2790048480890803,1.0003926288446352,0.7479132537354392,1.034191702331859,0.46525347112163995,1.0007727996347837,2.142314052237256,1.000553747770388
218,0.95,0.9500000000000001,18.775000000000002,1,3.403819700921485,1.035806411883254,2.239535607393075,1.0003875442393149,0.7286237855661495,1.0341925386584438,0.4576599380845269,1.0008654576812832,2.102879545595227,1.0005840545048583
219,0.95,0.9499999999999998,21.935000000000006,1,2.4073772194516714,1.0264474063760525,1.7936612343822176,0.9998353685226157,0.5184594819907643,1.0323933157532148,0.36834780677542583,1.0002765547641623,1.670789216116069,1.0000152824233832
220,0.95,0.9500000000000002,23.120000000000005,1,2.622460945949642,0.9365453974478486,1.923583210359024,0.9947051703754721,0.5581783181952524,0.9290044427680232,0.4046347063655924,0.9963446519105325,1.8046088766273947,0.9943963789949903
221,0.95,0.9499999999999998,21.935000000000006,1,2.5238234152317407,1.0160797670512707,1.887634868942587,0.9996499781018858,0.5470137472524795,0.9998633036361105,0.3951219663081151,1.0000911689915974,1.7646665394559924,0.9997437598080687
222,0.95,0.9500000000000001,23.120000000000005,1,2.552492233111604,0.940059798208207,1.8861029390371038,0.9948000213698639,0.540758293791866,0.9378103667939007,0.3961839454442544,0.9964361365925428,1.7671434505627743,0.994515328811759
223,0.95,0.9500000000000001,21.935000000000006,1,2.4387015614010945,1.024850531979154,1.8232571205373922,0.9996919952142318,0.5259794612257486,1.0336003258059072,0.37645912727403974,1.0001976383189268,1.7003936716456578,0.9999029434916261
224,1.0,0.9999999999999999,11.270000000000001,0,3.891638683786302,1.040122179425625,3.0167682458148097,0.9999685783288172,0.811591783249012,1.0413860953674394,0.603560776218716,0.9999407686113677,2.8201388364623456,0.9999664772634299
225,1.0,1.0,11.270000000000001,0,3.9604558142362443,1.040742786473924,3.0681511812228353,0.9999840497741058,0.8266531109817853,1.0423428322921637,0.6138440219782983,0.9999274319389618,2.8715218477338142,0.9999830463649702
226,1.0,0.9999999999999999,11.270000000000001,0,3.958029997043268,1.0402973414837382,3.065193572619523,0.9999715950582558,0.8259233629187006,1.0416556940267585,0.6132475371849134,0.9999280446198405,2.868564665167964,0.9999701438867078
227,1.0,1.0,11.270000000000001,0,3.8542772154103666,1.0390116157915605,2.9953518690367207,0.9999548048503727,0.8026924291965575,1.041105012093406,0.5992773777838679,0.9999662357270042,2.7987300908330597,0.9999537768316934
228,1.0,1.0,11.270000000000001,0,3.6885524244270216,1.0366140146410077,2.8879533285833965,0.9999775876759891,0.7669782736047457,1.0411751629914545,0.5778154114629441,1.000005022657621,2.6913277736987076,0.9999765814575594
229,1.0,1.0,11.270000000000001,0,3.7816911133074043,1.040379944010092,2.9300429667449253,0.9999807445233313,0.7869835201645576,1.044618720273998,0.5861773945030573,0.9999564244351884,2.7334207769160246,0.9999802451201106
230,1.0,1.0,11.270000000000001,0,3.997045189589226,1.0399441400496643,3.0936069894719376,0.9999708640067211,0.8340213472354465,1.0419964661874621,0.6189293669558763,0.9999150862545858,2.8969792440585684,0.9999691343169933
231,1.0,1.0,11.270000000000001,0,3.632932660942477,1.0370560898731493,2.8384603457036053,0.9999280203176744,0.7587725918779622,1.044266279056603,0.5678781057552971,0.9999239447163203,2.6418351350252,0.9999230043058869
232,1.0,1.0,11.270000000000001,0,3.7093988946135292,1.0360587957910867,2.897760614909573,0.999927883363639,0.7730179605312845,1.0442942435025997,0.5797705806403378,0.9999155626279485,2.701135784792064,0.9999232782422611
233,1.0,0.9999999999999999,11.270000000000001,0,3.7824558734458384,1.0373732539051572,2.947612541473055,0.9999023253772716,0.7915898039015525,1.0484583252777515,0.5897584560037493,0.9999184355281977,2.7509891042828043,0.9998957077548284
234,1.0,0.9999999999999999,11.270000000000001,0,3.974517092260453,1.039897067221096,3.0787248673069607,0.9999675936287961,0.8292689094019865,1.0412200877143418,0.6159542754062164,0.9999231474709228,2.8820956731915244,0.9999656358059058
235,1.0,1.0000000000000002,11.270000000000001,0,3.6489077642083343,1.0345626763330982,2.850879367971909,0.9999355440912414,0.7607462352780783,1.0417716248705835,0.5704011440011526,0.9999645713380766,2.654254038864148,0.99993158614049
236,1.0,0.9999999999999997,11.270000000000001,0,3.900095779542852,1.040131310175803,3.020270498977427,0.9999774369977573,0.8139994857787535,1.0426376417152234,0.6042610196668344,0.9999346708967317,2.8236422233264546,0.9999760316168076
237,1.0,1.0,11.270000000000001,0,3.882993138403679,1.0403595732395694,3.009116358409312,0.9999720065762714,0.8099443881376086,1.0419185908017912,0.6020303541737888,0.9999414410025186,2.8124869668873127,0.9999702295799161
238,1.0,1.0,11.270000000000001,0,3.6139625893414937,1.040880740536715,2.822656942872871,0.9999539466540613,0.7551101467388529,1.0511155939481838,0.5647298598635411,0.9999417629775041,2.62603076701943,0.9999508424418665
239,1.0,0.9999999999999999,11.270000000000001,0,3.847057544139825,1.0411083501369562,2.991464955556677,0.9999570835630998,0.8010568959390973,1.0503820662709946,0.5985248278857885,0.9999670686249355,2.7948416141329577,0.9999552811636765
