a,b,source,length,role_a,role_b,screen_C_freq,screen_C_rocof,screen_C_H2,theta_shift,post_fault_ok,worst_line_load,exact_C_freq,exact_C_rocof,exact_C_H2,R_rocof_top5,r_R_rocof_top5,R_dev_top5,r_R_dev_top5,R_rocof_top1,r_R_rocof_top1,R_dev_top1,r_R_dev_top1,R_nadir_top5,r_R_nadir_top5,R_J,r_R_J
31,96,top C_freq,7.810249675906654,load,sync,0.7508723823561265,0.24457590221395323,0.7043283328363964,0.28271383038662734,True,0.3346048097146,0.67750954762191,0.3220002042744564,0.6907216133662224,1.891075289337127,1.0026726935464627,1.2929579733989793,0.9977601485114074,0.4077808234641542,1.0058140516401017,0.277515712119044,0.9993244857158493,1.2054844891918157,0.9968050207846363,1247.0157880440993,0.9805044102345145
2,97,top C_freq,10.295630140987,load,load,0.7573268815098304,0.334067519790978,0.7208773134511366,0.36820626838745096,True,0.3218744386442592,0.8620576705142683,0.4413331857585076,0.7584343913997077,1.876735719626771,0.9950696673386488,1.2896727436435913,0.9952249761422598,0.401609384019065,0.9905918534504354,0.2763657411893664,0.9951834801521885,1.201652856821618,0.9936366760911474,1246.8008206772656,0.9803353855491355
31,97,top C_freq,8.48528137423857,load,load,0.7615801919104864,0.2695127375826245,0.7297894751860452,0.3675135732557997,True,0.3577848619312527,0.6390489548099803,0.3543713566546964,0.7114408324453352,1.96070097557407,1.0395891371977823,1.2872142123025963,0.9933277570165193,0.4235530548865256,1.04471713652667,0.27592325745763574,0.9935901115307402,1.2000108897358683,0.9922789472694885,1249.4189919945752,0.9823940030485963
11,98,top C_freq,10.63014581273465,load,city,0.7618753767673416,0.4183218754085481,0.7303613502262674,0.5601372263915927,True,0.3556392607640806,0.8779584480344028,0.4494736397432298,0.7743268391405047,1.9077726290959334,1.0115258400739557,1.2884035078825078,0.9942455221402512,0.4066201775325548,1.0029512539806524,0.27639201515991724,0.9952780918118597,1.20014684394915,0.9923913666690006,1238.4698749778195,0.9737849239767578
22,97,top C_freq,8.602325267042627,wind,load,0.7628250836106297,0.2686715595248873,0.714271364549645,0.37300187516818817,True,0.32665424339242505,0.7095294287054879,0.3632458637868172,0.7088741747658899,1.8885961052745668,1.0013581979386883,1.2920378251031122,0.997050081116159,0.4038076685542881,0.996014044362326,0.27698540008091127,0.997414850399242,1.2038807721508449,0.9954789206044262,1245.7070339476797,0.9794753621857608
12,98,top C_freq,10.0,load,city,0.7631356036290631,0.4190138264550202,0.7381834498305785,0.4740660604569723,True,0.3295665509138062,0.882240466311116,0.45166583271613214,0.7825210268460625,1.9085920959234108,1.011960332035123,1.288430788847505,0.9942665745334822,0.4090785833771042,1.0090150485506764,0.2763690854619547,0.9951955227621686,1.199626355631047,0.9919609792410439,1242.5470500010367,0.9769907278886976
21,96,top C_freq,8.602325267042627,load,sync,0.7636306392546047,0.219015073850107,0.699823798820865,0.337382975611391,True,0.3282587324196516,0.8896780657785004,0.28887022871283113,0.7543331992299401,1.84632869303378,0.9789474666898209,1.287877073684084,0.993839279188193,0.4013092946293219,0.9898516663018895,0.2764146542970104,0.9953596145619048,1.2009431482967794,0.9930498240601212,1243.595546750275,0.9778151406159471
13,97,top C_freq,8.94427190999916,load,load,0.766727577946085,0.342979488903624,0.7456543939503488,0.21016219604012687,True,0.3218744386441754,0.8807910773611948,0.45092381340054477,0.7843713615110327,1.8080501139489962,0.9586516666164536,1.2952365278289664,0.9995184816152117,0.39460590757480474,0.9733173897860434,0.2775564946010548,0.9994713420237334,1.2064073026000366,0.9975680874576704,1252.4772455605575,0.98479864871372
32,97,top C_freq,7.810249675906654,sync,load,0.7677372390053386,0.27819149326763487,0.7374281588450738,0.30773723812571285,True,0.32187443864426607,0.6207063652588228,0.3648118114544321,0.715349077048265,1.933872085701229,1.0253641111370313,1.2889867845559526,0.9946956297479946,0.4142696704392545,1.0218191531332377,0.2769050341945344,0.9971254556206206,1.2013751610158774,0.9934070517567865,1251.3639886759115,0.9839233163437655
42,96,top C_freq,6.4031242374328485,load,sync,0.7678810276855093,0.28239055074404223,0.7303584260600222,0.1831570937665039,True,0.3218744386442776,0.6121054744722098,0.36943613120887436,0.7116655640914699,1.9150419735324438,1.0153801409616945,1.2968966749824353,1.0007995972465584,0.4111237729901408,1.014059622333194,0.2783832100334642,1.0024483157165653,1.2097430975477064,1.0003264283421514,1256.777545059112,0.9881798910877845
3,97,top C_freq,9.848857801796104,load,load,0.7685450833337764,0.3437925117906053,0.7386240932051258,0.2482551728910738,True,0.3218744386442304,0.8841597234801766,0.4526484025715875,0.7798706274597518,1.8036476650274174,0.9563174309869735,1.2936982311400251,0.9983313965247522,0.3880623482794708,0.9571773373160045,0.27726453056916645,0.9984199896380019,1.204979649077028,0.9963875727248513,1251.4362831500962,0.9839801600914175
21,97,top C_freq,9.219544457292887,load,load,0.7708481295383522,0.27657653706378826,0.7110282380770148,0.4232968592919131,True,0.35116229430268264,0.7327568235136208,0.37513720296071335,0.7125036056461309,1.9166054058155033,1.016209093075485,1.287918828162741,0.9938715006181875,0.4145252719467306,1.0224496084490513,0.2763485021568847,0.9951214029921696,1.2006692494615956,0.9928233394088908,1247.3337597235156,0.9807544252198792
11,96,top C_rocof,9.433981132056603,load,sync,0.7947012041119461,0.2062206161440964,0.7033786833347344,0.3935740771519907,True,0.3218744386442686,0.8967933470800292,0.27166906719423345,0.7547884958996992,1.8378749067888769,0.9744651593630649,1.28444751588825,0.9911927306026235,0.39627173937774646,0.9774262564581787,0.27569546691126673,0.9927698456479079,1.197975233609053,0.9905956802793335,1234.3067905260082,0.9705115711416809
1,96,top C_rocof,10.295630140987,load,sync,0.8059567110250252,0.21095826660468409,0.7104694122006943,0.3880585928400939,True,0.321874438644261,0.7892503591678998,0.27707907771386453,0.7179476750807416,1.8466540044382576,0.9791199510240026,1.2839729211947062,0.9908264915742442,0.3982202697187561,0.9822324147772122,0.27557441113741604,0.992333927991129,1.197445558039833,0.9901576959904279,1233.489414680901,0.9698688843139514
12,96,top C_rocof,8.94427190999916,load,sync,0.8024980154409884,0.21560625039918405,0.7076072145898902,0.3162899863186762,True,0.3218744386442569,0.9149174871319432,0.28346333234260357,0.7670523391344051,1.8250710026367707,0.9676763629907094,1.2882997480423213,0.9941654519170235,0.39733375206598465,0.9800457697442024,0.27652234648066265,0.995747410392354,1.2016028105747525,0.9935952932690586,1239.5889169340394,0.9746648050366696
2,96,top C_rocof,9.848857801796104,load,sync,0.7738539093356828,0.21762372058336746,0.7131475039385204,0.28891988723154427,True,0.32187443864425935,0.8766138772284934,0.28552290001775815,0.7539036596120902,1.7978417189275515,0.9532390429146622,1.2897969410421442,0.9953208177839639,0.38953726380948545,0.9608152983963429,0.27667211887589893,0.9962867356100186,1.2029858808954068,0.9947389425255088,1240.1635311241766,0.9751166130675019
22,96,top C_rocof,8.06225774829855,wind,sync,0.7942065275023699,0.22376132738324425,0.7057049237389785,0.2899115297801972,True,0.3218744386442601,0.8502652016311227,0.29473827095354466,0.7408429341998671,1.8111800175887365,0.9603111822003622,1.2910974474647854,0.9963244029801503,0.38911371223340013,0.9597705849073617,0.27708841757431324,0.9977858128317025,1.2044679235677906,0.9959644311901035,1241.6427840602419,0.9762797210582509
3,96,top C_rocof,9.486832980505138,load,sync,0.7803089825307915,0.23626707551138612,0.7282321295571604,0.178832476800175,True,0.32187443864419596,0.8910827404312929,0.30891763142531103,0.7718401247798691,1.7242637478264715,0.914227046467147,1.287841344108643,0.9938117071036923,0.3720812634232896,0.917759103833986,0.27664275178728603,0.9961809857391338,1.2006778414063584,0.9928304440160048,1246.7035588349859,0.9802589104425513
10,96,top C_rocof,10.0,wind,sync,0.8101486868342332,0.2368560009895566,0.7170181846866482,0.5286707229333703,True,0.32187443864424603,0.5903535552573322,0.30223339363148466,0.6763318431995051,1.9152172598811934,1.015473080061705,1.2858486398727644,0.9922739611635805,0.42245682330552886,1.0420132204409371,0.2756279015037487,0.992526544951149,1.1986485528190496,0.9911524422909006,1220.3102247758268,0.9595063420357084
23,96,top C_rocof,7.615773105863909,load,sync,0.8084434500219724,0.2410806237482768,0.725727548912128,0.17125709690785862,True,0.3218744386442776,0.934533053637836,0.3153547341998524,0.7905544441766557,1.7594805572458259,0.9328994564752086,1.2898098328846523,0.9953307662640848,0.3793285303264191,0.9356348902067472,0.2771069042771878,0.9978523828096747,1.2026876769991852,0.9944923602230102,1248.5318053883602,0.9816964253687988
13,96,top C_rocof,8.54400374531753,load,sync,0.7967991722368472,0.24439380010623574,0.7335729860167548,0.14481511266059655,True,0.3218744386442773,0.9135006180799649,0.3191312715057649,0.7859599403711196,1.7336739407537174,0.9192164530456978,1.2882817813214396,0.9941515872141762,0.3770690066525604,0.930061649557827,0.2765188628354308,0.9957348659063027,1.2012001329751407,0.9932623225368349,1248.2737898270625,0.9814935527202027
0,96,top C_rocof,10.816653826391969,load,sync,0.8126295270139804,0.24561922365434158,0.7235642200111045,0.548346134964613,True,0.3218744386442675,0.6101004915652051,0.31234290092758576,0.6834095692457662,1.9016212643648274,1.0082643065545334,1.2865709289269842,0.9928313429569825,0.41922577409630024,1.034043658094736,0.27591325852406745,0.9935541057166205,1.1997889806206457,0.9920954524819612,1228.02225579416,0.9655701629574958
11,97,top C_H2,10.0,load,load,0.7708718959288837,0.3182496354318468,0.7086594482465919,0.4802477749262835,True,0.32994315240801003,0.8292118509667744,0.42451766322960666,0.7378353694955002,1.8995031814749812,1.0071412714811592,1.289005221824354,0.9947098575667148,0.40622788687488837,1.001983647283368,0.2763013425802023,0.9949515829868267,1.2012054309033238,0.9932667033492468,1241.4599840702617,0.9761359889595198
32,96,top C_H2,7.211102550927978,sync,sync,0.7795211866586866,0.25275980138171805,0.7116352267647801,0.2284749232271739,True,0.3218744386442209,0.6120956787417722,0.33172648330731636,0.6815139359142696,1.8748915130639154,0.9940918450529571,1.2908801635717666,0.9961567276079976,0.40150794762041053,0.990341654938775,0.2775135923982121,0.9993168526744116,1.2035386668663912,0.995196036611942,1250.3324149765438,0.983112209883519
12,97,top C_H2,9.433981132056603,load,load,0.774346115648345,0.31580426679395635,0.7154294804683398,0.3982681660681613,True,0.32187443864426574,0.8199726400679163,0.41978761961494304,0.7406306465796373,1.8941774958676494,1.004317523763131,1.2905269016287186,0.9958841196068015,0.4055768322510298,1.0003777848901851,0.2767209589360321,0.9964626069781737,1.2027087083394807,0.9945097508620341,1245.9690943443788,0.9796814152102492
73,96,worst C_freq,3.605551275463989,sync,sync,1.0866376777078017,0.9296060046219722,0.9185547417729784,0.0887469961202908,True,0.32187443864427595,1.263557082817917,1.236021585369083,1.126606199906353,1.9072007319293285,1.0112226127642319,1.3136586364239282,1.0137346016947237,0.41027469922219745,1.0119653347219681,0.2802991111763195,1.009347409499929,1.2262421404936557,1.0139693486734527,1268.513162419454,0.9974073801773075
67,73,worst C_freq,4.123105625617661,load,sync,1.0608660441395943,0.39613020909260316,1.0692186860664237,0.08275469847333872,True,0.321874438644276,1.0992013158275162,0.5160648248659234,1.0748362908128268,1.8698227472690647,0.9914043195582632,1.299926485601372,1.003137665733939,0.40334018845578745,0.9948609787327565,0.2785324723995308,1.0029858043368212,1.2128490565140626,1.0028947197799702,1268.460664954238,0.9973661024351458
48,73,worst C_freq,5.830951894845301,load,sync,1.0590356025152343,0.9024327893380975,1.029722635979794,0.10557177735989098,True,0.3218744386442761,1.217304442043117,1.1769764697648315,1.0607040530624976,1.8436604583245721,0.9775327339724189,1.306111972668608,1.0079109318584338,0.3991466448573488,0.9845173705129212,0.2798222681132689,1.007630314114188,1.2185702480473293,1.0076255251087507,1262.8038364209378,0.9929182475017766
47,73,worst C_freq,5.0,load,sync,1.0565369982691357,0.943982684416954,1.0281045167755187,0.08608863988548932,True,0.3218744386442755,1.2246607289526257,1.1840890508894015,1.0614201917395174,1.827552523895824,0.9689920978104372,1.3047358325985963,1.0068489810844132,0.3976571737877529,0.9808435073857047,0.2798556774047717,1.0077506198179418,1.2173179023176615,1.006589970920967,1262.808642330986,0.9929220262959528
58,73,worst C_freq,5.385164807134504,sync,sync,1.0557092153419838,0.8004622855080155,1.036701593230662,0.11430875944492191,True,0.32187443864427545,1.0722196944814892,1.0366982221021506,1.0264413281416895,1.830058152514436,0.970320614665486,1.3035148098337141,1.0059067324728657,0.3944987391956592,0.9730530530261134,0.27932968763137883,1.0058565488272437,1.215864057634224,1.0053877989371007,1263.4263866222213,0.993407746691605
59,73,worst C_freq,6.324555320336759,load,sync,1.0531754396043282,0.8148633813165594,1.032177654577526,0.14731727289556729,True,0.32187443864427584,1.090837125071455,1.0546988774641664,1.0277722214882994,1.8438386577307615,0.9776272176133399,1.3029693502352944,1.0054858078479951,0.39797631535183997,0.981630687780541,0.2790605902435231,1.0048875384361813,1.2153048664760107,1.0049254084550305,1261.6092181878635,0.9919789422762083
49,73,worst C_freq,6.708203932499369,hvdc,sync,1.0530786976865112,0.8905045652300152,1.0275010482849616,0.12618952269666617,True,0.3218744386442756,1.2088345488627437,1.1687871749340417,1.0582176243006678,1.8485033697629458,0.9801005085522577,1.3044988697175226,1.0066661196733881,0.39849271990980756,0.9829044283069402,0.2792289420866121,1.0054937676032782,1.2169123240335133,1.006254601637011,1250.7128273154347,0.9834113207524962
46,73,worst C_freq,4.242640687119285,load,sync,1.0508987297149788,0.9893204558500213,1.0077865956422891,0.08696726826157708,True,0.3218744386442755,1.1523198619629518,1.1141447581483601,1.0250223156093392,1.7773145476528687,0.9423552699475423,1.3003271081430896,1.0034468213406527,0.38476987819350617,0.9490562769656543,0.2783216664639926,1.0022266994504385,1.2137442450797515,1.0036349437022423,1259.5350588983886,0.9903480709188787
13,87,random,8.06225774829855,load,load,0.8072195982090985,0.4432189653144328,0.7649064267317175,0.1938448850185125,True,0.32187443864417836,0.878914379708569,0.4499630320258547,0.7959516368345971,1.8220091888359726,0.9660529495242577,1.293770058948847,0.9983868251826605,0.4001745712114387,0.987052807962411,0.2772576407961843,0.9983951798036703,1.2053831805812731,0.9967212495436597,1251.2143774828694,0.9838056799545516
17,44,random,4.242640687119285,load,load,1.0037563209820541,0.9863966976467279,0.9961293331492217,0.12544936453699618,True,0.3218744386442767,1.0199100007096362,0.9861214915952438,1.0007171166049191,1.942992016819439,1.0301996171323844,1.2987519052701015,1.0022312561909545,0.42127138892670246,1.039089280699505,0.2783153965024843,1.0022041215357977,1.2124391093805522,1.0025557379310928,1265.1128216373413,0.9947337579464366
0,52,random,5.385164807134504,load,load,0.9894628805186898,0.9736688561813003,0.9471799681578901,0.2139303023391892,True,0.3218744386442703,0.9946583379883881,0.9617063889973563,0.943813960883845,1.8995285062663485,1.007154699014646,1.2941338641711222,0.9986675693058839,0.41096680920692324,1.013672462443188,0.27754009527902207,0.9994122886320127,1.2069229234926953,0.9979944500523217,1248.4941564228714,0.9816668227149619
51,88,random,7.615773105863909,load,load,0.8963213576462857,0.4062673650518119,0.8845045661129307,0.26447448070402924,True,0.34367490443124005,1.0473506062164366,0.5361944977206181,0.9427718020966748,1.9644048311053304,1.0415529695332666,1.3016012498068419,1.0044300611688646,0.4218414085592782,1.0404952657855244,0.27830469285687165,1.002165578077968,1.2141543617498711,1.003974065739521,1257.8804390768864,0.9890470753358244
6,86,random,8.0,load,load,0.8703780460011447,0.5652247251757585,0.8313787095554179,0.010610740194275992,True,0.3218744386442754,0.7370656743295699,0.5961462301994674,0.8050488668250044,1.859968437610556,0.9861794365173552,1.297048560313145,1.0009168053331656,0.4004970237037645,0.9878481549456567,0.27779880176294247,1.000343881737214,1.2091320698531904,0.9998211746626615,1257.2133966445308,0.9885225927647063
5,23,random,2.8284271247461903,load,load,1.000781119332232,0.9916485010231134,0.9960705066089073,0.08984647805402468,True,0.32187443864427645,1.0080234872625071,0.9861295071632288,0.9982958374055135,1.9308041874680952,1.023737471625486,1.2983239017843213,1.0019009710383653,0.4157048735685237,1.0253591613712751,0.27813155395099404,1.0015421108632563,1.2118450213424843,1.0020644915115464,1267.1015017686018,0.996297418693912
47,89,random,4.47213595499958,load,load,0.9238790854484196,0.7812507698805073,0.933663883192601,0.036814053054413653,True,0.3218744386442763,1.0496908823845175,1.0149157650486091,0.9627685228880645,1.8762140162841223,0.9947930534466713,1.2938380810716121,0.998439317038319,0.40683431248293606,1.003479429730093,0.2771926761861753,0.9981612444888327,1.2065941698959197,0.9977226064584762,1261.0135172398675,0.9915105541352635
67,88,random,2.23606797749979,load,load,1.0007814763707115,1.000267679028627,0.9998789010442961,0.03475308962527801,True,0.32187443864427584,1.0013826198847693,0.9999160713808044,0.9999588853998108,1.8769556852380092,0.995186295964252,1.2968397944823276,1.0007557032473702,0.40387435711526454,0.9961785354022525,0.27759618458330837,0.9996142642777592,1.2102803653631304,1.0007706905958114,1265.9553747825296,0.9953962411985611
54,61,random,3.1622776601683795,load,load,1.024283058233668,0.9642643514908632,1.0046180870411612,0.05123709475496985,True,0.32187443864427573,1.0846540307527763,1.048720622335805,1.0210937933143645,1.866195317706761,0.9894810092647,1.2955701792715777,0.9997759564286086,0.405076318279999,0.9991432393791229,0.27768604334086733,0.999937842557342,1.2087713698112004,0.9995229148210156,1268.6503617143917,0.9975152573309548
0,35,random,5.830951894845301,load,load,0.9901335773024641,0.9329208001465622,0.9550764559218295,0.4865827227731463,True,0.3218744386442695,1.0319629765386997,0.9977751654433751,0.9679855211068339,2.025714449794949,1.0740601261009857,1.2915582359552962,0.996679987927367,0.44426830304360115,1.0958124467538561,0.2767442332207786,0.9965464168729616,1.2050109718196436,0.9964134732382001,1245.6066538272441,0.9793964352373368
84,91,random,3.1622776601683795,load,load,1.001327269193068,0.9426536757560063,0.990925439384352,0.052257515347808536,True,0.32187443864427595,1.1252350287891013,1.0879572160412896,1.0246045406100759,1.8543418967681273,0.9831961714439669,1.2944499822559379,0.9989115138375253,0.3946823767170361,0.9735060051729068,0.2771113417031359,0.9978683618271135,1.2079790718414858,0.9988677702702148,1266.0910705291758,0.9955029361412493
27,94,random,7.615773105863909,load,load,0.976226273954698,0.9190234939417717,0.9291470171200688,0.07253647248504758,True,0.32187443864427584,1.0599426059181982,1.0248278601309413,0.950733651557934,1.9372157021374032,1.0271369400228765,1.3012754656616423,1.004178657454448,0.4244030697244373,1.0468137453392454,0.2790721715481051,1.0049292423136194,1.214330404265123,1.004119633819947,1258.8326443139513,0.9897957759082966
