config,snsp,stored_energy,n_committed,band_hi,f_peak,C_H2,C_freq,C_rocof,rocof_top5,dev_top5
0,0.29999999999999993,47.61,4,3.067053106628523,1.7953546029572771,8.28335267127397,11.28626457531166,28.00225519307971,1.3156470859732186,0.9421451768404946
1,0.30000000000000004,50.37499999999999,4,2.976665537532642,1.6771711127103082,9.321862358849529,13.568871487378011,34.6533677394463,1.4732627752781355,0.990229147309354
2,0.29999999999999993,50.37499999999999,4,2.9768906901781347,1.677285194925852,9.441803144037744,13.622483989456992,35.83834910011022,1.5738915833237772,1.049733956956043
3,0.30000000000000004,54.72,4,2.5423969589046727,1.5145811328200978,9.55340559938077,15.452685457197113,42.6943586039263,1.3126518379591157,0.9611350183408603
4,0.30000000000000004,47.215,3,2.2018687838556197,1.552744153671898,5.818323070325643,7.652626295254881,19.77941534997524,1.408298503455117,0.9382251350669204
5,0.30000000000000004,54.72,4,2.542406424654294,1.5145862444554397,9.52685755540274,15.416354667226619,42.59362191004135,1.310771740747382,0.9583098150594402
6,0.29999999999999993,49.19,4,2.6075056263433876,1.374353985620981,7.987436525872231,11.743944664575993,39.0853958318921,1.1680882629129077,0.8704862741979646
7,0.29999999999999993,50.37499999999999,4,2.9756614172516342,1.6766623261105995,9.451770059430741,13.677966919745103,35.98146814413386,1.5687303592289077,1.0470713393817537
8,0.29999999999999993,54.72,4,2.541198231920839,1.51393378932907,9.322744973852782,14.900547871692655,41.21265685552267,1.3321380242696397,0.9772695001899676
9,0.29999999999999993,49.19,4,2.6072261551781937,1.374223637928321,8.07599163618796,11.888622259893006,39.572302349307314,1.2444635768864087,0.9149230841848188
10,0.3,47.61,4,3.0675283498541805,1.7956067753136624,8.320423157763662,11.300021131199804,28.273061748094143,1.3251456534793404,0.9438114485153204
11,0.2999999999999999,53.535,4,2.6869788642175987,1.4693099916458054,6.72830655634434,7.9076392367051636,23.41800273048311,1.1822769954479893,0.8679540643145464
12,0.29999999999999993,53.535,4,2.686538813193439,1.4690953258056423,6.769741532739507,8.091836604684131,23.9708275107502,1.209877875030497,0.8812278131081058
13,0.29999999999999993,50.37499999999999,4,2.9764187794349537,1.677046082266277,9.382568636224443,13.723616346558549,35.375835545967256,1.5081181275141504,1.0142080243177682
14,0.3,50.37499999999999,4,2.977230404913326,1.6774573227692815,9.382336770887111,13.520481037164688,34.65130776445996,1.5635514772482757,1.0396934562287994
15,0.2999999999999999,53.535,4,2.686450554229425,1.4690522708310039,6.735749898034818,8.030796963494769,23.791466702979786,1.1847866648453165,0.8679591600170271
16,0.35000000000000003,47.61,4,3.0674096583021306,1.795543795845358,8.398266137607047,11.390463052874223,28.420114012463905,1.3729625970792658,0.9714554343423936
17,0.3499999999999999,49.19,4,2.606889594178321,1.3740666609238137,8.19339974173565,12.166168314675621,40.502791541149364,1.303154345907854,0.9631098269689072
18,0.3499999999999998,42.870000000000005,3,2.2070742944519206,1.4969146127903052,8.306947821020177,15.411259886576735,43.80037050095329,1.327054981601553,1.0190330339638858
19,0.35000000000000003,44.055,3,2.3581917494179554,1.6556132181011523,9.062264047409707,13.53615610724807,30.3803197499226,1.608693026958438,1.186219308331173
20,0.35,53.535,4,2.6869416254771314,1.4692918259777237,6.853698988536207,8.099885240685223,23.987949277145763,1.1973919553935473,0.8892251840753638
21,0.35,42.87,3,2.55462455933407,1.461714263095271,6.709288724351488,10.621317680679795,31.792900647501025,1.3569193202452774,0.996469777351158
22,0.3499999999999999,44.055,3,2.3587971282101803,1.6560107133253412,9.00861092215289,13.398076468385922,29.29724191591995,1.604213900058749,1.1774552021755853
23,0.35,42.87,3,2.5543571384320463,1.46157665998407,6.847156666492724,10.809472734654221,32.36230565932125,1.3906181157581998,1.0273847602695725
24,0.35,54.72,4,2.5415748193256293,1.5141371593173634,9.622864867840015,15.602441895330715,43.13958440733421,1.3926179857251113,1.0251538743738735
25,0.3499999999999999,42.870000000000005,3,2.2073047916987316,1.4970596966485183,8.32129108988088,15.393283154463264,43.73940350066357,1.3860567785468585,1.0558646474298414
26,0.34999999999999987,47.215,3,2.2025470198642765,1.5531914687456527,5.791247834734041,7.7568128541123675,20.032058439075364,1.3967756467226533,0.9354756500707602
27,0.3499999999999999,42.87,3,2.553844590234902,1.461312921021975,6.8783022560470535,10.986212730402777,32.90351513706562,1.4515520184185806,1.058919070616192
28,0.35,44.055,3,2.3591451249147832,1.6562392069888745,9.007545122083073,13.40909102050272,30.141364515709366,1.598394406956864,1.169008122951978
29,0.3499999999999999,44.055,3,2.3586084055881122,1.6558867976664182,8.978748535094187,13.469343860198975,30.14747236923144,1.556845416058652,1.1335308445204684
30,0.3499999999999999,44.055,3,2.3588930721773833,1.6560737100839422,9.001794843013979,13.518293335789714,29.52558757965436,1.593059631921387,1.1609605005822687
31,0.3500000000000001,50.37499999999999,4,2.9770962991540886,1.6773893738331516,9.396944451901275,13.637829494118451,35.06521809024473,1.544882857896555,1.0389676838767492
32,0.39999999999999997,49.19,4,2.6062430919507724,1.373765116223556,8.214001137393089,12.105399774891158,40.313194854880756,1.3536866020734677,0.9955029157641412
33,0.4,41.290000000000006,3,2.5223293776347613,1.5037403488225745,8.429534722341028,15.056309732944719,42.334736540827535,1.4540944150042978,1.1154514888682474
34,0.4,47.215,3,2.2031848080580088,1.553612099249971,5.890050498398005,7.689499538896216,19.842697316922536,1.476114000174539,0.9787844343661768
35,0.4,50.37499999999999,4,2.976684086065709,1.6771805110682045,9.564658054632991,13.722862094866064,36.12437935495267,1.6771852571813906,1.1095673051669388
36,0.4,41.685,3,2.387356355982292,1.6747553931667243,5.164826429516989,7.2370508364165005,20.26668061020834,1.1620511430629896,0.9088346890156044
37,0.4000000000000002,44.055,3,2.357627740214253,1.6552428804433543,9.085329890824694,13.509769996627373,28.707384684425186,1.622543043375503,1.2059937926532769
38,0.4000000000000001,41.290000000000006,3,2.5231377773013497,1.5041772129828468,8.347448581758371,15.01267745347654,42.18273373939848,1.459978489455213,1.1029052063316216
39,0.4000000000000001,47.61,4,3.0663587809627706,1.794986175061613,8.331028107633278,11.248449387382099,28.17250880228709,1.3563464194152433,0.9623610458666512
40,0.4,41.685,3,2.387259354496404,1.4880355506856908,5.431685381872062,7.432044194963503,21.940987362905485,1.1856302808571657,0.9605776868894164
41,0.4,47.61,4,3.06810133971482,1.79591080888352,8.38285191930966,11.38497715240088,28.440445035007325,1.3951501514450286,0.9854362118223982
42,0.4,47.215,3,2.2029483336225706,1.5534561418719997,6.111902356934783,7.654065599477866,19.756990512625997,1.5304608885006332,0.9989139480534188
43,0.3999999999999999,47.61,4,3.065078148896475,1.794306616732939,7.846094254684821,10.387915062782152,25.678958832732263,1.434167613641895,1.0002283658612108
44,0.4000000000000001,47.61,4,3.066576664951868,1.7951017910135607,8.341189993333131,11.306957830193815,28.23238749500183,1.385839140264618,0.9847253848758156
45,0.4,50.37499999999999,4,2.977845564776437,1.6777690090738935,9.45064482435778,13.608911636214929,34.80528039141032,1.635835615474535,1.0883947845473063
46,0.4,47.61,4,3.067691223254029,1.7956931979437285,8.311757392859112,11.287447632488007,28.36468896983898,1.3412249616637149,0.9574956473334356
47,0.4,50.37499999999999,4,2.976569836791112,1.6771226219992046,9.574073598656113,13.708343040180393,35.68433519711287,1.6726760117305102,1.117090670703027
48,0.45000000000000007,42.87,3,2.555226304008359,1.4620238893064255,6.904158591076898,10.911172442606443,32.646441553528746,1.492783906275888,1.0882694658432617
49,0.45,47.61,4,3.0665582471558435,1.7950920179937435,8.419558656332049,11.36354324374137,28.6923185031939,1.4043723518564797,0.9953622064095204
50,0.4499999999999999,47.215,3,2.2033847718747186,1.615236883690405,5.953811624002708,7.496063799966824,19.337746798669652,1.5019218563264851,0.993768884333168
51,0.45,47.215,3,2.20300083895287,1.5534907697833238,6.295143340181456,8.200956155100275,21.167283917544292,1.5775280961183051,1.040687209597522
52,0.45000000000000007,42.870000000000005,3,2.2087893780895986,1.497994126476094,8.488393694498649,15.616956653529506,44.31038046624263,1.5068004396799526,1.14302283794547
53,0.4499999999999999,38.525,3,2.350420973226931,1.8569236299583889,7.890313859556607,11.758398714978853,30.57354997017738,1.5216050766713205,1.1712290374074998
54,0.45,47.215,3,2.2031124517577596,1.5535643796238268,6.075578633012912,7.614459940048729,19.650802557729765,1.5319673597523575,1.0178988950864332
55,0.45,44.055,3,2.3562829222663466,1.654359827859178,9.216979325272979,13.693253567001676,28.390888603244896,1.697647143856038,1.2622405477574348
56,0.45000000000000007,50.37499999999999,4,2.975405780631177,1.6765327925655582,9.23132945993044,12.867533013930052,34.75894005748743,1.694621342181621,1.1288471166107377
57,0.45,42.87,3,2.5547471764309324,1.4617773560104248,7.003676185117074,11.066097181461975,33.121353648326384,1.4939285955578314,1.0956203215231013
58,0.45,38.525,3,2.3510786712183482,1.857420804775567,7.858959041581702,11.667172482601842,30.290522701501065,1.5462963836923314,1.1794489296007045
59,0.45,40.105000000000004,3,2.571980586651165,2.0240785123610534,5.0705957560229935,7.263193774778007,17.117419057040234,1.270000183703451,0.9970580329097706
60,0.44999999999999996,38.525,3,2.35129223905731,1.8575822462021467,7.776823842148897,11.616442475586645,30.1496391275784,1.4670365669344962,1.1278485692016305
61,0.45,42.870000000000005,3,2.2079629080196925,1.4974739344484096,8.308063132717852,15.358495585721956,43.61241168833575,1.4178942959201577,1.0733509991593786
62,0.44999999999999996,38.525,3,2.3506522296001795,1.8570984446860506,8.051599600811203,11.951784715447028,31.154392795155307,1.5740832798866713,1.2157534805764791
63,0.44999999999999996,41.290000000000006,3,2.521150289567223,1.5031031388866976,8.550720650893634,15.101607130454557,42.505084537788754,1.579665584195152,1.1957360951204816
64,0.5,41.290000000000006,3,2.521206735003973,1.5031336441075986,8.375417889075674,15.02428157503432,42.285397304150514,1.445108714977409,1.0990487487613392
65,0.5,38.525,3,2.3505651944414687,1.8570326518726235,8.072165835822895,11.946527920852768,31.52976913273909,1.5850501251952172,1.2092205262528966
66,0.5000000000000001,35.760000000000005,3,2.5418723022317877,1.8481091402034102,7.093023298148313,10.339005928068202,31.011109010488866,1.4848434065366476,1.1019653849140112
67,0.5000000000000002,35.760000000000005,3,2.542767389890246,1.8487224664500057,7.0112165218661255,10.294021606482518,30.477972083808062,1.467519693775008,1.0927176681310076
68,0.49999999999999994,36.945,3,2.646067969648706,1.634765960060119,8.677401359998722,15.162908497912175,32.9186951414954,1.7016240215679677,1.280120810670948
69,0.5,40.105000000000004,3,2.572684554805604,2.024608599121043,5.28979693083186,7.275386150321001,19.04956441601627,1.3126064184138957,1.0320036487434356
70,0.49999999999999994,41.685,3,2.3908897151856388,1.4901029478027692,5.349426536636297,7.2759668513940605,21.285288244553804,1.2172513797605296,0.9776583387185828
71,0.49999999999999994,36.945,3,2.645136924422748,1.6342404017766785,8.576688997582224,14.916893061936644,32.42595597948907,1.67540395230064,1.2525710494097997
72,0.5,35.760000000000005,3,2.5420853046310423,1.8482550934734325,7.13124599792991,10.385606751444174,30.89697146722264,1.5359538215005215,1.139926257922124
73,0.49999999999999983,40.105000000000004,3,2.572842501932389,2.0247275321646985,5.184668915401426,7.285089222738264,17.845066508270115,1.311745295286894,1.0306855692446717
74,0.49999999999999983,40.105000000000004,3,2.573024375251131,1.531111086475065,5.615838786760548,7.661186036400197,20.584706475652983,1.3996899063737025,1.0788911429935464
75,0.5,36.550000000000004,2,2.0571014195626667,1.5731162320966947,5.796318604621441,9.70104554026521,24.11350088585597,1.9845738574401424,1.3108885841157052
76,0.5,36.945,3,2.6453023325094795,1.634333772832894,8.802451563605738,15.090873116202944,32.796717077198146,1.7550830768743328,1.3018804753838022
77,0.49999999999999994,40.105000000000004,3,2.573394726349843,2.0251433506783942,4.985085373649735,7.2632826512641815,16.296427459743914,1.280950982720813,1.0038418891641423
78,0.49999999999999994,47.215,3,2.203703793561381,1.6154572883502898,6.0728483300438105,7.631064203227354,19.320349828296276,1.58265437852882,1.0355720327889335
79,0.5,40.105000000000004,3,2.5724639576188464,2.024442490508017,5.084064379370757,7.297758241123952,16.999955307026344,1.2963380122475814,1.0188618173564454
80,0.5500000000000002,33.785000000000004,2,2.1545592864848313,1.8459139132545712,4.4806538549099475,7.533749171660425,7.222803660893395,1.6010122299132348,1.1266265463536873
81,0.5499999999999999,35.365,2,1.9212175223521355,1.6514373633269908,3.863231536688282,5.431075147746326,11.309065634105805,1.620164307836882,1.1101035238565369
82,0.5499999999999999,35.760000000000005,3,2.5422024214544203,1.8483353438345889,7.368786978989965,10.683500404054064,31.97582446502455,1.6234766793270543,1.1948743786368348
83,0.5499999999999999,33.785000000000004,2,2.154683781556879,1.846017504668855,4.955659920600282,8.157047898274328,7.9655099232719975,1.755354452218154,1.2303290265897997
84,0.5499999999999999,40.105000000000004,3,2.5725328980457927,1.5308459766610147,5.708677854777613,7.989067430265276,21.47554176096591,1.459719067532744,1.127519980568796
85,0.55,41.290000000000006,3,2.519025757262651,1.5019549158678094,7.4333731120688435,12.056676932151685,33.99655363788072,1.595796280972597,1.210394975956167
86,0.5500000000000002,36.945,3,2.645134399008916,1.6342389762042773,8.953152264313065,15.203003550630623,33.048009864919756,1.8307368929846024,1.3432656974126584
87,0.55,41.290000000000006,3,2.521739132447537,1.5034213684161304,8.722211803891929,15.25140088297524,42.905021529810895,1.6583961071950415,1.259352893593625
88,0.55,36.550000000000004,2,2.0587462210163263,1.5743106848591355,5.717527539267499,9.400371551018862,23.310812256707507,2.0387114527310413,1.3242467296179463
89,0.5500000000000002,42.87,3,2.5543130141380903,1.4615539554109644,7.399612119361302,11.897230326137228,35.620051047300116,1.6486371733410532,1.205707944282968
90,0.55,35.760000000000005,3,2.5425340215260555,1.8485625604681797,7.4260270055345705,10.838987186120985,31.78512548964671,1.6115460055007251,1.2045509850514002
91,0.5500000000000002,36.945,3,2.6436016808819396,1.633373749530092,8.639597961460156,14.927373265354836,32.51694147335841,1.6626780565281596,1.246631175522278
92,0.5500000000000003,36.945,3,2.645221930694511,1.6342883869504992,8.65727364586393,15.200593478925764,33.03880934907054,1.7020346179594767,1.2785900299090884
93,0.55,33.785000000000004,2,2.1548513691495232,1.8461569527738426,4.817861163125113,7.87195175747437,7.57586873646857,1.7589868368805583,1.2089161758869156
94,0.5499999999999999,35.760000000000005,3,2.5427135528993015,1.8486855769622925,7.007384489995266,10.263011618856266,30.367752826028333,1.4546491490181477,1.1071850611893224
95,0.5499999999999997,42.87,3,2.5547113995199986,1.4617589469483963,7.272841483951136,11.623853223908323,34.791635866843016,1.6588786557419075,1.199403523215716
96,0.6000000000000001,36.550000000000004,2,2.0581141677568557,1.5738516942585883,5.724918607719682,9.695532700567242,24.06467905429153,2.0264056446451546,1.345174086842601
97,0.6000000000000001,30.625000000000004,2,2.345853432949026,1.6475103658391947,7.694226811958757,15.690474110311756,33.00202446855021,1.9250872507881407,1.5336524970138723
98,0.6,30.625000000000004,2,2.3462916050345806,1.6477981705606188,7.695626924242716,15.747175521453004,33.09706057574057,1.8769786574579783,1.4838945542188704
99,0.6000000000000001,36.550000000000004,2,2.0586122897929284,1.574213425969675,5.824724683810429,9.658907090092587,23.956553491918097,2.077552872123761,1.3736526047534203
100,0.6,33.785000000000004,2,2.154550066420636,1.8459062413015603,4.783680705491407,7.956249243499632,7.6282379480286835,1.7330317362399223,1.2101093003691985
101,0.5999999999999999,33.785000000000004,2,2.155769783723047,1.846921151610121,5.4020930682247394,8.513291391022541,8.60060555289519,1.889096506351108,1.28653032699899
102,0.6000000000000001,33.785000000000004,2,2.1536671904931755,1.8451716018409523,5.244563414220896,8.588394896681782,8.370170939574885,1.820794020617702,1.2664738032167264
103,0.5999999999999998,32.205,2,2.001799704761319,1.592497369210511,7.175331824531021,12.42370012497434,29.793761785199607,2.1362007889550325,1.4836276568738755
104,0.5999999999999998,40.105000000000004,3,2.5723388170750554,1.5307412853128122,5.85261487843176,8.302756864241381,22.322819501216664,1.4688860845904754,1.1403453317751724
105,0.5999999999999999,33.785000000000004,2,2.1548453177529248,1.8461519174674401,5.172648411565491,8.31867619557763,8.235138432714548,1.830426186285751,1.25523535055105
106,0.5999999999999998,33.785000000000004,2,2.156227328617303,1.8473018642800472,5.210992456222116,8.33233617790058,8.306428496051867,1.874039643062669,1.2828899970702667
107,0.5999999999999999,31.020000000000003,2,2.0745740098224257,1.4686284989855067,5.348143013411315,10.611019608585222,31.454427134517687,1.6773821404747409,1.3144373487817076
108,0.5999999999999999,42.870000000000005,3,2.2115022483511386,1.4997015472494257,8.576103298647109,15.78809108133286,44.67639501531101,1.6048297732208785,1.2110604390621231
109,0.6000000000000001,30.625000000000004,2,2.3446098517424243,1.6466935250080474,7.713202687324009,15.533123450878536,32.73884983980225,1.913131743953381,1.5361235491904448
110,0.5999999999999999,38.525,3,2.3523296502595743,1.858366443028465,8.098444279779368,11.865916232573198,30.341234711973108,1.6911068246320178,1.2844048626034197
111,0.6,33.785000000000004,2,2.155193008833834,1.8464412270678263,4.672573551526647,7.799836577700122,7.452816868601537,1.7210828682285626,1.2066715002449795
112,0.6499999999999999,38.525,3,2.3524283683228067,1.8584410649186518,8.111309418642247,11.86690549402738,29.79993277673741,1.6992856334723947,1.3094196456624028
113,0.6499999999999999,29.44,2,2.093182800386196,1.538989024216105,6.358514819149721,12.749924741519894,33.787414555637284,1.8360441790067348,1.3592534025793914
114,0.6499999999999999,35.365,2,1.9240374105494598,1.6537914760687003,4.8203177714843655,5.52102854916699,11.426570529864033,1.982163049680676,1.3199888420021058
115,0.65,32.205,2,2.001403127207627,1.5921954957523206,7.401898935052433,12.691586749193227,30.34095435474407,2.274207902040667,1.561518828136904
116,0.6500000000000001,30.625000000000004,2,2.344164390401495,1.6464009188674935,7.7130351722465385,15.624212013029878,32.955245763313314,1.920822676463965,1.5428820041627154
117,0.6499999999999998,29.44,2,2.092625965924266,1.538603177959754,6.695826725349415,13.067794404305179,34.65349647713888,2.048587115958682,1.5010680185683165
118,0.65,28.255000000000006,2,2.1670029486753157,1.5297371039782381,4.809840758931954,9.355634429849436,25.197264184024252,1.6992107245504424,1.3482378130183303
119,0.6500000000000001,36.550000000000004,2,2.05836491107089,1.574033782333277,6.177854688275953,10.058813880588438,24.95733093508167,2.216820442304288,1.464944580359369
120,0.6500000000000001,28.255000000000006,2,2.169052847962879,1.5310904382472599,3.5853340035364445,6.622205958798793,17.793725563951508,1.548786790030733,1.2195050419280462
121,0.6500000000000001,28.255000000000006,2,2.168318909550087,1.5306059049367189,3.839211213483863,7.471948785192341,20.0938116210312,1.510359631211954,1.194527745715599
122,0.6500000000000001,29.44,2,2.0921523465065217,1.5382749890969785,6.559196059232831,12.917495708929852,34.27486803168125,2.0055578395307974,1.4667943257001486
123,0.6500000000000002,35.365,2,1.9221892692527291,1.6522486130087994,4.1348106603581645,5.557310740694504,11.547729165241028,1.7609043218517588,1.191542184153134
124,0.6500000000000002,30.625000000000004,2,2.343157681176242,1.6457396376693716,7.867171676536558,15.739965587363976,33.25494773190345,2.032944986162554,1.6271501230183911
125,0.6499999999999999,28.255000000000006,2,2.168014629835267,1.5304050216742637,4.002858707473445,7.765021395625169,20.889206461677535,1.5772054214665294,1.2481895256588442
126,0.6500000000000001,36.550000000000004,2,2.0595500776076605,1.5748944270272913,5.743580878272037,9.456039305623449,23.42163246643819,2.062841058473197,1.3650633657560485
127,0.6500000000000001,29.440000000000005,2,2.322588785953759,1.7653167395112614,5.396818040337521,9.92027342827752,14.29895366844507,1.8500543858418417,1.4052115845686344
128,0.6999999999999998,33.785000000000004,2,2.155303022848295,1.8465327681370312,5.191465907083183,8.3381298892594,8.235331669231515,1.8860344971082996,1.2958605084879244
129,0.7,31.020000000000003,2,2.0776107397404653,1.470638967001901,6.193679565053163,12.128736242375627,35.850372251457244,1.8745079350717504,1.4903148676176952
130,0.6999999999999998,29.44,2,2.091997299006846,1.5381675498732545,6.590788066663177,13.046835717857734,34.62464488717079,1.969347692112965,1.4475375215464257
131,0.6999999999999998,31.020000000000003,2,2.0785326835111455,1.4712493025080136,5.507472237919816,10.777801423652928,31.82938909785769,1.8122972652579212,1.4050984317972073
132,0.7000000000000002,28.255000000000006,2,2.1684856353099065,1.5307159753009327,4.218236620889795,8.329086763502149,22.394590856065932,1.52462446637713,1.2100292250380604
133,0.7,28.255000000000006,2,2.1687311642189515,1.5308780695696418,4.208521108481327,8.293104839344322,22.291591267664113,1.5314633775449678,1.2258922460207216
134,0.6999999999999998,29.44,2,2.091518222720183,1.5378355739726088,6.794114546769898,13.241071054785705,35.16078075660665,2.0291831714013613,1.4904325385066557
135,0.7,30.625000000000004,2,2.342907797074735,1.6455754924301071,7.9889047823514465,16.022964372855824,33.86689041197041,2.0528884917930714,1.6494557090301984
136,0.7000000000000001,29.44,2,2.09200976053466,1.5381761850302444,6.553638066777144,12.922672214886775,34.294606124145915,2.007762122971875,1.4708293606416083
137,0.7,31.020000000000003,2,2.076328369841655,1.4697899968240673,6.386874127567647,12.689584299029445,37.553711240380835,1.7971955050571868,1.44306002902638
138,0.7000000000000001,33.785000000000004,2,2.1548582465784833,1.8461626754129907,5.798626088457422,9.261706490248256,9.253290129741512,2.049730964281815,1.397907955929257
139,0.6999999999999998,28.255000000000006,2,2.1683687139675607,1.5306387852783436,4.089116892488722,7.867130090856713,21.155343060610356,1.6073191590870528,1.266818280740504
140,0.6999999999999998,36.550000000000004,2,2.0585173786859325,1.5741445027233423,6.296243982388148,10.140603904677329,25.154729651572147,2.275492269367996,1.499548133511923
141,0.6999999999999998,36.945,3,2.6433134119654644,1.6332110155175579,9.427606923926108,15.28813522271141,33.31591431150657,2.063163822775048,1.4946198508805122
142,0.7,31.020000000000003,2,2.0789914365498534,1.4715529948321269,5.485649515754253,10.718241613559487,31.639697176546427,1.772127892055801,1.3901978375460318
143,0.6999999999999998,35.760000000000005,3,2.5395860430538573,1.4539738415337051,6.602524271397948,9.608501291088395,29.069070194387226,1.613226939013524,1.2146582741632908
144,0.7500000000000001,28.255000000000006,2,2.1672121117225243,1.529875196275252,5.3532670615575455,10.5116201607067,28.30390374150414,1.744486098146743,1.4090414694651
145,0.7499999999999999,23.120000000000005,1,0.40355614197950646,0.4035561419795064,0.2098701668899005,0.2848562592696419,0.6748759881512563,2.5226067596535304,1.8029888395421936
146,0.7499999999999999,32.205,2,2.002903315402017,1.593337420215991,7.59408216652253,13.12763706398037,31.307824437942866,2.4009352330153897,1.6418135136874423
147,0.7499999999999998,23.120000000000005,1,0.4037332094888185,0.4037332094888186,0.18818524279702303,0.2651602691022,0.6284502921005358,2.364187099410763,1.694976356199815
148,0.7499999999999999,24.700000000000003,1,0.3746086466034507,0.3746086466034507,0.22426174263338913,0.35849628533401634,0.7959463490657017,2.113240051611026,1.6582698290286615
149,0.7499999999999999,28.255000000000006,2,2.1670314936245245,1.529755949793945,5.257880226581093,10.188123609466402,27.4384916569397,1.8100520993299227,1.4310850498758247
150,0.7500000000000001,29.440000000000005,2,2.3235793910494933,1.7660317383555446,5.763344035872911,10.540786327081724,15.14917051198845,1.9823465160941247,1.4980427117036286
151,0.7499999999999999,24.700000000000003,1,0.3745589530141592,0.3745589530141592,0.2646514695786848,0.42868528411050494,0.9516711481821993,2.3373866915884927,1.818684751013953
152,0.7499999999999999,24.700000000000003,1,0.37460607848542016,0.37460607848542016,0.2458465051651781,0.3980372959307849,0.8837313807296626,2.2478307118537684,1.7515301692322391
153,0.7499999999999999,30.625000000000004,2,2.3439083800264053,1.6462327540311723,7.932726792004143,16.07047030944898,33.910939006518525,2.079134560227895,1.641576506958014
154,0.75,23.120000000000005,1,0.40369226329678565,0.40369226329678565,0.22287460010853177,0.31143374445257116,0.7380574528065635,2.602180254992169,1.8409642339342176
155,0.7499999999999998,33.785000000000004,2,2.155672372485053,1.8468400976407253,5.800333989313763,9.060079048023791,9.228743261471262,2.0026662536130444,1.3576302318255649
156,0.7499999999999999,29.44,2,2.092027705055185,1.5381886195960013,6.617405530094378,13.082718088417653,34.718576265494306,2.0381798077159115,1.4973692756546382
157,0.7499999999999999,29.44,2,2.091472589225453,1.5378039520153228,6.696973435480349,13.205153845489493,35.0673671069432,2.0381747775609385,1.4974678416925626
158,0.7499999999999999,25.095000000000006,2,2.0997828070910303,1.8003179579320912,6.000097015857576,8.355146403653832,10.311652768793225,2.6537388878325263,1.693741980074212
159,0.7499999999999999,23.120000000000005,1,0.40356985563332975,0.4035698556333297,0.21906927623871533,0.28941540188733067,0.68569751402392,2.585332092692088,1.8318020008663911
160,0.8,23.120000000000005,1,0.40374243417547434,0.40374243417547434,0.19353619686011153,0.25423765081055805,0.6025747145723728,2.467600484426878,1.768155357589086
161,0.8000000000000002,29.44,2,2.0906002784039495,1.537199472254498,6.850128223865396,13.34134186285177,35.4669027656008,2.1397091538305646,1.5676918341925332
162,0.8000000000000002,21.935000000000006,1,0.059547101237412234,0.059547101237412234,0.016012351218970967,0.05807583912693505,0.021697141656669174,2.2752081579793564,1.7423724820093784
163,0.8,25.095000000000006,2,2.0981237484332858,1.7989364274037647,6.267612406758016,8.95211211762029,11.122299272278036,2.7746970351105635,1.7689121093451603
164,0.8000000000000002,32.205,2,2.0026367625439034,1.593134526216931,6.953183247636384,11.687494006851239,27.885217856796533,2.446070539307005,1.642952672351336
165,0.7999999999999999,32.205,2,2.003437858318401,1.5937442986661334,6.694677615315182,11.481524193229975,27.358474261694443,2.3586674859449417,1.6026248760458714
166,0.8,32.205,2,2.0028217696412614,1.5932753495533938,6.559625147400383,11.099744725918004,26.475022041564213,2.339526988609585,1.5852208321113703
167,0.8,21.935000000000006,1,0.05954708397999782,0.05954708397999782,0.0154993489808481,0.05690742798779548,0.021260616947355097,2.246925987977117,1.7259058188250969
168,0.8000000000000002,28.255000000000006,2,2.164411487879743,1.5280261145970442,6.033552825257808,12.010746516394077,32.44355120334458,1.7926356939129977,1.4426726296416668
169,0.8,31.020000000000003,2,2.0780678078262556,1.4709415525940794,6.764844276932893,13.295231875204754,39.281289566784416,1.955694896131566,1.5718394118703127
170,0.8,21.935000000000006,1,0.059547069423401,0.059547069423401,0.015449156284338496,0.05497192578103872,0.02053750825409905,2.2210878140058137,1.70801758085871
171,0.8000000000000004,23.120000000000005,1,0.40385917929120224,0.4038591792912023,0.19714319003868408,0.2704854211055353,0.6412437596540591,2.502788696361438,1.7886000374942324
172,0.7999999999999999,24.700000000000003,1,0.3749115795889425,0.3749115795889425,0.24316620903741537,0.39703759270106304,0.8821456583902308,2.1935277739427868,1.720497627581254
173,0.8,23.120000000000005,1,0.40381275986349924,0.40381275986349924,0.21390394327031015,0.2743389277017775,0.6503148760375991,2.6113335966731044,1.853934798181685
174,0.8000000000000002,28.255000000000006,2,2.1682524308343556,1.5305620163262328,5.1979483811006535,10.291570457263477,27.6785322388834,1.7495638819776012,1.3842672243312937
175,0.7999999999999998,21.935000000000006,1,0.059547116167876155,0.059547116167876155,0.016252197130491544,0.05931580934417306,0.02216040024417143,2.284349968404522,1.7545960759846178
176,0.8500000000000002,18.775000000000002,1,0.03934061845579384,0.03934061845579384,0.008602654268869176,0.036718615381878796,0.009070493183996239,3.1727433105991,2.2153011577763486
177,0.8500000000000001,18.775000000000002,1,0.03934085324024,0.03934085324024,0.009067168943651296,0.03927898524096878,0.009703031766426272,3.3579608088759016,2.307597731371172
178,0.8500000000000002,23.120000000000005,1,0.4035516726073513,0.4035516726073513,0.2440350323798251,0.3406480422352211,0.8070491031230174,2.7298795526039283,1.9249411484051488
179,0.8500000000000001,23.120000000000005,1,0.40378238473687156,0.40378238473687156,0.2312568980105224,0.33841042273193844,0.8021430341418052,2.6393685023983062,1.8644228472298716
180,0.8499999999999998,31.020000000000003,2,2.0793954480976855,1.4718204449570609,6.640306980503519,12.981445964605115,38.30583570469661,1.9784795242794,1.58608196653914
181,0.8500000000000001,24.700000000000003,1,0.3751333628731017,0.3751333628731017,0.2432179953059111,0.38739681164159395,0.861174437685638,2.2853483162990966,1.7798283421902046
182,0.8500000000000001,31.020000000000003,2,2.080218733624539,1.4723654383148563,6.023067155589225,11.859673671969507,34.96826372061172,1.85234507335615,1.470274397401995
183,0.8500000000000001,18.775000000000002,1,0.03934143548700655,0.03934143548700655,0.0077811053976497594,0.03525355673085121,0.008708764620453082,3.102028493275877,2.1531508712110177
184,0.8500000000000002,21.935000000000006,1,0.05954775597904617,0.05954775597904617,0.015321157689151864,0.05686957602228162,0.021246714522251332,2.2750158898314163,1.7436483437267296
185,0.8500000000000003,24.700000000000003,1,0.37506182493872325,0.37506182493872325,0.2776373991336136,0.461398388617267,1.0255058636438976,2.3600294133595887,1.84084880987338
186,0.8500000000000001,31.020000000000003,2,2.08080271184073,1.472752008062576,5.813250410744721,11.289561568042785,33.26875131069889,1.8772008912623708,1.479408103565587
187,0.85,21.935000000000006,1,0.059547667860373174,0.059547667860373174,0.014213050636418437,0.053268356876180534,0.019901254429236803,2.160255854330555,1.658849828533788
188,0.8499999999999999,24.700000000000003,1,0.37504953042618955,0.37504953042618955,0.2925282830377855,0.48100605760252674,1.0690550522524602,2.4370047964318826,1.8893419447254491
189,0.8500000000000002,28.255000000000006,2,2.168055247672611,1.5304318373816705,5.173551200163462,10.270941272153744,27.62926939191184,1.70860554583582,1.3734243300934972
190,0.8500000000000003,23.120000000000005,1,0.40362564442484344,0.40362564442484344,0.24434312310391915,0.3428932002947385,0.8124966402376822,2.7231295042296493,1.924019309288864
191,0.8500000000000002,18.775000000000002,1,0.039341181523034854,0.039341181523034854,0.008166692921614281,0.035180321204854856,0.008690617055211935,3.105903046055438,2.177470660301112
192,0.8999999999999999,17.590000000000007,1,0.023935591324649265,0.023935591324649265,0.0035219512665529166,0.0204852436871984,0.0030800859741440573,2.907540436770046,2.0993262267367103
193,0.8999999999999999,24.700000000000003,1,0.37518461289324156,0.37518461289324156,0.2850670215510062,0.47848387546840837,1.0637870309152122,2.385738874177762,1.8528257638616288
194,0.9,18.775000000000002,1,0.039340996497900446,0.039340996497900446,0.008484719166961507,0.0385391715503889,0.009520311267844781,3.300057145547074,2.2510709359617014
195,0.9,21.935000000000006,1,0.05954774090005749,0.05954774090005749,0.014880697061598638,0.05376251382516651,0.02008589785134386,2.2007264238052517,1.6938080015186128
196,0.9000000000000001,18.775000000000002,1,0.03934031315854838,0.03934031315854838,0.009230264099268824,0.0400576404213166,0.00989524617287093,3.411235009851984,2.337668792712284
197,0.9,18.775000000000002,1,0.039340952484297635,0.039340952484297635,0.008064210994817638,0.036814796291806895,0.009094329593588137,3.1930237273188085,2.2078682574199497
198,0.8999999999999996,17.590000000000007,1,0.023933350964111685,0.023933350964111685,0.0032819017654158503,0.019565874666323115,0.002941577799728772,2.7940209700894028,2.037704872850023
199,0.9,17.590000000000007,1,0.023935323735041918,0.023935323735041918,0.003542803596856196,0.020866133184468047,0.0031373200617420623,2.903923914665304,2.1006476180166835
200,0.9,17.590000000000007,1,0.02393758033676677,0.02393758033676677,0.003135681872800669,0.019252534845615062,0.002894980837188955,2.741664037238579,1.9821421007692308
201,0.9000000000000001,24.700000000000003,1,0.3751773865003078,0.3751773865003078,0.29454288579422544,0.4817825170319622,1.0711025351663321,2.5258778878213297,1.9537050743279625
202,0.8999999999999998,17.590000000000007,1,0.02393648485032445,0.02393648485032445,0.003500013989162477,0.02115210002175667,0.0031804707103777756,2.929480820229558,2.106505898633041
203,0.9,23.120000000000005,1,0.4037398861832591,0.40373988618325907,0.20989826222255872,0.28612877585452057,0.6781569399497113,2.6017710904068125,1.85678746977424
204,0.8999999999999998,21.935000000000006,1,0.05954739117815968,0.05954739117815968,0.018466960235297005,0.06811938069854813,0.025449533752910966,2.5014835411237124,1.8997300030997424
205,0.8999999999999998,24.700000000000003,1,0.3752302772954144,0.3752302772954144,0.2816069621755868,0.45785330570921823,1.0180294168108188,2.471245512716552,1.916000665281679
206,0.9,18.775000000000002,1,0.03933992152654834,0.03933992152654834,0.009533709823653095,0.041252526620639586,0.010190311845212583,3.398744859722399,2.3269097145848487
207,0.8999999999999995,23.120000000000005,1,0.4037611734860434,0.4037611734860434,0.2351883025100401,0.32254752444218204,0.7645081662783499,2.7563682896797905,1.9377521023231072
208,0.9500000000000002,21.935000000000006,1,0.05954719516106899,0.05954719516106899,0.01811040128821619,0.06738333920856246,0.025174464586496467,2.454361414303057,1.869916363807398
209,0.9500000000000002,18.775000000000002,1,0.0393394133017347,0.0393394133017347,0.009260337753490023,0.039384452131829575,0.009728729455444826,3.314013478047387,2.231658906699825
210,0.9499999999999998,18.775000000000002,1,0.03933920251838682,0.03933920251838682,0.009479534612198809,0.04001891624571971,0.009885401592807697,3.4011253034622717,2.2911896754118715
211,0.9500000000000002,17.590000000000007,1,0.023936734199382075,0.023936734199382075,0.0037562879662870175,0.02210502145702,0.003323788429868657,3.076873103789372,2.213550721436774
212,0.9500000000000002,18.775000000000002,1,0.03934051786778905,0.03934051786778905,0.00818228085965069,0.03600119544781939,0.008893248306254724,3.212009731693673,2.167773189157761
213,0.9500000000000002,21.935000000000006,1,0.059547227748715945,0.059547227748715945,0.018267551313276266,0.06805272959325177,0.025424563194736523,2.514993440095648,1.9130191636753773
214,0.9500000000000001,21.935000000000006,1,0.05954753415914635,0.05954753415914635,0.01635834774904668,0.060153694153215725,0.0224735914968453,2.337211799588176,1.7796931437102788
215,0.9500000000000002,17.590000000000007,1,0.02393758856086843,0.02393758856086843,0.003242492105258796,0.019469418276664173,0.002927594346902137,2.852031905475262,2.0776986414367458
216,0.9500000000000001,18.775000000000002,1,0.03934022453579665,0.03934022453579665,0.008332072955357192,0.035418706961029736,0.008749293076093923,3.1639626740017404,2.155957437903576
217,0.9499999999999998,18.775000000000002,1,0.03933962412952913,0.03933962412952913,0.009331654821366286,0.03939322195652555,0.009730947856976516,3.3765366667976138,2.2781103962362548
218,0.9500000000000001,18.775000000000002,1,0.039339215879016495,0.039339215879016495,0.00906335350644874,0.03770308453547868,0.009313352117117125,3.2861543063175502,2.238668024496443
219,0.9499999999999998,21.935000000000006,1,0.05954766368600935,0.05954766368600935,0.016356805777494987,0.062229335211525044,0.023249107332568554,2.345348825957964,1.7939565761037048
220,0.9500000000000002,23.120000000000005,1,0.40381329039168445,0.40381329039168445,0.24334972511029138,0.3360974282007564,0.7967130540213533,2.800142900809753,1.9338224708663447
221,0.9499999999999998,21.935000000000006,1,0.05954728027602088,0.05954728027602088,0.01857562534788727,0.0686482300126169,0.025647065263900065,2.4838831527528984,1.888295813827544
222,0.9500000000000001,23.120000000000005,1,0.40383249744239397,0.40383249744239397,0.23401205426711805,0.32710419231098764,0.7754265425725645,2.715244538673774,1.8959619004027504
223,0.9500000000000001,21.935000000000006,1,0.059547678290929766,0.059547678290929766,0.01630304039440269,0.05932048707477612,0.02216235644495824,2.379568029975613,1.8238188654763332
224,0.9999999999999999,11.270000000000001,0,3.2060766587660643,3.2060766587660643,10.512271995005134,13.492704807458223,51.16776964678322,3.741520718205757,3.016863040693278
225,1.0,11.270000000000001,0,3.205599850308242,3.205599850308242,10.503997569926396,13.49305740231583,51.18195037043412,3.8054126972663616,3.068200119707833
226,0.9999999999999999,11.270000000000001,0,3.2058957525261182,3.2058957525261182,10.557910444679644,13.552220227886309,51.39836502219978,3.8047102873473406,3.0652806417375813
227,1.0,11.270000000000001,0,3.208805728561523,3.208805728561523,9.811838646390768,12.643080927894243,47.876381353633384,3.709561237651828,2.995487250531215
228,1.0,11.270000000000001,0,3.2088325346111084,3.2088325346111084,9.616731470093448,12.419248545408372,47.02810675364693,3.558269878981342,2.888018055779812
229,1.0,11.270000000000001,0,3.2062437887219732,3.2062437887219732,10.020665627505174,12.993685500198124,49.2710196253588,3.6349135093195537,2.9300993872053125
230,1.0,11.270000000000001,0,3.205863531882937,3.205863531882937,10.560518216656469,13.557931413738375,51.42089761247579,3.843519123439015,3.093697127410649
231,1.0,11.270000000000001,0,3.208555172342711,3.208555172342711,8.6989220347978,11.13443565124522,42.169139137136504,3.503120705252163,2.8386646718849167
232,1.0,11.270000000000001,0,3.209667854404685,3.209667854404685,8.923189981160776,11.435182119105857,43.28235773492427,3.58029767198801,2.8979696067298866
233,0.9999999999999999,11.270000000000001,0,3.210216557342652,3.210216557342652,9.167800511072704,11.653781039675248,44.09674757291524,3.6461860369032153,2.947900476539942
234,0.9999999999999999,11.270000000000001,0,3.206156824464407,3.206156824464407,10.552118358993901,13.541604939441282,51.351041400172235,3.82202933111592,3.0788246408411437
235,1.0000000000000002,11.270000000000001,0,3.208717584823805,3.208717584823805,9.008993731567418,11.539838490971215,43.70071947186812,3.527005030900124,2.8510631358372573
236,0.9999999999999997,11.270000000000001,0,3.2058962854556925,3.2058962854556925,10.365842406494645,13.315708999608452,50.501354622452695,3.749618669669369,3.02033864688509
237,1.0,11.270000000000001,0,3.2064102770148013,3.2064102770148013,10.500096114708663,13.473535901126244,51.08608569641568,3.732356810359759,3.009200596236687
238,1.0,11.270000000000001,0,3.2095314186133055,3.2095314186133055,9.084977825133691,11.68204684677382,44.21998280049375,3.472023689743751,2.8227869416564064
239,0.9999999999999999,11.270000000000001,0,3.209684153578828,3.209684153578828,10.048762757919915,12.948011005292932,49.00801177613282,3.6951557862673474,2.9915933440836597
