restart,seed,energy,potts,contig,balance,rigid,physical,T0,wall_s,init_mode,init_transfer,transfer_distance
0,12345037035,16732.480250929053,-5902.239905173472,0.0,20.809580769556106,2262.431536571775,-5891.835114788694,13.20269667983612,107.37636137008667,voronoi,2532.0,744.0
1,12345037036,17686.094311768444,-5931.106989289293,0.0,9.787531455265079,2361.23075353301,-5926.21322356166,13.589458412848124,115.54017114639282,anchor_seeded,1990.0,637.0
2,12345037037,9961.059872613978,-5987.6058197777975,0.0,21.93024345320225,1593.7700570665174,-5976.6406980511965,18.462195893253032,104.94213485717773,voronoi,2405.0,603.0
3,12345037038,12224.505652566362,-6058.656129716816,0.0,11.679110669464322,1827.7322226948447,-6052.816574382085,17.628697289957536,118.97433638572693,anchor_seeded,2002.0,454.0
4,12345037039,24623.06824133286,-5927.385306591532,0.0,19.87740053696748,3054.0514847655913,-5917.446606323048,7.4579835416957,93.50462198257446,voronoi,2450.0,996.0
5,12345037040,15179.445767914383,-6053.193133647776,0.0,8.700833801432553,2122.8288484661443,-6048.84271674706,14.543394743496322,121.60399913787842,anchor_seeded,1898.0,518.0
6,12345037041,18151.803798568704,-5967.6884460042365,0.0,20.335868276154343,2410.9324310434863,-5957.52051186616,17.470942621040653,103.64416646957397,voronoi,2506.0,801.0
7,12345037042,20406.743335424395,-6008.669613666848,0.0,7.654412894899213,2641.1585742643792,-6004.842407219398,14.851769045356486,121.47888255119324,anchor_seeded,2072.0,589.0
8,12345037043,23218.158979520755,-5887.798269707333,0.0,20.669504536260703,2909.562249695996,-5877.463517439202,12.509103360366321,98.32152080535889,voronoi,2502.0,928.0
9,12345037044,11821.82859772992,-6072.9525369481435,0.0,8.484321849553321,1789.0538973753285,-6068.710376023367,17.464707316926148,113.35545921325684,anchor_seeded,2057.0,432.0
10,12345037045,15931.015458207527,-5947.3432686660835,0.0,22.141882037899123,2186.728778585466,-5936.272327647134,10.371864136612572,103.35578489303589,voronoi,2590.0,672.0
11,12345037046,16059.220028149986,-5969.586431033947,0.0,9.669421788301333,2202.397174828978,-5964.751720139796,12.568914930197334,127.72645735740662,anchor_seeded,2018.0,590.0
