point,lon,lat
p0000,-5.981,36.35
p0001,-4.308,36.35
p0002,-2.635,36.35
p0003,14.095,36.35
p0004,-8.451,37.525
p0005,-6.752,37.525
p0006,-5.053,37.525
p0007,-3.354,37.525
p0008,-1.655,37.525
p0009,0.044,37.525
p0010,11.937,37.525
p0011,13.636,37.525
p0012,15.335,37.525
p0013,22.131,37.525
p0014,23.83,37.525
p0015,-9.273,38.699
p0016,-7.547,38.699
p0017,-5.82,38.699
p0018,-4.094,38.699
p0019,-2.367,38.699
p0020,-0.641,38.699
p0021,7.992,38.699
p0022,9.719,38.699
p0023,13.172,38.699
p0024,14.898,38.699
p0025,16.625,38.699
p0026,20.078,38.699
p0027,21.805,38.699
p0028,23.531,38.699
p0029,-8.366,39.874
p0030,-6.611,39.874
p0031,-4.855,39.874
p0032,-3.099,39.874
p0033,-1.343,39.874
p0034,0.412,39.874
p0035,2.168,39.874
p0036,3.924,39.874
p0037,9.191,39.874
p0038,16.214,39.874
p0039,17.97,39.874
p0040,19.726,39.874
p0041,21.482,39.874
p0042,23.237,39.874
p0043,-9.213,41.049
p0044,-7.427,41.049
p0045,-5.64,41.049
p0046,-3.853,41.049
p0047,-2.066,41.049
p0048,-0.28,41.049
p0049,1.507,41.049
p0050,8.654,41.049
p0051,12.228,41.049
p0052,14.014,41.049
p0053,15.801,41.049
p0054,17.588,41.049
p0055,19.375,41.049
p0056,21.161,41.049
p0057,22.948,41.049
p0058,24.735,41.049
p0059,26.522,41.049
p0060,-10.09,42.224
p0061,-8.271,42.224
p0062,-6.451,42.224
p0063,-4.631,42.224
p0064,-2.812,42.224
p0065,-0.992,42.224
p0066,0.827,42.224
p0067,2.647,42.224
p0068,9.926,42.224
p0069,11.745,42.224
p0070,13.565,42.224
p0071,15.384,42.224
p0072,17.204,42.224
p0073,19.024,42.224
p0074,20.843,42.224
p0075,22.663,42.224
p0076,24.482,42.224
p0077,26.302,42.224
p0078,28.122,42.224
p0079,-9.145,43.399
p0080,-7.291,43.399
p0081,-5.436,43.399
p0082,-3.582,43.399
p0083,-1.727,43.399
p0084,0.127,43.399
p0085,1.982,43.399
p0086,3.836,43.399
p0087,5.691,43.399
p0088,7.545,43.399
p0089,9.4,43.399
p0090,11.254,43.399
p0091,13.109,43.399
p0092,14.963,43.399
p0093,16.818,43.399
p0094,18.672,43.399
p0095,20.527,43.399
p0096,22.381,43.399
p0097,24.236,43.399
p0098,26.09,43.399
p0099,27.945,43.399
p0100,-0.596,44.574
p0101,1.295,44.574
p0102,3.187,44.574
p0103,5.078,44.574
p0104,6.97,44.574
p0105,8.862,44.574
p0106,10.753,44.574
p0107,12.645,44.574
p0108,14.536,44.574
p0109,16.428,44.574
p0110,18.32,44.574
p0111,20.211,44.574
p0112,22.103,44.574
p0113,23.994,44.574
p0114,25.886,44.574
p0115,27.777,44.574
p0116,29.669,44.574
p0117,-1.345,45.749
p0118,0.586,45.749
p0119,2.517,45.749
p0120,4.448,45.749
p0121,6.379,45.749
p0122,8.31,45.749
p0123,10.241,45.749
p0124,12.172,45.749
p0125,14.103,45.749
p0126,16.034,45.749
p0127,17.965,45.749
p0128,19.896,45.749
p0129,21.827,45.749
p0130,23.758,45.749
p0131,25.689,45.749
p0132,27.62,45.749
p0133,29.551,45.749
p0134,-2.122,46.923
p0135,-0.149,46.923
p0136,1.824,46.923
p0137,3.797,46.923
p0138,5.77,46.923
p0139,7.743,46.923
p0140,9.716,46.923
p0141,11.689,46.923
p0142,13.662,46.923
p0143,15.635,46.923
p0144,17.608,46.923
p0145,19.581,46.923
p0146,21.553,46.923
p0147,23.526,46.923
p0148,25.499,46.923
p0149,27.472,46.923
p0150,-4.947,48.098
p0151,-2.93,48.098
p0152,-0.912,48.098
p0153,1.106,48.098
p0154,3.123,48.098
p0155,5.141,48.098
p0156,7.158,48.098
p0157,9.176,48.098
p0158,11.194,48.098
p0159,13.211,48.098
p0160,15.229,48.098
p0161,17.246,48.098
p0162,19.264,48.098
p0163,21.282,48.098
p0164,23.299,48.098
p0165,27.334,48.098
p0166,-3.772,49.273
p0167,-1.706,49.273
p0168,0.359,49.273
p0169,2.424,49.273
p0170,4.489,49.273
p0171,6.554,49.273
p0172,8.62,49.273
p0173,10.685,49.273
p0174,12.75,49.273
p0175,14.815,49.273
p0176,16.881,49.273
p0177,18.946,49.273
p0178,21.011,49.273
p0179,23.076,49.273
p0180,-0.42,50.448
p0181,1.696,50.448
p0182,3.812,50.448
p0183,5.929,50.448
p0184,8.045,50.448
p0185,10.161,50.448
p0186,12.277,50.448
p0187,14.393,50.448
p0188,16.509,50.448
p0189,18.625,50.448
p0190,20.741,50.448
p0191,22.857,50.448
p0192,-9.915,51.623
p0193,-7.744,51.623
p0194,3.108,51.623
p0195,5.278,51.623
p0196,7.448,51.623
p0197,9.619,51.623
p0198,11.789,51.623
p0199,13.96,51.623
p0200,16.13,51.623
p0201,18.301,51.623
p0202,20.471,51.623
p0203,22.641,51.623
p0204,-8.771,52.798
p0205,-6.543,52.798
p0206,2.371,52.798
p0207,4.6,52.798
p0208,6.829,52.798
p0209,9.057,52.798
p0210,11.286,52.798
p0211,13.514,52.798
p0212,15.743,52.798
p0213,17.971,52.798
p0214,20.2,52.798
p0215,22.429,52.798
p0216,-7.564,53.973
p0217,-5.273,53.973
p0218,3.891,53.973
p0219,6.182,53.973
p0220,8.473,53.973
p0221,10.764,53.973
p0222,13.055,53.973
p0223,15.346,53.973
p0224,17.637,53.973
p0225,19.928,53.973
p0226,22.219,53.973
p0227,24.51,53.973
p0228,5.505,55.147
p0229,7.863,55.147
p0230,10.221,55.147
p0231,12.579,55.147
p0232,14.937,55.147
p0233,17.295,55.147
p0234,22.011,55.147
p0235,24.369,55.147
p0236,26.727,55.147
p0237,7.225,56.322
p0238,9.655,56.322
p0239,12.085,56.322
p0240,14.515,56.322
p0241,16.945,56.322
p0242,21.805,56.322
p0243,24.234,56.322
p0244,26.664,56.322
p0245,6.554,57.497
p0246,9.061,57.497
p0247,11.569,57.497
p0248,14.077,57.497
p0249,16.584,57.497
p0250,19.092,57.497
p0251,21.599,57.497
p0252,24.107,57.497
p0253,26.615,57.497
p0254,5.845,58.672
p0255,8.437,58.672
p0256,11.029,58.672
p0257,13.62,58.672
p0258,16.212,58.672
p0259,18.803,58.672
p0260,23.987,58.672
p0261,26.578,58.672
p0262,5.095,59.847
p0263,7.778,59.847
p0264,10.46,59.847
p0265,13.143,59.847
p0266,15.825,59.847
p0267,18.508,59.847
p0268,21.19,59.847
p0269,23.873,59.847
p0270,26.555,59.847
p0271,29.238,59.847
p0272,1.516,61.022
p0273,4.297,61.022
p0274,7.078,61.022
p0275,9.86,61.022
p0276,12.641,61.022
p0277,15.422,61.022
p0278,18.203,61.022
p0279,20.985,61.022
p0280,23.766,61.022
p0281,26.547,61.022
p0282,29.328,61.022
p0283,6.333,62.197
p0284,9.222,62.197
p0285,12.111,62.197
p0286,14.999,62.197
p0287,17.888,62.197
p0288,20.777,62.197
p0289,23.666,62.197
p0290,26.555,62.197
p0291,8.541,63.371
p0292,11.548,63.371
p0293,14.554,63.371
p0294,17.56,63.371
p0295,20.567,63.371
p0296,23.573,63.371
p0297,26.579,63.371
p0298,10.947,64.546
p0299,14.082,64.546
p0300,17.217,64.546
p0301,20.352,64.546
p0302,23.488,64.546
p0303,26.623,64.546
p0304,29.758,64.546
p0305,13.578,65.721
p0306,16.855,65.721
p0307,20.132,65.721
p0308,23.409,65.721
p0309,26.686,65.721
p0310,13.037,66.896
p0311,16.471,66.896
p0312,19.905,66.896
p0313,23.339,66.896
p0314,26.773,66.896
p0315,16.06,68.071
p0316,19.669,68.071
p0317,26.885,68.071
p0318,19.42,69.246
p0319,23.223,69.246
p0320,27.025,69.246
p0321,23.178,70.421
p0322,27.199,70.421
