country,n_snapshots,weight,mean_stat,ci_lo,ci_hi,between_edge_std,ci_width_over_edge_std,median_edge_se_over_edge_std,thin,scope,scenario
AL,8760,8760.0,0.0048012355627182375,0.003997951920494225,0.005623992747784044,0.005347977055297577,0.3040478316336647,0.12105002729660738,False,country,baseline
AT,8760,8760.0,0.3267514230312129,0.32476023487833866,0.32886227872646523,0.36591093633997857,0.011210498076819545,0.006707513378262591,False,country,baseline
BA,8760,8760.0,0.03350456621004566,0.03159488534842168,0.03554769704189001,0.03628229800747534,0.108946012533548,0.040288771792845034,False,country,baseline
BE,8760,8760.0,0.27208904109589044,0.2690636167361525,0.27498628896168353,0.2927748315317838,0.020229444568523602,0.01216221110593884,False,country,baseline
BG,8760,8760.0,9.968486719403177e-05,6.710640555662744e-05,0.0001414881985979806,0.0003836328299228849,0.19388797631397928,0.0,False,country,baseline
CH,8760,8760.0,0.3205876211159372,0.3188186845695512,0.32223702528121173,0.34791601609673956,0.009825189279903813,0.007644710297042186,False,country,baseline
CZ,8760,8760.0,0.13778946510110895,0.13354003587736465,0.14208848051206785,0.13226983281038626,0.06462883072482377,0.024370844041276738,False,country,baseline
DE,8760,8760.0,0.270437947353469,0.2680498939863221,0.27248111414832216,0.27451972308562783,0.016141718752272882,0.01358357264243624,False,country,baseline
DK,8760,8760.0,0.0436165617672467,0.04221114093545601,0.04516583364186103,0.10519002855952281,0.028089095010874324,0.0,False,country,baseline
EE,8760,8760.0,0.0,0.0,0.0,0.0,inf,inf,True,country,baseline
ES,8760,8760.0,0.20011158354335612,0.19799552522845335,0.20267898371823226,0.2624378532544717,0.017845971652715883,0.008881143817367787,False,country,baseline
FI,8760,8760.0,0.2763483242870682,0.27131916623589214,0.28095788102007413,0.2532713282371789,0.038056873043109334,0.019434263349575157,False,country,baseline
FR,8760,8760.0,0.38153413664079283,0.3789176698194325,0.384260084041037,0.31182247993156886,0.017132870673009053,0.013527866296164917,False,country,baseline
GR,8760,8760.0,0.00045076688912305357,0.00031026811848729657,0.0006088280060882801,0.0013100014050228452,0.22790806670606353,0.0,False,country,baseline
HR,8760,8760.0,0.1369262196587359,0.13323930545541934,0.1408169610670512,0.1257096431705207,0.06027903206560711,0.02350423661896317,False,country,baseline
HU,8760,8760.0,0.14027625570776256,0.13781889269406394,0.1425699200913242,0.21809458058408615,0.021784252430924068,0.010693256700825224,False,country,baseline
IE,8760,8760.0,0.11471035902945653,0.11006558331094995,0.11915318067866415,0.09907510407201735,0.09172432825413387,0.030617354359352023,False,country,baseline
IT,8760,8760.0,0.24089446357063185,0.23941204528492666,0.24228664102687564,0.3236397817939298,0.00888208404422703,0.0046239077567558655,False,country,baseline
LT,8760,8760.0,0.0028170570039770214,0.0021947267638827515,0.0036052806009721603,0.0024263480696802373,0.5813485108405334,0.19960726395328782,True,country,baseline
LV,8760,8760.0,0.0011713321421481038,0.0007662050823903119,0.0016355221361921777,0.001220339246806984,0.7123568762345658,0.31204814849293283,True,country,baseline
MK,8760,8760.0,0.00993150684931507,0.008308219178082193,0.01139269406392694,0.003660095785817671,0.8427306459564884,0.31599558559690616,True,country,baseline
NL,8760,8760.0,0.2604794520547945,0.25577333047945205,0.2646912100456621,0.18631197753566223,0.04786530465816701,0.024801354336756468,False,country,baseline
NO,8760,8760.0,0.2073995433789954,0.2029544520547945,0.21216541095890412,0.1885989420440604,0.048838868364159495,0.01954131162697286,False,country,baseline
PL,8760,8760.0,0.08167833587011669,0.07936211314053779,0.08433847031963469,0.08356546356491974,0.05955040475819186,0.027989517062104043,False,country,baseline
PT,8760,8760.0,0.08687288738658602,0.08501512186443692,0.08880364926169722,0.16974863187796876,0.022318456150997687,0.0016458319005718976,False,country,baseline
RO,8760,8760.0,0.13256974022485707,0.13016809120908637,0.13507441675300255,0.22077163319552578,0.02222353240269281,0.0016980628410755976,False,country,baseline
RS,8760,8760.0,0.02517123287671233,0.023295578862252662,0.026769406392694067,0.035305375947047433,0.09839372722306103,0.03067809323262987,False,country,baseline
SE,8760,8760.0,0.23703957382039573,0.2317789351851852,0.2420824296042618,0.1690986330322646,0.0609318610938189,0.02931891523518066,False,country,baseline
SI,8760,8760.0,0.19663242009132423,0.19163836567732115,0.20095628805175036,0.19511281758014987,0.047756587650124686,0.017142492347892883,False,country,baseline
SK,8760,8760.0,0.038604452054794514,0.03662314497716895,0.04032063356164384,0.05604514740139519,0.06597339387821538,0.01299549034738232,False,country,baseline
XK,8760,8760.0,0.010302511415525113,0.009060359589041096,0.011700913242009132,0.011438155365585,0.2308548510289435,0.05969355976447017,False,country,baseline
AL,200,200.0,0.009411764705882356,0.003823529411764706,0.017213235294117644,0.013599562378466932,0.984568878742284,0.0,True,country,peak_demand
AT,200,200.0,0.16643835616438354,0.1526027397260274,0.18289383561643835,0.26437374884195647,0.11457679146698894,0.032246342714311205,False,country,peak_demand
BA,200,200.0,0.06358695652173914,0.049942934782608694,0.08022282608695652,0.07832945364375105,0.38657094995278946,0.17207279288597613,False,country,peak_demand
BE,200,200.0,0.15119565217391306,0.13526902173913047,0.16810054347826087,0.2002232036639216,0.16397461002691138,0.09736744983204738,False,country,peak_demand
BG,200,200.0,0.0008098591549295774,0.0003336267605633807,0.0015492957746478873,0.004951785989641003,0.24550112154031936,0.0,False,country,peak_demand
CH,200,200.0,0.36527439024390246,0.35845503048780486,0.37273246951219513,0.397813480105811,0.03588978186609648,0.029695152404481926,False,country,peak_demand
CZ,200,200.0,0.04428571428571428,0.03422991071428572,0.055408482142857145,0.07261953551748668,0.2916373848669364,0.09924016367309622,False,country,peak_demand
DE,200,200.0,0.30261001517450686,0.2864466995447648,0.3192699165402124,0.284385797645964,0.11541791913360491,0.09316934129239599,False,country,peak_demand
DK,200,200.0,0.08108108108108109,0.06844256756756757,0.0971689189189189,0.16100249761003432,0.17842177467910902,0.0,False,country,peak_demand
EE,200,200.0,0.0,0.0,0.0,0.0,inf,inf,True,country,peak_demand
ES,200,200.0,0.26005006257822283,0.2440671151439299,0.2779849812265332,0.2806187245758902,0.12086814995636756,0.08465114512109115,False,country,peak_demand
FI,200,200.0,0.5391037735849057,0.5227264150943396,0.5562087264150943,0.41793844742356095,0.08011302029559869,0.04119417314245984,False,country,peak_demand
FR,200,200.0,0.5490111779879622,0.538920464316423,0.5579075666380052,0.38715840112551986,0.049042206668857516,0.04962758037781353,False,country,peak_demand
GR,200,200.0,0.001923076923076923,0.0010256410256410256,0.003076923076923077,0.010353705184394855,0.19812057758547652,0.0,False,country,peak_demand
HR,200,200.0,0.3105263157894737,0.2774934210526316,0.34211842105263157,0.2582527053755585,0.25023939209473317,0.11010386010438092,False,country,peak_demand
HU,200,200.0,0.26530000000000004,0.2382475,0.291205,0.2700026110984855,0.19613699209998878,0.0825110685957898,False,country,peak_demand
IE,200,200.0,0.3422549019607843,0.3160735294117647,0.37235784313725495,0.31975682200864586,0.17602224519221796,0.08408777099650275,False,country,peak_demand
IT,200,200.0,0.31811072056239015,0.3118009666080843,0.32412521968365554,0.3768490302593194,0.03270342255382903,0.032097381422046135,False,country,peak_demand
LT,200,200.0,0.014516129032258065,0.007580645161290323,0.02121370967741935,0.026007283059027577,0.5242017970576421,0.1960551821848599,True,country,peak_demand
LV,200,200.0,0.003478260869565218,0.0015217391304347828,0.006304347826086958,0.012197182729656987,0.3921076531897356,0.0,False,country,peak_demand
MK,200,200.0,0.018,0.009,0.02952499999999998,0.016,1.2828124999999988,0.6262272326200772,True,country,peak_demand
NL,200,200.0,0.365625,0.342678125,0.39013749999999997,0.2883123035442643,0.16461099445488486,0.09718445441590552,False,country,peak_demand
NO,200,200.0,0.5187200000000001,0.5088340000000001,0.528489,0.4511340838376103,0.0435679783553549,0.0,False,country,peak_demand
PL,200,200.0,0.10935555555555554,0.09671833333333334,0.1226011111111111,0.1446510215127821,0.178932561326507,0.10793666122720669,False,country,peak_demand
PT,200,200.0,0.2084090909090909,0.18702678571428571,0.22890746753246755,0.28646111255851897,0.14620023445460278,0.017450326226697163,False,country,peak_demand
RO,200,200.0,0.22394957983193275,0.20672268907563027,0.23918172268907564,0.32244657817557065,0.10066484128037974,0.0,False,country,peak_demand
RS,200,200.0,0.040937499999999995,0.032807291666666676,0.04958333333333334,0.07245441275093832,0.23153926765419,0.0,False,country,peak_demand
SE,200,200.0,0.583861111111111,0.5764840277777777,0.5908770833333333,0.40209100357297345,0.035795517501409274,0.03904937803570155,False,country,peak_demand
SI,200,200.0,0.14125,0.10478125,0.18083333333333332,0.0715345196391225,1.0631522196137058,0.34372363707693043,True,country,peak_demand
SK,200,200.0,0.058125,0.04525,0.07288125,0.09024748957727301,0.3061719514795054,0.09202130721907917,False,country,peak_demand
XK,200,200.0,0.03875,0.026250000000000002,0.051250000000000004,0.06426264467013476,0.3890284959221174,0.03874567579890537,False,country,peak_demand
AL,1125,1125.0,0.0005228758169934641,0.00020915032679738564,0.0008888888888888889,0.0020915032679738564,0.32499999999999996,0.0,False,country,dunkelflaute
AT,239,239.0,0.2545996446380467,0.24680460824210465,0.2620507823694618,0.37982434251824165,0.04014006586906658,0.01534088141114307,False,country,dunkelflaute
BA,290,290.0,0.027211394302848576,0.02188905547226387,0.033058470764617695,0.07593777148577306,0.14708642450017662,0.0,False,country,dunkelflaute
BE,226,226.0,0.15178914967295115,0.1298287803001154,0.17362447095036554,0.18966024327774372,0.23091655843820946,0.08336254792179033,False,country,dunkelflaute
BG,305,305.0,6.926806742091895e-05,0.0,0.00018471484645578388,0.0006113231260620515,0.3021558298401992,0.0,False,country,dunkelflaute
CH,228,228.0,0.3591944801026958,0.34984555519897303,0.3677397571673085,0.3993365872729086,0.04480982343875864,0.0292911253584059,False,country,dunkelflaute
CZ,233,233.0,0.0407725321888412,0.033987967504598406,0.048743102391171064,0.09714047026109665,0.15189482660433318,0.0441368479809473,False,country,dunkelflaute
DE,356,356.0,0.1711053519974084,0.16596552062198427,0.1763670909276909,0.283246275772755,0.03672270810032354,0.01988796803651899,False,country,dunkelflaute
DK,304,304.0,0.019736842105263157,0.017069701280227594,0.02280627667140825,0.10101850400931359,0.05678737224867001,0.0,False,country,dunkelflaute
EE,214,214.0,0.0,0.0,0.0,0.0,inf,inf,True,country,dunkelflaute
ES,340,340.0,0.2640616947655157,0.2541652249134948,0.27370821983361554,0.346330715373251,0.05642870832019235,0.014684710079575763,False,country,dunkelflaute
FI,263,263.0,0.35052729751058176,0.33374255685486764,0.36737660520840804,0.3744631155025933,0.08981938930993982,0.039937416785672746,False,country,dunkelflaute
FR,270,270.0,0.4777363778223624,0.46886237699436323,0.48795635489315625,0.3996829886041736,0.04777280605680909,0.03610439895500446,False,country,dunkelflaute
GR,275,275.0,0.0002797202797202797,0.0,0.0006526806526806527,0.001724311609222091,0.37851664930511264,0.0,False,country,dunkelflaute
HR,348,348.0,0.1560798548094374,0.13437310949788264,0.17809664246823953,0.13422000533446354,0.3257601790538004,0.13304080848524005,False,country,dunkelflaute
HU,315,315.0,0.1455873015873016,0.1329825396825397,0.15788095238095237,0.27158206743075325,0.09167914853126727,0.03322376181690125,False,country,dunkelflaute
IE,341,341.0,0.05221091369098959,0.040614398251969414,0.0657020872865275,0.07342759174684856,0.34166569320496376,0.06983058894166257,False,country,dunkelflaute
IT,224,224.0,0.24537095154406224,0.23711280755711775,0.25379189681144865,0.3462256314291727,0.04817404530531685,0.0,False,country,dunkelflaute
LT,242,242.0,0.00346574246867502,0.0003998933617701946,0.008601039722740601,0.004078128110044882,2.011007535729462,1.0181570811423655,True,country,dunkelflaute
LV,238,238.0,0.001278772378516624,0.0,0.0035668615272195794,0.002888452375016788,1.2348694262957505,0.0,True,country,dunkelflaute
MK,409,409.0,0.004400977995110024,0.0009779951100244498,0.008801955990220049,0.0054452463206161586,1.436842416214199,0.0,True,country,dunkelflaute
NL,329,329.0,0.27180851063829786,0.2467857142857143,0.296559650455927,0.22496907408215547,0.22124790428766222,0.09850599517151726,False,country,dunkelflaute
NO,237,237.0,0.46872573839662446,0.4620227848101266,0.47605738396624475,0.4587696064658583,0.03059182421484718,0.0,False,country,dunkelflaute
PL,231,231.0,0.09291005291005291,0.08572871572871574,0.10088696488696487,0.20095533177621527,0.07543093793166646,0.022009429353404684,False,country,dunkelflaute
PT,289,289.0,0.16644946748752978,0.15196658877454727,0.18033748258661753,0.2649997000156061,0.10706009784312762,0.0,False,country,dunkelflaute
RO,329,329.0,0.09016372506449388,0.07947115016219253,0.10116025133457637,0.17655462731002558,0.12284640455386263,0.0,False,country,dunkelflaute
RS,242,242.0,0.019714187327823693,0.014716769972451794,0.025658574380165285,0.036913954081085346,0.29641377305933353,0.0,False,country,dunkelflaute
SE,242,242.0,0.5892332415059689,0.5777949954086318,0.602027662993572,0.39801197214346984,0.06088426801444353,0.04077785830903953,False,country,dunkelflaute
SI,309,309.0,0.02831715210355987,0.019275889967637544,0.03856526429341963,0.04074597308153063,0.47340566114803606,0.09945570751243622,False,country,dunkelflaute
SK,242,242.0,0.014566115702479338,0.009553202479338845,0.021851756198347106,0.02953877142238041,0.4163529194613054,0.1496086211249731,False,country,dunkelflaute
XK,466,466.0,0.006437768240343348,0.003218884120171674,0.010193133047210302,0.009950234437227149,0.7009130258223499,0.10683153440902234,True,country,dunkelflaute
AT,200,200.0,0.29568493150684927,0.27636643835616437,0.313777397260274,0.33241984827378335,0.11254129107627077,0.06388382683418364,False,country,wind_surplus
BA,200,200.0,0.031195652173913044,0.01934782608695652,0.04299728260869565,0.039934522258979525,0.5922058205271605,0.2090626028285713,True,country,wind_surplus
BE,200,200.0,0.22836956521739124,0.20445108695652175,0.2501875,0.25379736513995743,0.18020838403210668,0.08189050211780885,False,country,wind_surplus
BG,200,200.0,0.0,0.0,0.0,0.0,inf,inf,True,country,wind_surplus
CH,200,200.0,0.31390243902439025,0.30409375,0.3249161585365854,0.3474278521262732,0.059933043390595714,0.052529086576466266,False,country,wind_surplus
CZ,200,200.0,0.3685714285714286,0.33672544642857144,0.4016116071428571,0.2844790261627922,0.22808767869289162,0.10130314727354958,False,country,wind_surplus
DE,200,200.0,0.39088770864946887,0.37775265553869497,0.4048423748103186,0.33929366443988324,0.07984151226738699,0.07495229711317776,False,country,wind_surplus
DK,200,200.0,0.05391891891891892,0.05364864864864864,0.05405405405405406,0.22555976955581977,0.0017973302872394032,0.0,False,country,wind_surplus
EE,200,200.0,0.0,0.0,0.0,0.0,inf,inf,True,country,wind_surplus
ES,200,200.0,0.16948060075093865,0.1530162703379224,0.1843127346683354,0.21832379831979046,0.14334884502408393,0.0867917133675731,False,country,wind_surplus
FI,200,200.0,0.3179716981132075,0.2874929245283019,0.35077594339622636,0.2955788838152918,0.21409857852860098,0.10221787997098891,False,country,wind_surplus
FR,200,200.0,0.4800558899398109,0.4684983877901977,0.48986575666380044,0.40352101570789484,0.05295230741853204,0.045725440301805254,False,country,wind_surplus
GR,200,200.0,0.00717948717948718,0.0030769230769230774,0.013333333333333334,0.0146232547411373,0.701376707030721,0.0,True,country,wind_surplus
HR,200,200.0,0.24131578947368426,0.20749342105263158,0.27871052631578946,0.15369006838151117,0.4633813102768147,0.1867325540745937,False,country,wind_surplus
HU,200,200.0,0.17490000000000003,0.1563475,0.1927575,0.2587479275279321,0.14071610291861952,0.06937321472861258,False,country,wind_surplus
IE,200,200.0,0.5350980392156862,0.5221985294117647,0.5466666666666666,0.4023588416415572,0.060811730034503526,0.0,False,country,wind_surplus
IT,200,200.0,0.27692442882249557,0.2680942442882249,0.28488202987697714,0.3065280307839859,0.054767538048038335,0.06611058592044529,False,country,wind_surplus
LT,200,200.0,0.042580645161290315,0.0221733870967742,0.06370967741935483,0.01900216319357825,2.185871676789817,0.7545876158729476,True,country,wind_surplus
LV,200,200.0,0.02152173913043478,0.008043478260869567,0.03707065217391305,0.01958453152966123,1.4821479834266729,0.6659261592557201,True,country,wind_surplus
MK,200,200.0,0.02,0.006475000000000011,0.034999999999999996,0.006324555320336759,4.5101985128151485,1.352045672305489,True,country,wind_surplus
NL,200,200.0,0.3195,0.29212499999999997,0.349565625,0.27823730878514474,0.20644472608939643,0.10348160560935522,False,country,wind_surplus
NO,200,200.0,0.33132,0.30647,0.3566785,0.2980916932757436,0.16843307322071416,0.09733738959436988,False,country,wind_surplus
PL,200,200.0,0.2944222222222222,0.2711883333333333,0.32019111111111115,0.286735456001512,0.1708989130996044,0.09264211765767673,False,country,wind_surplus
PT,200,200.0,0.06188311688311688,0.04686607142857143,0.07734172077922075,0.09944664744970712,0.30645225487426997,0.0,False,country,wind_surplus
RO,200,200.0,0.14063025210084032,0.1253981092436975,0.15395588235294116,0.23281033740462953,0.12266539977393545,0.0,False,country,wind_surplus
RS,200,200.0,0.011979166666666666,0.0075,0.0178125,0.028844763810881784,0.3575172280006527,0.0,False,country,wind_surplus
SE,200,200.0,0.4445555555555555,0.42263194444444446,0.4669215277777777,0.32037490576965233,0.13824298512685998,0.09001451294140779,False,country,wind_surplus
SI,200,200.0,0.21458333333333335,0.18144791666666668,0.24980208333333334,0.20238637072578664,0.33774095766201445,0.12522468711972531,False,country,wind_surplus
SK,200,200.0,0.07862499999999999,0.063625,0.09744062499999999,0.10606594352100018,0.3188169913682498,0.08200505408071361,False,country,wind_surplus
XK,200,200.0,0.00375,0.0,0.00875,0.00649519052838329,1.347150628109127,0.0,True,country,wind_surplus
AL,200,200.0,0.19941176470588237,0.17749264705882353,0.22088235294117647,0.20857980806439516,0.20802447890333264,0.1272816325219779,False,country,max_dispersion
AT,200,200.0,0.4241095890410959,0.42191780821917807,0.42684931506849316,0.45488320227973844,0.010841259524642493,0.0,False,country,max_dispersion
BA,200,200.0,0.4229347826086957,0.4073342391304348,0.43805434782608693,0.39968816117252515,0.07686019171929338,0.0335998312139117,False,country,max_dispersion
BE,200,200.0,0.37423913043478263,0.36374728260869565,0.38473097826086955,0.4160815756546351,0.050431686669037294,0.029663236234426082,False,country,max_dispersion
BG,200,200.0,0.004366197183098592,0.003063380281690141,0.006074823943661971,0.016803117950622358,0.17921933719808775,0.0,False,country,max_dispersion
CH,200,200.0,0.43137195121951216,0.426233993902439,0.43759298780487804,0.4327941429696983,0.026245720019446615,0.014366667405178862,False,country,max_dispersion
CZ,200,200.0,0.7790178571428571,0.7707098214285714,0.7855825892857143,0.37320573084863706,0.039851391947609185,0.02486807257955843,False,country,max_dispersion
DE,200,200.0,0.4543019726858877,0.44797477238239763,0.46122628983308045,0.3252413109215182,0.040743647887584764,0.08654427224714563,False,country,max_dispersion
DK,200,200.0,0.08513513513513513,0.07234797297297298,0.10128716216216216,0.16836048232517487,0.1718882530479774,0.0,False,country,max_dispersion
EE,200,200.0,0.0,0.0,0.0,0.0,inf,inf,True,country,max_dispersion
ES,200,200.0,0.42135794743429283,0.41553723404255316,0.427325563204005,0.4260915477248939,0.02766618869676095,0.02522358849764597,False,country,max_dispersion
FI,200,200.0,0.5871698113207546,0.5823808962264151,0.591561320754717,0.4527067540101202,0.02027896523959679,0.0,False,country,max_dispersion
FR,200,200.0,0.5645098882201204,0.5574483018056751,0.5708470550300946,0.3811590467872892,0.035152656974443725,0.05253642115209267,False,country,max_dispersion
GR,200,200.0,0.019743589743589744,0.014035256410256413,0.025964743589743586,0.057378061540000656,0.2079102510490116,0.0,False,country,max_dispersion
HR,200,200.0,0.7494736842105263,0.7440723684210526,0.7549999999999999,0.40918691757924713,0.026705720807486278,0.0,False,country,max_dispersion
HU,200,200.0,0.5096,0.4920325,0.5274525,0.33676971360263386,0.10517572860424522,0.08369046206351322,False,country,max_dispersion
IE,200,200.0,0.5625490196078432,0.5354852941176471,0.5875024509803922,0.3510703138178118,0.14816734658385114,0.07575147815852161,False,country,max_dispersion
IT,200,200.0,0.2535149384885764,0.24293804920913886,0.2637464850615114,0.3376182214944887,0.06163303556384677,0.03204714359980579,False,country,max_dispersion
LT,200,200.0,0.12338709677419356,0.09314112903225806,0.15331854838709677,0.10627404545199438,0.5662475640114949,0.18917102168958796,True,country,max_dispersion
LV,200,200.0,0.051304347826086956,0.032163043478260885,0.07088043478260868,0.0534508590101459,0.7243548938474227,0.31738814834347956,True,country,max_dispersion
MK,200,200.0,0.42400000000000004,0.38647499999999996,0.46252499999999996,0.15935494971917252,0.47723650965358233,0.21489926134306173,False,country,max_dispersion
NL,200,200.0,0.46749999999999997,0.45580937499999996,0.47913125,0.38265846390743796,0.060946972822327077,0.041911822085840725,False,country,max_dispersion
NO,200,200.0,0.45948000000000006,0.454619,0.464102,0.47866766090890234,0.019811240186967168,0.0,False,country,max_dispersion
PL,200,200.0,0.4765555555555555,0.4700772222222223,0.48424555555555554,0.43967111726610464,0.03222484438239332,0.01647154961593907,False,country,max_dispersion
PT,200,200.0,0.35253246753246753,0.3481647727272727,0.35638717532467534,0.456573647617891,0.01800892942530056,0.0,False,country,max_dispersion
RO,200,200.0,0.3439075630252101,0.33945168067226894,0.348531512605042,0.4265235468215334,0.02128799687716247,0.0,False,country,max_dispersion
RS,200,200.0,0.4422916666666667,0.42489583333333336,0.4604817708333333,0.3549676604009942,0.10025121009558952,0.06949510314929397,False,country,max_dispersion
SE,200,200.0,0.5803888888888888,0.5771347222222223,0.5838826388888889,0.41856051452685744,0.01612172298262416,0.025930532755890624,False,country,max_dispersion
SI,200,200.0,0.6845833333333333,0.6764479166666667,0.6933333333333334,0.426846275672584,0.03955854280340202,0.01357649451268203,False,country,max_dispersion
SK,200,200.0,0.37725,0.370125,0.3840125,0.40881987170390827,0.033969728384578506,0.02902971737084457,False,country,max_dispersion
XK,200,200.0,0.3425,0.32625,0.36,0.37054857981106876,0.0910811748818686,0.029664889083173628,False,country,max_dispersion
AL,200,200.0,0.003235294117647059,0.0014705882352941176,0.005,0.012941176470588235,0.2727272727272727,0.0,False,europe,peak_demand
AT,200,200.0,0.16308219178082192,0.14775513698630138,0.17682705479452054,0.26277448810848353,0.11063447603869803,0.027024055259487912,False,europe,peak_demand
BA,200,200.0,0.006847826086956523,0.0039646739130434795,0.010057065217391303,0.017205872848870336,0.35408789532858975,0.0,False,europe,peak_demand
BE,200,200.0,0.17967391304347827,0.16211684782608698,0.19577173913043477,0.21999358235183233,0.15298124129150295,0.09926725240515849,False,europe,peak_demand
BG,200,200.0,0.0006690140845070422,0.00019278169014084543,0.0014973591549295767,0.004077975593779786,0.31990810998933594,0.0,False,europe,peak_demand
CH,200,200.0,0.38780487804878044,0.38056173780487806,0.39547332317073175,0.4053172481939569,0.03678991069908288,0.023948695520611244,False,europe,peak_demand
CZ,200,200.0,0.04026785714285714,0.030578125,0.05205357142857143,0.05764283224906526,0.3725605698168947,0.14698860657850715,False,europe,peak_demand
DE,200,200.0,0.24266312594840672,0.22597173748103186,0.25883421851289834,0.2546365234015262,0.1290564314689725,0.08841741962681769,False,europe,peak_demand
DK,200,200.0,0.08013513513513515,0.06817229729729729,0.09297972972972972,0.16794660704990838,0.14771023284239646,0.0,False,europe,peak_demand
EE,200,200.0,0.0,0.0,0.0,0.0,inf,inf,True,europe,peak_demand
ES,200,200.0,0.2649749687108886,0.25097825406758445,0.28045009386733416,0.2946736161404332,0.10001519710439315,0.07933418174901094,False,europe,peak_demand
FI,200,200.0,0.5009905660377358,0.480752358490566,0.5203419811320755,0.39852228211853175,0.09934105172501856,0.05008406402305069,False,europe,peak_demand
FR,200,200.0,0.542871883061049,0.534920894239037,0.552054815133276,0.3856010683724671,0.044434319040031076,0.04940552734867738,False,europe,peak_demand
GR,200,200.0,0.0023076923076923075,0.0013429487179487194,0.0034615384615384616,0.014225570776082249,0.1489282768992139,0.0,False,europe,peak_demand
HR,200,200.0,0.04368421052631579,0.028019736842105267,0.061717105263157886,0.04538844349968502,0.7424217669259018,0.15794068565622565,True,europe,peak_demand
HU,200,200.0,0.1309,0.10783750000000002,0.1555675,0.1527340499037461,0.31250398997525247,0.1164972610876139,False,europe,peak_demand
IE,200,200.0,0.17107843137254905,0.1426421568627451,0.19754901960784313,0.1872120369786523,0.2932870323469588,0.08953320895172215,False,europe,peak_demand
IT,200,200.0,0.22201230228471,0.211036467486819,0.23368673110720561,0.32354547006859036,0.07000643098351783,0.021786298111515598,False,europe,peak_demand
LT,200,200.0,0.01741935483870968,0.009838709677419356,0.02541532258064515,0.02839442720601985,0.5485799304985953,0.2569959539886694,True,europe,peak_demand
LV,200,200.0,0.004565217391304347,0.0018423913043478283,0.008157608695652168,0.01342556317969088,0.47038752168382003,0.0,False,europe,peak_demand
MK,200,200.0,0.023,0.01247500000000001,0.035,0.023999999999999997,0.9385416666666665,0.41018690692306536,True,europe,peak_demand
NL,200,200.0,0.390125,0.36718437499999995,0.415953125,0.2871356114713046,0.1698457037429292,0.10257866109214009,False,europe,peak_demand
NO,200,200.0,0.51416,0.504339,0.523804,0.4523143756282792,0.04303422806971933,0.0,False,europe,peak_demand
PL,200,200.0,0.10351111111111111,0.09243277777777778,0.11541277777777778,0.1342390276455021,0.17118717561546626,0.1138781570966266,False,europe,peak_demand
PT,200,200.0,0.11444805194805195,0.10000892857142857,0.12940016233766233,0.19659071605511344,0.149504688502147,0.0,False,europe,peak_demand
RO,200,200.0,0.2376050420168067,0.22193277310924367,0.25207142857142856,0.3470747193543693,0.0868362164730667,0.0,False,europe,peak_demand
RS,200,200.0,0.06510416666666667,0.056875,0.074171875,0.12157169345413246,0.14227715768824015,0.0,False,europe,peak_demand
SE,200,200.0,0.585,0.5775965277777778,0.5922222222222222,0.40252777681932844,0.03633462157571557,0.03616653608605957,False,europe,peak_demand
SI,200,200.0,0.11541666666666667,0.08061458333333334,0.1587708333333333,0.05363683176905793,1.4571377059799946,0.43699066464544495,True,europe,peak_demand
SK,200,200.0,0.031,0.021118750000000006,0.041190625,0.05624944444170094,0.356836857665381,0.11432150198201364,False,europe,peak_demand
XK,200,200.0,0.05625,0.04059375000000001,0.07125000000000001,0.0945631402820359,0.32418815522165717,0.024589589503167777,False,europe,peak_demand
AL,245,245.0,0.0,0.0,0.0,0.0,inf,inf,True,europe,dunkelflaute
AT,245,245.0,0.23712608331003637,0.23010763209393345,0.24411797595750628,0.37753532786438065,0.03711002078355345,0.00997384309325877,False,europe,dunkelflaute
BA,245,245.0,0.0058562555456965395,0.0033251996450754224,0.009050576752440106,0.015845901853609942,0.36131595161056446,0.0,False,europe,dunkelflaute
BE,245,245.0,0.2168589174800355,0.19865572315882876,0.23469387755102042,0.2693710955775426,0.13378627099884044,0.056782996604175275,False,europe,dunkelflaute
BG,245,245.0,0.0,0.0,0.0,0.0,inf,inf,True,europe,dunkelflaute
CH,245,245.0,0.3604778496764559,0.35345569935291193,0.36605276256844205,0.39465032142323386,0.03191955645722299,0.022882116235243864,False,europe,dunkelflaute
CZ,245,245.0,0.037536443148688044,0.03155247813411079,0.044134475218658896,0.09687329272985959,0.12988096853107087,0.0,False,europe,dunkelflaute
DE,245,245.0,0.1625096776191509,0.15696416958285592,0.16886624756123997,0.2786061938784032,0.042720076724420124,0.022258623569727055,False,europe,dunkelflaute
DK,245,245.0,0.022504136789851074,0.01935741864313293,0.02625482625482626,0.10019341077138645,0.0688409303425282,0.0,False,europe,dunkelflaute
EE,245,245.0,0.0,0.0,0.0,0.0,inf,inf,True,europe,dunkelflaute
ES,245,245.0,0.2721565221833414,0.26131248243978444,0.28196252969272817,0.33866216220117035,0.06097535998331367,0.038928769556845405,False,europe,dunkelflaute
FI,245,245.0,0.4775895263765884,0.45952445128994995,0.49453792837889876,0.4112736685443798,0.0851342543102065,0.03990961812924253,False,europe,dunkelflaute
FR,245,245.0,0.4810114587537508,0.47230535034306065,0.4898711109551301,0.37354209042443015,0.04702484957481143,0.05398457475665803,False,europe,dunkelflaute
GR,245,245.0,0.0009419152276295134,0.00041862899005756153,0.0015698587127158554,0.005806355418809083,0.19827062582648755,0.0,False,europe,dunkelflaute
HR,245,245.0,0.0322234156820623,0.019108485499462948,0.047475832438238455,0.02922063523842738,0.9707984343020123,0.3388262520176358,True,europe,dunkelflaute
HU,245,245.0,0.08759183673469387,0.07767142857142857,0.09783877551020408,0.19706841033176073,0.10233678195721059,0.020529640869394402,False,europe,dunkelflaute
IE,245,245.0,0.14349739895958383,0.1195638255302121,0.16930972388955584,0.14411354567924678,0.34518544474690177,0.11975542215537441,False,europe,dunkelflaute
IT,245,245.0,0.1931064165560776,0.18546985402245256,0.20039991391987375,0.31194345748966507,0.0478614298167027,0.013303843833693369,False,europe,dunkelflaute
LT,245,245.0,0.0061882817643186296,0.0021691902567478618,0.011059907834101382,0.008220403570131912,1.0815427127759436,0.4895198808009072,True,europe,dunkelflaute
LV,245,245.0,0.001419698314108252,0.0001774622892635315,0.0035492457852706297,0.0035314549675478967,0.9547859244962514,0.0,True,europe,dunkelflaute
MK,245,245.0,0.0,0.0,0.0,0.0,inf,inf,True,europe,dunkelflaute
NL,245,245.0,0.22836734693877547,0.19968367346938776,0.25347448979591836,0.20088092125215717,0.26777463977780797,0.12136924937285518,False,europe,dunkelflaute
NO,245,245.0,0.40153469387755103,0.3793371428571429,0.4227612244897959,0.36246190967927444,0.11980315854727185,0.06278449392737573,False,europe,dunkelflaute
PL,245,245.0,0.091718820861678,0.0849609977324263,0.09823174603174602,0.22588083758064414,0.0587511027560352,0.0,False,europe,dunkelflaute
PT,245,245.0,0.13999469917837268,0.1260064935064935,0.15293135435992578,0.24875578348189079,0.10823813009112358,0.0,False,europe,dunkelflaute
RO,245,245.0,0.1432687360658549,0.1308128965872063,0.15663265306122448,0.2545815413461385,0.10142037925252675,0.0,False,europe,dunkelflaute
RS,245,245.0,0.00935374149659864,0.005697278911564626,0.013439625850340132,0.022215207255036763,0.348515629401572,0.0,False,europe,dunkelflaute
SE,245,245.0,0.4718367346938775,0.444937074829932,0.49685827664399085,0.33608791041929886,0.15448696666679454,0.07369780977510298,False,europe,dunkelflaute
SI,245,245.0,0.021768707482993196,0.008664965986394562,0.04031462585034013,0.011464149351260352,2.7607508323734504,0.8224501697307508,True,europe,dunkelflaute
SK,245,245.0,0.007040816326530612,0.004028061224489797,0.010772959183673462,0.02339362215827849,0.28832208682984106,0.0,False,europe,dunkelflaute
XK,245,245.0,0.004081632653061225,0.0010204081632653062,0.00816326530612245,0.007069595132934194,1.0103629710818451,0.0,True,europe,dunkelflaute
AL,200,200.0,0.0,0.0,0.0,0.0,inf,inf,True,europe,wind_surplus
AT,200,200.0,0.3942465753424657,0.3844811643835616,0.4040873287671233,0.38249690770786626,0.05125836049512839,0.039622535625885795,False,europe,wind_surplus
BA,200,200.0,0.03456521739130435,0.02417119565217392,0.046470108695652164,0.05429214538991526,0.41072079364946695,0.0,False,europe,wind_surplus
BE,200,200.0,0.22489130434782606,0.20521195652173915,0.247945652173913,0.2624207729931049,0.16284418022538438,0.06783164036468452,False,europe,wind_surplus
BG,200,200.0,0.0,0.0,0.0,0.0,inf,inf,True,europe,wind_surplus
CH,200,200.0,0.33350609756097555,0.3219710365853658,0.3446806402439025,0.36201425819096056,0.06273124095172379,0.04215342936643206,False,europe,wind_surplus
CZ,200,200.0,0.4072321428571429,0.38150446428571433,0.43093973214285713,0.3336485528576133,0.14816568941703048,0.07654700040663051,False,europe,wind_surplus
DE,200,200.0,0.39474962063732927,0.3844480273141123,0.40636589529590283,0.3198129519892821,0.06853339692923084,0.08855866663357775,False,europe,wind_surplus
DK,200,200.0,0.13567567567567568,0.11850000000000001,0.15372635135135135,0.22464735777273942,0.1568073254927283,0.0,False,europe,wind_surplus
EE,200,200.0,0.0,0.0,0.0,0.0,inf,inf,True,europe,wind_surplus
ES,200,200.0,0.26514392991239044,0.2498271276595745,0.2813365143929913,0.3206806131178062,0.09825784735493634,0.057571685449495244,False,europe,wind_surplus
FI,200,200.0,0.4598584905660378,0.4465318396226415,0.47198584905660373,0.44819999407860467,0.056791632686854,0.026745046782698657,False,europe,wind_surplus
FR,200,200.0,0.4935640584694755,0.48848398538263116,0.49859082115219255,0.40850144734495974,0.024741248373170783,0.035968186351862635,False,europe,wind_surplus
GR,200,200.0,0.0,0.0,0.0,0.0,inf,inf,True,europe,wind_surplus
HR,200,200.0,0.2123684210526316,0.18563815789473687,0.2380328947368421,0.20838582902782088,0.2514313813302065,0.11551329418924632,False,europe,wind_surplus
HU,200,200.0,0.19760000000000005,0.18379,0.2118575,0.3003052447094456,0.09346323613880321,0.05931768026776155,False,europe,wind_surplus
IE,200,200.0,0.3762745098039215,0.3404754901960784,0.4090710784313725,0.26811952839566283,0.25583958261357187,0.12312618814240908,False,europe,wind_surplus
IT,200,200.0,0.2900966608084358,0.28279173989455186,0.29674714411247805,0.3654449816229787,0.03818742880514817,0.031185291385209448,False,europe,wind_surplus
LT,200,200.0,0.00838709677419355,0.0,0.020967741935483876,0.003677985242255284,5.700877125495691,1.8718772066893385,True,europe,wind_surplus
LV,200,200.0,0.0056521739130434775,0.0,0.014130434782608699,0.0049572844569527735,2.8504385627478457,1.4342104206737718,True,europe,wind_surplus
MK,200,200.0,0.0,0.0,0.0,0.0,inf,inf,True,europe,wind_surplus
NL,200,200.0,0.34725,0.318684375,0.374940625,0.2947391855522438,0.19086790205582738,0.10762478854114091,False,europe,wind_surplus
NO,200,200.0,0.45630000000000004,0.451,0.46192,0.43727109440254563,0.02497306622776027,0.0,False,europe,wind_surplus
PL,200,200.0,0.28824444444444447,0.26602944444444443,0.31202444444444444,0.2959161409405303,0.15543254874104193,0.07666234539469369,False,europe,wind_surplus
PT,200,200.0,0.14094155844155842,0.1280349025974026,0.15464448051948051,0.2561482737459415,0.10388349502784623,0.0,False,europe,wind_surplus
RO,200,200.0,0.1180672268907563,0.10443172268907563,0.1332794117647059,0.21481583791713535,0.1342903267996384,0.0,False,europe,wind_surplus
RS,200,200.0,0.009479166666666669,0.006354166666666667,0.012291666666666668,0.02612549009375497,0.2272684638141697,0.0,False,europe,wind_surplus
SE,200,200.0,0.5035277777777777,0.48326180555555553,0.5219791666666667,0.3889646860656798,0.09953952761812776,0.06103299531680176,False,europe,wind_surplus
SI,200,200.0,0.35333333333333333,0.3206145833333333,0.3879166666666667,0.2990563863591985,0.22504813942510632,0.10602693460808921,False,europe,wind_surplus
SK,200,200.0,0.051125,0.040809375,0.0625,0.099639898509583,0.2176901554944265,0.0,False,europe,wind_surplus
XK,200,200.0,0.0,0.0,0.0,0.0,inf,inf,True,europe,wind_surplus
AL,200,200.0,0.003235294117647059,0.0014705882352941176,0.005294117647058823,0.012941176470588235,0.2954545454545454,0.0,False,europe,max_dispersion
AT,200,200.0,0.19205479452054794,0.178763698630137,0.2055873287671233,0.2905979141055421,0.09230496447143884,0.028902314531294604,False,europe,max_dispersion
BA,200,200.0,0.005978260869565218,0.003312500000000001,0.009021739130434784,0.012450753653520044,0.45854566633568256,0.0,False,europe,max_dispersion
BE,200,200.0,0.17402173913043475,0.1567336956521739,0.1939048913043478,0.2187355450260542,0.16993669523509006,0.10010436694405403,False,europe,max_dispersion
BG,200,200.0,0.00073943661971831,0.00022799295774647926,0.0014788732394366197,0.004594362095316863,0.272264191576278,0.0,False,europe,max_dispersion
CH,200,200.0,0.3796951219512195,0.37074618902439027,0.38819283536585364,0.39682378251114003,0.04396572763623004,0.03282091606795699,False,europe,max_dispersion
CZ,200,200.0,0.04973214285714286,0.038970982142857144,0.06237276785714285,0.07635338215715617,0.306493112068283,0.10264340226356242,False,europe,max_dispersion
DE,200,200.0,0.24172989377845222,0.2236193095599393,0.26108516691957506,0.2531229163981538,0.14801448202620748,0.09782666499448192,False,europe,max_dispersion
DK,200,200.0,0.06459459459459459,0.055064189189189185,0.07581756756756755,0.16153561392267707,0.12847555950301134,0.0,False,europe,max_dispersion
EE,200,200.0,0.0,0.0,0.0,0.0,inf,inf,True,europe,max_dispersion
ES,200,200.0,0.27733416770963704,0.26140675844806005,0.29261608260325406,0.2957133708824734,0.10553910383578043,0.07861111127447906,False,europe,max_dispersion
FI,200,200.0,0.5145754716981132,0.49768160377358495,0.5300294811320754,0.4113066603306159,0.07864661693659084,0.042075799913675195,False,europe,max_dispersion
FR,200,200.0,0.5703439380911436,0.5646511177987962,0.5766161865864144,0.3830688660922292,0.03123477224781174,0.05024871124795685,False,europe,max_dispersion
GR,200,200.0,0.0023076923076923075,0.0014102564102564104,0.0033333333333333335,0.014225570776082249,0.13518451760896882,0.0,False,europe,max_dispersion
HR,200,200.0,0.0518421052631579,0.03591447368421053,0.06973684210526315,0.05580064436328079,0.6061286353766406,0.1297381992932538,True,europe,max_dispersion
HU,200,200.0,0.1589,0.13549999999999998,0.1852525,0.19414502311416584,0.2562646170473468,0.10027245849752794,False,europe,max_dispersion
IE,200,200.0,0.20784313725490192,0.17798284313725493,0.23627450980392156,0.19868502736734228,0.29338731478186864,0.11196677125075692,False,europe,max_dispersion
IT,200,200.0,0.23212653778558873,0.22201801405975397,0.24226208260105447,0.33174123062055005,0.06102367349223449,0.02631284304135225,False,europe,max_dispersion
LT,200,200.0,0.017741935483870968,0.009830645161290327,0.026137096774193545,0.02892812867283272,0.5636884361696406,0.23578887865986584,True,europe,max_dispersion
LV,200,200.0,0.004565217391304347,0.0019565217391304345,0.007940217391304344,0.01342556317969088,0.44569420083811206,0.0,False,europe,max_dispersion
MK,200,200.0,0.022,0.012,0.033,0.02501999200639361,0.839328805326303,0.2854893226630955,True,europe,max_dispersion
NL,200,200.0,0.386625,0.361309375,0.4140718749999999,0.2670051205033342,0.19760856983018446,0.11656540049348389,False,europe,max_dispersion
NO,200,200.0,0.49882,0.488835,0.508941,0.45256237978868724,0.044427024644399196,0.0,False,europe,max_dispersion
PL,200,200.0,0.1090888888888889,0.0971511111111111,0.12191555555555555,0.15885476556656988,0.15589361991199835,0.09413962300169676,False,europe,max_dispersion
PT,200,200.0,0.1287987012987013,0.11288311688311688,0.1467288961038961,0.20479484127121073,0.16526675677321928,0.0,False,europe,max_dispersion
RO,200,200.0,0.23949579831932777,0.22476785714285716,0.2540777310924369,0.3449152830817363,0.084977023017661,0.0,False,europe,max_dispersion
RS,200,200.0,0.06395833333333334,0.055515625000000006,0.07245052083333334,0.12466604695701587,0.13584208568971778,0.0,False,europe,max_dispersion
SE,200,200.0,0.5757222222222222,0.5689020833333334,0.5829791666666667,0.40185718933133935,0.035030064677346144,0.040017623146463135,False,europe,max_dispersion
SI,200,200.0,0.14458333333333337,0.11081250000000001,0.18504166666666663,0.07031057096119252,1.0557326679602268,0.36390058669975184,True,europe,max_dispersion
SK,200,200.0,0.036125000000000004,0.025481250000000007,0.047875,0.06181107809284675,0.36229347053876365,0.1135483650293891,False,europe,max_dispersion
XK,200,200.0,0.0525,0.03875,0.0675,0.08806957476904267,0.32644644958710434,0.029188928613188597,False,europe,max_dispersion
