country,n_edges,bus_hours_at_clip,edge_hours_one_end_clipped,edge_hours_both_ends_clipped_same_side,edges_any_clipped_hour,edges_clipped_ge10pct_hours,scope,scenario
AL,17,0.0,0.0,0.0,0.0,0.0,country,baseline
AT,73,0.0,0.0,0.0,0.0,0.0,country,baseline
BA,46,0.0,0.0,0.0,0.0,0.0,country,baseline
BE,46,0.0,0.0,0.0,0.0,0.0,country,baseline
BG,142,0.0,0.0,0.0,0.0,0.0,country,baseline
CH,164,0.0,0.0,0.0,0.0,0.0,country,baseline
CZ,56,0.0,0.0,0.0,0.0,0.0,country,baseline
DE,659,0.004032611700555762,0.004416716901906167,0.0014589006450897652,0.009104704097116844,0.004552352048558422,country,baseline
DK,37,0.0,0.0,0.0,0.0,0.0,country,baseline
EE,19,0.0,0.0,0.0,0.0,0.0,country,baseline
ES,799,0.005577500744928446,0.0071097719180939645,0.002342111429240889,0.03128911138923655,0.011264080100125156,country,baseline
FI,106,1.3589910850184822e-06,2.1538726630481605e-06,0.0,0.018867924528301886,0.0,country,baseline
FR,1163,0.036002045899306175,0.03971935279960109,0.029522628849181578,0.3654342218400688,0.10060189165950129,country,baseline
GR,39,0.0,0.0,0.0,0.0,0.0,country,baseline
HR,19,0.0,0.0,0.0,0.0,0.0,country,baseline
HU,50,3.4880771182141046e-05,7.077625570776256e-05,4.566210045662101e-06,0.1,0.0,country,baseline
IE,51,0.002304133621725547,0.0033396006804548304,0.000174590384098845,0.3333333333333333,0.0,country,baseline
IT,569,0.004508586222717441,0.0033436052996926435,0.0030522987537215814,0.050966608084358524,0.02460456942003515,country,baseline
LT,31,0.0,0.0,0.0,0.0,0.0,country,baseline
LV,23,0.0,0.0,0.0,0.0,0.0,country,baseline
MK,5,0.0,0.0,0.0,0.0,0.0,country,baseline
NL,40,0.0,0.0,0.0,0.0,0.0,country,baseline
NO,250,0.03190071198251423,0.04672602739726028,0.03067488584474886,0.148,0.14,country,baseline
PL,225,0.0,0.0,0.0,0.0,0.0,country,baseline
PT,154,0.0,0.0,0.0,0.0,0.0,country,baseline
RO,119,0.0,0.0,0.0,0.0,0.0,country,baseline
RS,48,0.0,0.0,0.0,0.0,0.0,country,baseline
SE,180,0.0251132838370107,0.02776382546930492,0.014388001014713344,0.14444444444444443,0.07222222222222222,country,baseline
SI,12,5.073566717402334e-05,7.610350076103501e-05,1.9025875190258754e-05,0.3333333333333333,0.0,country,baseline
SK,40,0.0,0.0,0.0,0.0,0.0,country,baseline
XK,4,0.0,0.0,0.0,0.0,0.0,country,baseline
AL,17,0.0,0.0,0.0,0.0,0.0,country,peak_demand
AT,73,0.0,0.0,0.0,0.0,0.0,country,peak_demand
BA,46,0.0,0.0,0.0,0.0,0.0,country,peak_demand
BE,46,0.0,0.0,0.0,0.0,0.0,country,peak_demand
BG,142,0.0,0.0,0.0,0.0,0.0,country,peak_demand
CH,164,0.0,0.0,0.0,0.0,0.0,country,peak_demand
CZ,56,0.0,0.0,0.0,0.0,0.0,country,peak_demand
DE,659,0.00418580375782881,0.004575113808801214,0.0015174506828528073,0.009104704097116844,0.004552352048558422,country,peak_demand
DK,37,0.0,0.0,0.0,0.0,0.0,country,peak_demand
EE,19,0.0,0.0,0.0,0.0,0.0,country,peak_demand
ES,799,0.006746031746031746,0.00860450563204005,0.002753441802252816,0.030037546933667083,0.01376720901126408,country,peak_demand
FI,106,5.9523809523809524e-05,9.433962264150943e-05,0.0,0.018867924528301886,0.0,country,peak_demand
FR,1163,0.13074675324675325,0.1517626827171109,0.11058039552880482,0.3654342218400688,0.23043852106620807,country,peak_demand
GR,39,0.0,0.0,0.0,0.0,0.0,country,peak_demand
HR,19,0.0,0.0,0.0,0.0,0.0,country,peak_demand
HU,50,0.0015277777777777779,0.0031,0.0002,0.1,0.0,country,peak_demand
IE,51,0.035,0.04803921568627451,0.007647058823529412,0.3333333333333333,0.0392156862745098,country,peak_demand
IT,569,0.007033492822966507,0.005746924428822495,0.004499121265377856,0.050966608084358524,0.03163444639718805,country,peak_demand
LT,31,0.0,0.0,0.0,0.0,0.0,country,peak_demand
LV,23,0.0,0.0,0.0,0.0,0.0,country,peak_demand
MK,5,0.0,0.0,0.0,0.0,0.0,country,peak_demand
NL,40,0.0,0.0,0.0,0.0,0.0,country,peak_demand
NO,250,0.0931042654028436,0.14092,0.09292,0.148,0.144,country,peak_demand
PL,225,0.0,0.0,0.0,0.0,0.0,country,peak_demand
PT,154,0.0,0.0,0.0,0.0,0.0,country,peak_demand
RO,119,0.0,0.0,0.0,0.0,0.0,country,peak_demand
RS,48,0.0,0.0,0.0,0.0,0.0,country,peak_demand
SE,180,0.06950381679389313,0.08461111111111111,0.049666666666666665,0.14444444444444443,0.11666666666666667,country,peak_demand
SI,12,0.0022222222222222222,0.0033333333333333335,0.0008333333333333334,0.3333333333333333,0.0,country,peak_demand
SK,40,0.0,0.0,0.0,0.0,0.0,country,peak_demand
XK,4,0.0,0.0,0.0,0.0,0.0,country,peak_demand
AL,17,0.0,0.0,0.0,0.0,0.0,country,dunkelflaute
AT,73,0.0,0.0,0.0,0.0,0.0,country,dunkelflaute
BA,46,0.0,0.0,0.0,0.0,0.0,country,dunkelflaute
BE,46,0.0,0.0,0.0,0.0,0.0,country,dunkelflaute
BG,142,0.0,0.0,0.0,0.0,0.0,country,dunkelflaute
CH,164,0.0,0.0,0.0,0.0,0.0,country,dunkelflaute
CZ,56,0.0,0.0,0.0,0.0,0.0,country,dunkelflaute
DE,659,0.0041753653444676405,0.004552352048558422,0.0015174506828528073,0.004552352048558422,0.004552352048558422,country,dunkelflaute
DK,37,0.0,0.0,0.0,0.0,0.0,country,dunkelflaute
EE,19,0.0,0.0,0.0,0.0,0.0,country,dunkelflaute
ES,799,0.007812013694366636,0.00982846204814842,0.0032503865125524554,0.02127659574468085,0.01376720901126408,country,dunkelflaute
FI,106,0.0,0.0,0.0,0.0,0.0,country,dunkelflaute
FR,1163,0.09213564213564214,0.10362408840482787,0.07861214610999649,0.3284608770421324,0.117798796216681,country,dunkelflaute
GR,39,0.0,0.0,0.0,0.0,0.0,country,dunkelflaute
HR,19,0.0,0.0,0.0,0.0,0.0,country,dunkelflaute
HU,50,0.0001763668430335097,0.00038095238095238096,0.0,0.06,0.0,country,dunkelflaute
IE,51,0.010263929618768328,0.014087746535564372,0.0022425392444367777,0.3333333333333333,0.0392156862745098,country,dunkelflaute
IT,569,0.008074162679425838,0.006009917147878484,0.005460708009038413,0.04745166959578207,0.02460456942003515,country,dunkelflaute
LT,31,0.0,0.0,0.0,0.0,0.0,country,dunkelflaute
LV,23,0.0,0.0,0.0,0.0,0.0,country,dunkelflaute
MK,5,0.0,0.0,0.0,0.0,0.0,country,dunkelflaute
NL,40,0.0,0.0,0.0,0.0,0.0,country,dunkelflaute
NO,250,0.09036734857120003,0.1311054852320675,0.08734177215189873,0.148,0.148,country,dunkelflaute
PL,225,0.0,0.0,0.0,0.0,0.0,country,dunkelflaute
PT,154,0.0,0.0,0.0,0.0,0.0,country,dunkelflaute
RO,119,0.0,0.0,0.0,0.0,0.0,country,dunkelflaute
RS,48,0.0,0.0,0.0,0.0,0.0,country,dunkelflaute
SE,180,0.05599015834963094,0.06542699724517906,0.03379247015610652,0.14444444444444443,0.08888888888888889,country,dunkelflaute
SI,12,0.0,0.0,0.0,0.0,0.0,country,dunkelflaute
SK,40,0.0,0.0,0.0,0.0,0.0,country,dunkelflaute
XK,4,0.0,0.0,0.0,0.0,0.0,country,dunkelflaute
AT,73,0.0,0.0,0.0,0.0,0.0,country,wind_surplus
BA,46,0.0,0.0,0.0,0.0,0.0,country,wind_surplus
BE,46,0.0,0.0,0.0,0.0,0.0,country,wind_surplus
BG,142,0.0,0.0,0.0,0.0,0.0,country,wind_surplus
CH,164,0.0,0.0,0.0,0.0,0.0,country,wind_surplus
CZ,56,0.0,0.0,0.0,0.0,0.0,country,wind_surplus
DE,659,0.004488517745302714,0.0052352048558421856,0.0015174506828528073,0.009104704097116844,0.009104704097116844,country,wind_surplus
DK,37,0.0,0.0,0.0,0.0,0.0,country,wind_surplus
EE,19,0.0,0.0,0.0,0.0,0.0,country,wind_surplus
ES,799,0.0040828924162257495,0.005287859824780976,0.001639549436795995,0.015018773466833541,0.011264080100125156,country,wind_surplus
FI,106,0.0,0.0,0.0,0.0,0.0,country,wind_surplus
FR,1163,0.07032467532467533,0.07823301805674979,0.059496990541702495,0.10060189165950129,0.10060189165950129,country,wind_surplus
GR,39,0.0,0.0,0.0,0.0,0.0,country,wind_surplus
HR,19,0.0,0.0,0.0,0.0,0.0,country,wind_surplus
HU,50,0.0,0.0,0.0,0.0,0.0,country,wind_surplus
IE,51,0.004210526315789474,0.006274509803921568,0.0,0.0392156862745098,0.0392156862745098,country,wind_surplus
IT,569,0.005789473684210527,0.004288224956063269,0.0039191564147627415,0.03690685413005272,0.02460456942003515,country,wind_surplus
LT,31,0.0,0.0,0.0,0.0,0.0,country,wind_surplus
LV,23,0.0,0.0,0.0,0.0,0.0,country,wind_surplus
MK,5,0.0,0.0,0.0,0.0,0.0,country,wind_surplus
NL,40,0.0,0.0,0.0,0.0,0.0,country,wind_surplus
NO,250,0.04239336492890995,0.06214,0.04034,0.148,0.14,country,wind_surplus
PL,225,0.0,0.0,0.0,0.0,0.0,country,wind_surplus
PT,154,0.0,0.0,0.0,0.0,0.0,country,wind_surplus
RO,119,0.0,0.0,0.0,0.0,0.0,country,wind_surplus
RS,48,0.0,0.0,0.0,0.0,0.0,country,wind_surplus
SE,180,0.036793893129770994,0.04075,0.020444444444444446,0.07222222222222222,0.07222222222222222,country,wind_surplus
SI,12,0.0,0.0,0.0,0.0,0.0,country,wind_surplus
SK,40,0.0,0.0,0.0,0.0,0.0,country,wind_surplus
XK,4,0.0,0.0,0.0,0.0,0.0,country,wind_surplus
AL,17,0.0,0.0,0.0,0.0,0.0,country,max_dispersion
AT,73,0.0,0.0,0.0,0.0,0.0,country,max_dispersion
BA,46,0.0,0.0,0.0,0.0,0.0,country,max_dispersion
BE,46,0.0,0.0,0.0,0.0,0.0,country,max_dispersion
BG,142,0.0,0.0,0.0,0.0,0.0,country,max_dispersion
CH,164,0.0,0.0,0.0,0.0,0.0,country,max_dispersion
CZ,56,0.0,0.0,0.0,0.0,0.0,country,max_dispersion
DE,659,0.004843423799582463,0.006009104704097117,0.0015174506828528073,0.009104704097116844,0.009104704097116844,country,max_dispersion
DK,37,0.0,0.0,0.0,0.0,0.0,country,max_dispersion
EE,19,0.0,0.0,0.0,0.0,0.0,country,max_dispersion
ES,799,0.010934744268077601,0.01399874843554443,0.00416145181476846,0.03128911138923655,0.015018773466833541,country,max_dispersion
FI,106,5.9523809523809524e-05,9.433962264150943e-05,0.0,0.018867924528301886,0.0,country,max_dispersion
FR,1163,0.1304220779220779,0.15027944969905416,0.11010318142734307,0.3654342218400688,0.2295786758383491,country,max_dispersion
GR,39,0.0,0.0,0.0,0.0,0.0,country,max_dispersion
HR,19,0.0,0.0,0.0,0.0,0.0,country,max_dispersion
HU,50,0.0015277777777777779,0.0031,0.0002,0.1,0.0,country,max_dispersion
IE,51,0.035,0.04803921568627451,0.007647058823529412,0.3333333333333333,0.0392156862745098,country,max_dispersion
IT,569,0.03773923444976077,0.02898945518453427,0.024938488576449914,0.050966608084358524,0.04569420035149385,country,max_dispersion
LT,31,0.0,0.0,0.0,0.0,0.0,country,max_dispersion
LV,23,0.0,0.0,0.0,0.0,0.0,country,max_dispersion
MK,5,0.0,0.0,0.0,0.0,0.0,country,max_dispersion
NL,40,0.0,0.0,0.0,0.0,0.0,country,max_dispersion
NO,250,0.09431279620853081,0.1396,0.0916,0.14,0.14,country,max_dispersion
PL,225,0.0,0.0,0.0,0.0,0.0,country,max_dispersion
PT,154,0.0,0.0,0.0,0.0,0.0,country,max_dispersion
RO,119,0.0,0.0,0.0,0.0,0.0,country,max_dispersion
RS,48,0.0,0.0,0.0,0.0,0.0,country,max_dispersion
SE,180,0.07045801526717557,0.08594444444444445,0.0515,0.14444444444444443,0.11666666666666667,country,max_dispersion
SI,12,0.0022222222222222222,0.0033333333333333335,0.0008333333333333334,0.3333333333333333,0.0,country,max_dispersion
SK,40,0.0,0.0,0.0,0.0,0.0,country,max_dispersion
XK,4,0.0,0.0,0.0,0.0,0.0,country,max_dispersion
AL,17,0.0,0.0,0.0,0.0,0.0,europe,peak_demand
AT,73,0.0,0.0,0.0,0.0,0.0,europe,peak_demand
BA,46,0.0,0.0,0.0,0.0,0.0,europe,peak_demand
BE,46,0.0,0.0,0.0,0.0,0.0,europe,peak_demand
BG,142,0.0,0.0,0.0,0.0,0.0,europe,peak_demand
CH,164,0.0,0.0,0.0,0.0,0.0,europe,peak_demand
CZ,56,0.0,0.0,0.0,0.0,0.0,europe,peak_demand
DE,659,0.00418580375782881,0.004575113808801214,0.0015174506828528073,0.009104704097116844,0.004552352048558422,europe,peak_demand
DK,37,0.0,0.0,0.0,0.0,0.0,europe,peak_demand
EE,19,0.0,0.0,0.0,0.0,0.0,europe,peak_demand
ES,799,0.0070105820105820105,0.008917396745932416,0.0028848560700876096,0.026282853566958697,0.01376720901126408,europe,peak_demand
FI,106,5.9523809523809524e-05,9.433962264150943e-05,0.0,0.018867924528301886,0.0,europe,peak_demand
FR,1163,0.12381818181818181,0.14244196044711951,0.10488392089423904,0.3654342218400688,0.22613929492691315,europe,peak_demand
GR,39,0.0,0.0,0.0,0.0,0.0,europe,peak_demand
HR,19,0.0,0.0,0.0,0.0,0.0,europe,peak_demand
HU,50,0.0004166666666666667,0.0009,0.0,0.06,0.0,europe,peak_demand
IE,51,0.01631578947368421,0.023627450980392158,0.0012745098039215687,0.3333333333333333,0.0392156862745098,europe,peak_demand
IT,569,0.03746411483253589,0.028629173989455185,0.024868189806678383,0.050966608084358524,0.04569420035149385,europe,peak_demand
LT,31,0.0,0.0,0.0,0.0,0.0,europe,peak_demand
LV,23,0.0,0.0,0.0,0.0,0.0,europe,peak_demand
MK,5,0.0,0.0,0.0,0.0,0.0,europe,peak_demand
NL,40,0.0,0.0,0.0,0.0,0.0,europe,peak_demand
NO,250,0.09334123222748815,0.14098,0.09298,0.148,0.148,europe,peak_demand
PL,225,0.0,0.0,0.0,0.0,0.0,europe,peak_demand
PT,154,0.0,0.0,0.0,0.0,0.0,europe,peak_demand
RO,119,0.0,0.0,0.0,0.0,0.0,europe,peak_demand
RS,48,0.0,0.0,0.0,0.0,0.0,europe,peak_demand
SE,180,0.06709923664122137,0.08133333333333333,0.04675,0.14444444444444443,0.11666666666666667,europe,peak_demand
SI,12,0.0022222222222222222,0.0033333333333333335,0.0008333333333333334,0.3333333333333333,0.0,europe,peak_demand
SK,40,0.0,0.0,0.0,0.0,0.0,europe,peak_demand
XK,4,0.0,0.0,0.0,0.0,0.0,europe,peak_demand
AL,17,0.0,0.0,0.0,0.0,0.0,europe,dunkelflaute
AT,73,0.0,0.0,0.0,0.0,0.0,europe,dunkelflaute
BA,46,0.0,0.0,0.0,0.0,0.0,europe,dunkelflaute
BE,46,0.0,0.0,0.0,0.0,0.0,europe,dunkelflaute
BG,142,0.0,0.0,0.0,0.0,0.0,europe,dunkelflaute
CH,164,0.0,0.0,0.0,0.0,0.0,europe,dunkelflaute
CZ,56,0.0,0.0,0.0,0.0,0.0,europe,dunkelflaute
DE,659,0.0041753653444676405,0.004552352048558422,0.0015174506828528073,0.004552352048558422,0.004552352048558422,europe,dunkelflaute
DK,37,0.0,0.0,0.0,0.0,0.0,europe,dunkelflaute
EE,19,0.0,0.0,0.0,0.0,0.0,europe,dunkelflaute
ES,799,0.007803332973401001,0.009869479706776327,0.0032796097162269165,0.015018773466833541,0.01376720901126408,europe,dunkelflaute
FI,106,4.859086491739553e-05,7.701193685021179e-05,0.0,0.018867924528301886,0.0,europe,dunkelflaute
FR,1163,0.07521335807050093,0.08412444943583625,0.0631407163037184,0.34393809114359414,0.11607910576096303,europe,dunkelflaute
GR,39,0.0,0.0,0.0,0.0,0.0,europe,dunkelflaute
HR,19,0.0,0.0,0.0,0.0,0.0,europe,dunkelflaute
HU,50,0.0,0.0,0.0,0.0,0.0,europe,dunkelflaute
IE,51,0.007626208378088077,0.011364545818327331,0.0,0.0392156862745098,0.0392156862745098,europe,dunkelflaute
IT,569,0.013992774143150083,0.010401348588644596,0.009468813887593701,0.050966608084358524,0.02460456942003515,europe,dunkelflaute
LT,31,0.0,0.0,0.0,0.0,0.0,europe,dunkelflaute
LV,23,0.0,0.0,0.0,0.0,0.0,europe,dunkelflaute
MK,5,0.0,0.0,0.0,0.0,0.0,europe,dunkelflaute
NL,40,0.0,0.0,0.0,0.0,0.0,europe,dunkelflaute
NO,250,0.07203791469194312,0.10507755102040817,0.06999183673469388,0.148,0.148,europe,dunkelflaute
PL,225,0.0,0.0,0.0,0.0,0.0,europe,dunkelflaute
PT,154,0.0,0.0,0.0,0.0,0.0,europe,dunkelflaute
RO,119,0.0,0.0,0.0,0.0,0.0,europe,dunkelflaute
RS,48,0.0,0.0,0.0,0.0,0.0,europe,dunkelflaute
SE,180,0.049820844368281665,0.05748299319727891,0.031700680272108844,0.14444444444444443,0.07222222222222222,europe,dunkelflaute
SI,12,0.0009070294784580499,0.0013605442176870747,0.0003401360544217687,0.3333333333333333,0.0,europe,dunkelflaute
SK,40,0.0,0.0,0.0,0.0,0.0,europe,dunkelflaute
XK,4,0.0,0.0,0.0,0.0,0.0,europe,dunkelflaute
AL,17,0.0,0.0,0.0,0.0,0.0,europe,wind_surplus
AT,73,0.0,0.0,0.0,0.0,0.0,europe,wind_surplus
BA,46,0.0,0.0,0.0,0.0,0.0,europe,wind_surplus
BE,46,0.0,0.0,0.0,0.0,0.0,europe,wind_surplus
BG,142,0.0,0.0,0.0,0.0,0.0,europe,wind_surplus
CH,164,0.0,0.0,0.0,0.0,0.0,europe,wind_surplus
CZ,56,0.0,0.0,0.0,0.0,0.0,europe,wind_surplus
DE,659,0.0044258872651357,0.005098634294385432,0.0015174506828528073,0.009104704097116844,0.009104704097116844,europe,wind_surplus
DK,37,0.0,0.0,0.0,0.0,0.0,europe,wind_surplus
EE,19,0.0,0.0,0.0,0.0,0.0,europe,wind_surplus
ES,799,0.007398589065255732,0.009493116395494368,0.0031101376720901125,0.025031289111389236,0.011264080100125156,europe,wind_surplus
FI,106,0.0,0.0,0.0,0.0,0.0,europe,wind_surplus
FR,1163,0.07886363636363636,0.08787618228718831,0.06662510748065348,0.13155631986242478,0.10060189165950129,europe,wind_surplus
GR,39,0.0,0.0,0.0,0.0,0.0,europe,wind_surplus
HR,19,0.0,0.0,0.0,0.0,0.0,europe,wind_surplus
HU,50,0.0,0.0,0.0,0.0,0.0,europe,wind_surplus
IE,51,0.0044736842105263155,0.006666666666666667,0.0,0.0392156862745098,0.0392156862745098,europe,wind_surplus
IT,569,0.006004784688995215,0.004490333919156415,0.004015817223198594,0.050966608084358524,0.02460456942003515,europe,wind_surplus
LT,31,0.0,0.0,0.0,0.0,0.0,europe,wind_surplus
LV,23,0.0,0.0,0.0,0.0,0.0,europe,wind_surplus
MK,5,0.0,0.0,0.0,0.0,0.0,europe,wind_surplus
NL,40,0.0,0.0,0.0,0.0,0.0,europe,wind_surplus
NO,250,0.07796208530805687,0.11492,0.07482,0.148,0.14,europe,wind_surplus
PL,225,0.0,0.0,0.0,0.0,0.0,europe,wind_surplus
PT,154,0.0,0.0,0.0,0.0,0.0,europe,wind_surplus
RO,119,0.0,0.0,0.0,0.0,0.0,europe,wind_surplus
RS,48,0.0,0.0,0.0,0.0,0.0,europe,wind_surplus
SE,180,0.048358778625954196,0.05491666666666667,0.025972222222222223,0.07222222222222222,0.06111111111111111,europe,wind_surplus
SI,12,0.0,0.0,0.0,0.0,0.0,europe,wind_surplus
SK,40,0.0,0.0,0.0,0.0,0.0,europe,wind_surplus
XK,4,0.0,0.0,0.0,0.0,0.0,europe,wind_surplus
AL,17,0.0,0.0,0.0,0.0,0.0,europe,max_dispersion
AT,73,0.0,0.0,0.0,0.0,0.0,europe,max_dispersion
BA,46,0.0,0.0,0.0,0.0,0.0,europe,max_dispersion
BE,46,0.0,0.0,0.0,0.0,0.0,europe,max_dispersion
BG,142,0.0,0.0,0.0,0.0,0.0,europe,max_dispersion
CH,164,0.0,0.0,0.0,0.0,0.0,europe,max_dispersion
CZ,56,0.0,0.0,0.0,0.0,0.0,europe,max_dispersion
DE,659,0.004206680584551148,0.004620637329286798,0.0015174506828528073,0.009104704097116844,0.004552352048558422,europe,max_dispersion
DK,37,0.0,0.0,0.0,0.0,0.0,europe,max_dispersion
EE,19,0.0,0.0,0.0,0.0,0.0,europe,max_dispersion
ES,799,0.007019400352733686,0.008992490613266584,0.0028660826032540676,0.030037546933667083,0.01376720901126408,europe,max_dispersion
FI,106,5.9523809523809524e-05,9.433962264150943e-05,0.0,0.018867924528301886,0.0,europe,max_dispersion
FR,1163,0.1303051948051948,0.1498280309544282,0.1099226139294927,0.3654342218400688,0.2295786758383491,europe,max_dispersion
GR,39,0.0,0.0,0.0,0.0,0.0,europe,max_dispersion
HR,19,0.0,0.0,0.0,0.0,0.0,europe,max_dispersion
HU,50,0.0005555555555555556,0.0012,0.0,0.06,0.0,europe,max_dispersion
IE,51,0.020526315789473684,0.02784313725490196,0.005098039215686275,0.3333333333333333,0.0392156862745098,europe,max_dispersion
IT,569,0.03688995215311005,0.02804042179261863,0.02459578207381371,0.050966608084358524,0.04569420035149385,europe,max_dispersion
LT,31,0.0,0.0,0.0,0.0,0.0,europe,max_dispersion
LV,23,0.0,0.0,0.0,0.0,0.0,europe,max_dispersion
MK,5,0.0,0.0,0.0,0.0,0.0,europe,max_dispersion
NL,40,0.0,0.0,0.0,0.0,0.0,europe,max_dispersion
NO,250,0.09348341232227488,0.14058,0.0927,0.148,0.148,europe,max_dispersion
PL,225,0.0,0.0,0.0,0.0,0.0,europe,max_dispersion
PT,154,0.0,0.0,0.0,0.0,0.0,europe,max_dispersion
RO,119,0.0,0.0,0.0,0.0,0.0,europe,max_dispersion
RS,48,0.0,0.0,0.0,0.0,0.0,europe,max_dispersion
SE,180,0.06660305343511451,0.08030555555555556,0.04647222222222222,0.14444444444444443,0.11666666666666667,europe,max_dispersion
SI,12,0.0022222222222222222,0.0033333333333333335,0.0008333333333333334,0.3333333333333333,0.0,europe,max_dispersion
SK,40,0.0,0.0,0.0,0.0,0.0,europe,max_dispersion
XK,4,0.0,0.0,0.0,0.0,0.0,europe,max_dispersion
