country,mean_as_is,mean_excl,mean_rel_change,spearman,max_abs_diff,edges_no_unclipped_hours,material,scope,scenario
AL,0.0048012355627182375,0.0048012355627182375,0.0,1.0,0.0,0,False,country,baseline
AT,0.3267514230312129,0.3267514230312129,0.0,1.0,0.0,0,False,country,baseline
BA,0.03350456621004566,0.03350456621004566,0.0,0.9999999999999999,0.0,0,False,country,baseline
BE,0.27208904109589044,0.27208904109589044,0.0,1.0,0.0,0,False,country,baseline
BG,9.968486719403177e-05,9.968486719403177e-05,0.0,0.9999999999999999,0.0,0,False,country,baseline
CH,0.3205876211159372,0.3205876211159372,0.0,1.0,0.0,0,False,country,baseline
CZ,0.13778946510110895,0.13778946510110895,0.0,0.9999999999999998,0.0,0,False,country,baseline
DE,0.270437947353469,0.27129093306283464,0.0031540903105982277,0.9956295033645519,0.8476385398935451,0,False,country,baseline
DK,0.0436165617672467,0.0436165617672467,0.0,1.0,0.0,0,False,country,baseline
EE,0.0,0.0,0.0,,0.0,0,False,country,baseline
ES,0.20011158354335612,0.1993410821538118,-0.003850358764351008,0.9988451877145047,0.3804712530588562,0,False,country,baseline
FI,0.2763483242870682,0.276347395999672,-3.359120771107949e-06,1.0,5.206647200717285e-05,0,False,country,baseline
FR,0.38153413664079283,0.38151584531911864,-4.794150750241211e-05,0.9875126815035159,0.7476900544101371,0,False,country,baseline
GR,0.00045076688912305357,0.00045076688912305357,0.0,1.0,0.0,0,False,country,baseline
HR,0.1369262196587359,0.1369262196587359,0.0,1.0,0.0,0,False,country,baseline
HU,0.14027625570776256,0.1402623135153682,-9.939096480742248e-05,1.0,0.00025570463179946934,0,False,country,baseline
IE,0.11471035902945653,0.11212082618197303,-0.0225745335416354,0.9797727101068846,0.079337899543379,0,False,country,baseline
IT,0.24089446357063185,0.24352100740311544,0.010903296794587689,0.9994962394331343,0.1306990782987133,0,False,country,baseline
LT,0.0028170570039770214,0.0028170570039770214,0.0,1.0,0.0,0,False,country,baseline
LV,0.0011713321421481038,0.0011713321421481038,0.0,1.0,0.0,0,False,country,baseline
MK,0.00993150684931507,0.00993150684931507,0.0,0.9999999999999999,0.0,0,False,country,baseline
NL,0.2604794520547945,0.2604794520547945,0.0,1.0,0.0,0,False,country,baseline
NO,0.2073995433789954,0.20170731538841347,-0.0274457112963848,0.9610523855455183,0.2781343061346039,0,False,country,baseline
PL,0.08167833587011669,0.08167833587011669,0.0,1.0,0.0,0,False,country,baseline
PT,0.08687288738658602,0.08687288738658602,0.0,1.0,0.0,0,False,country,baseline
RO,0.13256974022485707,0.13256974022485707,0.0,1.0,0.0,0,False,country,baseline
RS,0.02517123287671233,0.02517123287671233,0.0,0.9999999999999999,0.0,0,False,country,baseline
SE,0.23703957382039573,0.22444314122388911,-0.05314063130256426,0.9284494941535458,0.5179223744292237,0,False,country,baseline
SI,0.19663242009132423,0.19659217204500656,-0.00020468672612060512,1.0,0.00022726775050286706,0,False,country,baseline
SK,0.038604452054794514,0.038604452054794514,0.0,0.9999999999999999,0.0,0,False,country,baseline
XK,0.010302511415525113,0.010302511415525113,0.0,1.0,0.0,0,False,country,baseline
AL,0.009411764705882356,0.009411764705882356,0.0,1.0,0.0,0,False,country,peak_demand
AT,0.16643835616438354,0.16643835616438354,0.0,1.0,0.0,0,False,country,peak_demand
BA,0.06358695652173914,0.06358695652173914,0.0,1.0,0.0,0,False,country,peak_demand
BE,0.15119565217391306,0.15119565217391306,0.0,1.0,0.0,0,False,country,peak_demand
BG,0.0008098591549295774,0.0008098591549295774,0.0,0.9999999999999998,0.0,0,False,country,peak_demand
CH,0.36527439024390246,0.36527439024390246,0.0,1.0,0.0,0,False,country,peak_demand
CZ,0.04428571428571428,0.04428571428571428,0.0,1.0,0.0,0,False,country,peak_demand
DE,0.30261001517450686,0.3026087951136563,-4.0317927014650446e-06,0.9999999156507804,0.00027638190954770714,3,False,country,peak_demand
DK,0.08108108108108109,0.08108108108108109,0.0,1.0,0.0,0,False,country,peak_demand
EE,0.0,0.0,0.0,,0.0,0,False,country,peak_demand
ES,0.26005006257822283,0.2603134048981055,0.0010126600904141775,0.9991198791931447,0.3641525423728814,2,False,country,peak_demand
FI,0.5391037735849057,0.5391037735849057,0.0,1.0,0.0,0,False,country,peak_demand
FR,0.5490111779879622,0.559895141935308,0.019824667299550784,0.9825040784097222,0.86,115,False,country,peak_demand
GR,0.001923076923076923,0.001923076923076923,0.0,0.9999999999999998,0.0,0,False,country,peak_demand
HR,0.3105263157894737,0.3105263157894737,0.0,1.0,0.0,0,False,country,peak_demand
HU,0.26530000000000004,0.26493788672060925,-0.001364920012780948,1.0,0.007303664921465947,0,False,country,peak_demand
IE,0.3422549019607843,0.3446017788558723,0.006857102357461363,0.990806274070134,0.02690721649484537,2,False,country,peak_demand
IT,0.31811072056239015,0.3213811934071962,0.01028092621029601,0.9974004819920247,0.14,0,False,country,peak_demand
LT,0.014516129032258065,0.014516129032258065,0.0,1.0,0.0,0,False,country,peak_demand
LV,0.003478260869565218,0.003478260869565218,0.0,1.0,0.0,0,False,country,peak_demand
MK,0.018,0.018,0.0,1.0,0.0,0,False,country,peak_demand
NL,0.365625,0.365625,0.0,1.0,0.0,0,False,country,peak_demand
NO,0.5187200000000001,0.5187200000000001,0.0,0.9999999999999998,0.0,34,False,country,peak_demand
PL,0.10935555555555554,0.10935555555555554,0.0,1.0,0.0,0,False,country,peak_demand
PT,0.2084090909090909,0.2084090909090909,0.0,1.0,0.0,0,False,country,peak_demand
RO,0.22394957983193275,0.22394957983193275,0.0,1.0,0.0,0,False,country,peak_demand
RS,0.040937499999999995,0.040937499999999995,0.0,1.0,0.0,0,False,country,peak_demand
SE,0.583861111111111,0.5889238473167044,0.008671131043406536,0.9802013829850496,0.22499999999999998,11,False,country,peak_demand
SI,0.14125,0.13933080808080808,-0.013587199427907285,0.9964850506356585,0.008383838383838382,0,False,country,peak_demand
SK,0.058125,0.058125,0.0,0.9999999999999999,0.0,0,False,country,peak_demand
XK,0.03875,0.03875,0.0,1.0,0.0,0,False,country,peak_demand
AL,0.0005228758169934641,0.0005228758169934641,0.0,1.0,0.0,0,False,country,dunkelflaute
AT,0.2545996446380467,0.2545996446380467,0.0,0.9999999999999998,0.0,0,False,country,dunkelflaute
BA,0.027211394302848576,0.027211394302848576,0.0,0.9999999999999999,0.0,0,False,country,dunkelflaute
BE,0.15178914967295115,0.15178914967295115,0.0,1.0,0.0,0,False,country,dunkelflaute
BG,6.926806742091895e-05,6.926806742091895e-05,0.0,1.0,0.0,0,False,country,dunkelflaute
CH,0.3591944801026958,0.3591944801026958,0.0,1.0,0.0,0,False,country,dunkelflaute
CZ,0.0407725321888412,0.0407725321888412,0.0,0.9999999999999999,0.0,0,False,country,dunkelflaute
DE,0.1711053519974084,0.1711053519974084,0.0,1.0,0.0,3,False,country,dunkelflaute
DK,0.019736842105263157,0.019736842105263157,0.0,1.0,0.0,0,False,country,dunkelflaute
EE,0.0,0.0,0.0,,0.0,0,False,country,dunkelflaute
ES,0.2640616947655157,0.2644800444593325,0.0015842876952988465,0.9996251681578384,0.5852941176470587,5,False,country,dunkelflaute
FI,0.35052729751058176,0.35052729751058176,0.0,0.9999999999999999,0.0,0,False,country,dunkelflaute
FR,0.4777363778223624,0.48752918650711413,0.020498352521090658,0.9789334164655743,0.8676328502415459,83,False,country,dunkelflaute
GR,0.0002797202797202797,0.0002797202797202797,0.0,1.0,0.0,0,False,country,dunkelflaute
HR,0.1560798548094374,0.1560798548094374,0.0,1.0,0.0,0,False,country,dunkelflaute
HU,0.1455873015873016,0.14553374917592168,-0.0003678371038960555,1.0,0.0009736802069070238,0,False,country,dunkelflaute
IE,0.05221091369098959,0.041136734342014966,-0.21210468398460097,0.8702293205348909,0.2844574780058651,0,True,country,dunkelflaute
IT,0.24537095154406224,0.2502259923107391,0.01978653437224425,0.9982601247882591,0.2321428571428571,0,False,country,dunkelflaute
LT,0.00346574246867502,0.00346574246867502,0.0,1.0,0.0,0,False,country,dunkelflaute
LV,0.001278772378516624,0.001278772378516624,0.0,1.0,0.0,0,False,country,dunkelflaute
MK,0.004400977995110024,0.004400977995110024,0.0,0.9999999999999999,0.0,0,False,country,dunkelflaute
NL,0.27180851063829786,0.27180851063829786,0.0,1.0,0.0,0,False,country,dunkelflaute
NO,0.46872573839662446,0.47063291139240504,0.004068846320034548,0.9985215594236255,0.47679324894514763,26,False,country,dunkelflaute
PL,0.09291005291005291,0.09291005291005291,0.0,1.0,0.0,0,False,country,dunkelflaute
PT,0.16644946748752978,0.16644946748752978,0.0,1.0,0.0,0,False,country,dunkelflaute
RO,0.09016372506449388,0.09016372506449388,0.0,0.9999999999999999,0.0,0,False,country,dunkelflaute
RS,0.019714187327823693,0.019714187327823693,0.0,0.9999999999999999,0.0,0,False,country,dunkelflaute
SE,0.5892332415059689,0.5794601183089731,-0.016586170820942638,0.9803891371557901,0.8656126482213439,4,False,country,dunkelflaute
SI,0.02831715210355987,0.02831715210355987,0.0,1.0,0.0,0,False,country,dunkelflaute
SK,0.014566115702479338,0.014566115702479338,0.0,1.0,0.0,0,False,country,dunkelflaute
XK,0.006437768240343348,0.006437768240343348,0.0,1.0,0.0,0,False,country,dunkelflaute
AT,0.29568493150684927,0.29568493150684927,0.0,1.0,0.0,0,False,country,wind_surplus
BA,0.031195652173913044,0.031195652173913044,0.0,1.0,0.0,0,False,country,wind_surplus
BE,0.22836956521739124,0.22836956521739124,0.0,0.9999999999999999,0.0,0,False,country,wind_surplus
BG,0.0,0.0,0.0,,0.0,0,False,country,wind_surplus
CH,0.31390243902439025,0.31390243902439025,0.0,1.0,0.0,0,False,country,wind_surplus
CZ,0.3685714285714286,0.3685714285714286,0.0,0.9999999999999998,0.0,0,False,country,wind_surplus
DE,0.39088770864946887,0.39086093010800677,-6.850699285128019e-05,0.9999993447819809,0.012352941176470678,3,False,country,wind_surplus
DK,0.05391891891891892,0.05391891891891892,0.0,1.0,0.0,0,False,country,wind_surplus
EE,0.0,0.0,0.0,,0.0,0,False,country,wind_surplus
ES,0.16948060075093865,0.16790996681327136,-0.009267337563757095,0.9993559052942036,0.5542105263157895,0,False,country,wind_surplus
FI,0.3179716981132075,0.3179716981132075,0.0,1.0,0.0,0,False,country,wind_surplus
FR,0.4800558899398109,0.5059265587038319,0.05389095167078273,0.9761894419001323,0.7911538461538461,0,False,country,wind_surplus
GR,0.00717948717948718,0.00717948717948718,0.0,0.9999999999999998,0.0,0,False,country,wind_surplus
HR,0.24131578947368426,0.24131578947368426,0.0,1.0,0.0,0,False,country,wind_surplus
HU,0.17490000000000003,0.17490000000000003,0.0,0.9999999999999999,0.0,0,False,country,wind_surplus
IE,0.5350980392156862,0.5319607843137255,-0.005862953462806744,0.995405802416665,0.16,0,False,country,wind_surplus
IT,0.27692442882249557,0.2803678793638431,0.012434621806351137,0.9994682633306412,0.17000000000000004,0,False,country,wind_surplus
LT,0.042580645161290315,0.042580645161290315,0.0,0.9999999999999998,0.0,0,False,country,wind_surplus
LV,0.02152173913043478,0.02152173913043478,0.0,1.0,0.0,0,False,country,wind_surplus
MK,0.02,0.02,0.0,0.9999999999999999,0.0,0,False,country,wind_surplus
NL,0.3195,0.3195,0.0,1.0,0.0,0,False,country,wind_surplus
NO,0.33132,0.3490238806050236,0.05343438550351199,0.9569787506756109,0.3453846153846154,0,False,country,wind_surplus
PL,0.2944222222222222,0.2944222222222222,0.0,1.0,0.0,0,False,country,wind_surplus
PT,0.06188311688311688,0.06188311688311688,0.0,1.0,0.0,0,False,country,wind_surplus
RO,0.14063025210084032,0.14063025210084032,0.0,1.0,0.0,0,False,country,wind_surplus
RS,0.011979166666666666,0.011979166666666666,0.0,1.0,0.0,0,False,country,wind_surplus
SE,0.4445555555555555,0.42683230252631565,-0.0398673524776702,0.9565699184835919,0.79,0,False,country,wind_surplus
SI,0.21458333333333335,0.21458333333333335,0.0,0.9999999999999999,0.0,0,False,country,wind_surplus
SK,0.07862499999999999,0.07862499999999999,0.0,1.0,0.0,0,False,country,wind_surplus
XK,0.00375,0.00375,0.0,1.0,0.0,0,False,country,wind_surplus
AL,0.19941176470588237,0.19941176470588237,0.0,1.0,0.0,0,False,country,max_dispersion
AT,0.4241095890410959,0.4241095890410959,0.0,1.0,0.0,0,False,country,max_dispersion
BA,0.4229347826086957,0.4229347826086957,0.0,1.0,0.0,0,False,country,max_dispersion
BE,0.37423913043478263,0.37423913043478263,0.0,1.0,0.0,0,False,country,max_dispersion
BG,0.004366197183098592,0.004366197183098592,0.0,0.9999999999999999,0.0,0,False,country,max_dispersion
CH,0.43137195121951216,0.43137195121951216,0.0,1.0,0.0,0,False,country,max_dispersion
CZ,0.7790178571428571,0.7790178571428571,0.0,1.0,0.0,0,False,country,max_dispersion
DE,0.4543019726858877,0.454009193965902,-0.0006444583946108199,0.9998146338330017,0.06823529411764706,3,False,country,max_dispersion
DK,0.08513513513513513,0.08513513513513513,0.0,1.0,0.0,0,False,country,max_dispersion
EE,0.0,0.0,0.0,,0.0,0,False,country,max_dispersion
ES,0.42135794743429283,0.4208023547349676,-0.0013185765278864187,0.9997254173017635,0.4033333333333333,7,False,country,max_dispersion
FI,0.5871698113207546,0.5871698113207546,0.0,1.0,0.0,0,False,country,max_dispersion
FR,0.5645098882201204,0.5785385213927343,0.02485099635162409,0.9789262423860102,0.985,110,False,country,max_dispersion
GR,0.019743589743589744,0.019743589743589744,0.0,1.0,0.0,0,False,country,max_dispersion
HR,0.7494736842105263,0.7494736842105263,0.0,1.0,0.0,0,False,country,max_dispersion
HU,0.5096,0.5097781215294304,0.0003495320436230542,0.9993754215435423,0.009764397905759226,0,False,country,max_dispersion
IE,0.5625490196078432,0.5659450171821306,0.006036802937910741,0.9977492762711294,0.0295360824742269,2,False,country,max_dispersion
IT,0.2535149384885764,0.2771672491542715,0.09329750272984744,0.9374163505046486,0.995,0,False,country,max_dispersion
LT,0.12338709677419356,0.12338709677419356,0.0,1.0,0.0,0,False,country,max_dispersion
LV,0.051304347826086956,0.051304347826086956,0.0,1.0,0.0,0,False,country,max_dispersion
MK,0.42400000000000004,0.42400000000000004,0.0,0.9999999999999999,0.0,0,False,country,max_dispersion
NL,0.46749999999999997,0.46749999999999997,0.0,1.0,0.0,0,False,country,max_dispersion
NO,0.45948000000000006,0.45948000000000006,0.0,0.9999999999999998,0.0,34,False,country,max_dispersion
PL,0.4765555555555555,0.4765555555555555,0.0,1.0,0.0,0,False,country,max_dispersion
PT,0.35253246753246753,0.35253246753246753,0.0,0.9999999999999998,0.0,0,False,country,max_dispersion
RO,0.3439075630252101,0.3439075630252101,0.0,1.0,0.0,0,False,country,max_dispersion
RS,0.4422916666666667,0.4422916666666667,0.0,1.0,0.0,0,False,country,max_dispersion
SE,0.5803888888888888,0.5853778009110001,0.00859580897846299,0.9825546575485747,0.22999999999999998,11,False,country,max_dispersion
SI,0.6845833333333333,0.6840151515151515,-0.0008299673546174411,0.9999999999999999,0.00823232323232323,0,False,country,max_dispersion
SK,0.37725,0.37725,0.0,0.9999999999999999,0.0,0,False,country,max_dispersion
XK,0.3425,0.3425,0.0,1.0,0.0,0,False,country,max_dispersion
