scope,scenario,country,q_eff,n_snapshots,weight,weight_share,status,vre_q_eff,load_q_eff
country,baseline,AL,1.0,8760.0,8760.0,1.0,ok,,
country,baseline,AT,1.0,8760.0,8760.0,1.0,ok,,
country,baseline,BA,1.0,8760.0,8760.0,1.0,ok,,
country,baseline,BE,1.0,8760.0,8760.0,1.0,ok,,
country,baseline,BG,1.0,8760.0,8760.0,1.0,ok,,
country,baseline,CH,1.0,8760.0,8760.0,1.0,ok,,
country,baseline,CZ,1.0,8760.0,8760.0,1.0,ok,,
country,baseline,DE,1.0,8760.0,8760.0,1.0,ok,,
country,baseline,DK,1.0,8760.0,8760.0,1.0,ok,,
country,baseline,EE,1.0,8760.0,8760.0,1.0,ok,,
country,baseline,ES,1.0,8760.0,8760.0,1.0,ok,,
country,baseline,FI,1.0,8760.0,8760.0,1.0,ok,,
country,baseline,FR,1.0,8760.0,8760.0,1.0,ok,,
country,baseline,GR,1.0,8760.0,8760.0,1.0,ok,,
country,baseline,HR,1.0,8760.0,8760.0,1.0,ok,,
country,baseline,HU,1.0,8760.0,8760.0,1.0,ok,,
country,baseline,IE,1.0,8760.0,8760.0,1.0,ok,,
country,baseline,IT,1.0,8760.0,8760.0,1.0,ok,,
country,baseline,LT,1.0,8760.0,8760.0,1.0,ok,,
country,baseline,LV,1.0,8760.0,8760.0,1.0,ok,,
country,baseline,MK,1.0,8760.0,8760.0,1.0,ok,,
country,baseline,NL,1.0,8760.0,8760.0,1.0,ok,,
country,baseline,NO,1.0,8760.0,8760.0,1.0,ok,,
country,baseline,PL,1.0,8760.0,8760.0,1.0,ok,,
country,baseline,PT,1.0,8760.0,8760.0,1.0,ok,,
country,baseline,RO,1.0,8760.0,8760.0,1.0,ok,,
country,baseline,RS,1.0,8760.0,8760.0,1.0,ok,,
country,baseline,SE,1.0,8760.0,8760.0,1.0,ok,,
country,baseline,SI,1.0,8760.0,8760.0,1.0,ok,,
country,baseline,SK,1.0,8760.0,8760.0,1.0,ok,,
country,baseline,XK,1.0,8760.0,8760.0,1.0,ok,,
country,peak_demand,AL,0.0228310502283105,200.0,200.0,0.0228310502283105,ok,,
country,peak_demand,AT,0.0228310502283105,200.0,200.0,0.0228310502283105,ok,,
country,peak_demand,BA,0.0228310502283105,200.0,200.0,0.0228310502283105,ok,,
country,peak_demand,BE,0.0228310502283105,200.0,200.0,0.0228310502283105,ok,,
country,peak_demand,BG,0.0228310502283105,200.0,200.0,0.0228310502283105,ok,,
country,peak_demand,CH,0.0228310502283105,200.0,200.0,0.0228310502283105,ok,,
country,peak_demand,CZ,0.0228310502283105,200.0,200.0,0.0228310502283105,ok,,
country,peak_demand,DE,0.0228310502283105,200.0,200.0,0.0228310502283105,ok,,
country,peak_demand,DK,0.0228310502283105,200.0,200.0,0.0228310502283105,ok,,
country,peak_demand,EE,0.0228310502283105,200.0,200.0,0.0228310502283105,ok,,
country,peak_demand,ES,0.0228310502283105,200.0,200.0,0.0228310502283105,ok,,
country,peak_demand,FI,0.0228310502283105,200.0,200.0,0.0228310502283105,ok,,
country,peak_demand,FR,0.0228310502283105,200.0,200.0,0.0228310502283105,ok,,
country,peak_demand,GR,0.0228310502283105,200.0,200.0,0.0228310502283105,ok,,
country,peak_demand,HR,0.0228310502283105,200.0,200.0,0.0228310502283105,ok,,
country,peak_demand,HU,0.0228310502283105,200.0,200.0,0.0228310502283105,ok,,
country,peak_demand,IE,0.0228310502283105,200.0,200.0,0.0228310502283105,ok,,
country,peak_demand,IT,0.0228310502283105,200.0,200.0,0.0228310502283105,ok,,
country,peak_demand,LT,0.0228310502283105,200.0,200.0,0.0228310502283105,ok,,
country,peak_demand,LV,0.0228310502283105,200.0,200.0,0.0228310502283105,ok,,
country,peak_demand,MK,0.0228310502283105,200.0,200.0,0.0228310502283105,ok,,
country,peak_demand,NL,0.0228310502283105,200.0,200.0,0.0228310502283105,ok,,
country,peak_demand,NO,0.0228310502283105,200.0,200.0,0.0228310502283105,ok,,
country,peak_demand,PL,0.0228310502283105,200.0,200.0,0.0228310502283105,ok,,
country,peak_demand,PT,0.0228310502283105,200.0,200.0,0.0228310502283105,ok,,
country,peak_demand,RO,0.0228310502283105,200.0,200.0,0.0228310502283105,ok,,
country,peak_demand,RS,0.0228310502283105,200.0,200.0,0.0228310502283105,ok,,
country,peak_demand,SE,0.0228310502283105,200.0,200.0,0.0228310502283105,ok,,
country,peak_demand,SI,0.0228310502283105,200.0,200.0,0.0228310502283105,ok,,
country,peak_demand,SK,0.0228310502283105,200.0,200.0,0.0228310502283105,ok,,
country,peak_demand,XK,0.0228310502283105,200.0,200.0,0.0228310502283105,ok,,
country,dunkelflaute,AL,,1125.0,1125.0,0.1284246575342466,ok,0.1,0.3333
country,dunkelflaute,AT,,239.0,239.0,0.02728310502283105,ok,0.15000000000000002,0.3833
country,dunkelflaute,BA,,290.0,290.0,0.033105022831050226,ok,0.1,0.3333
country,dunkelflaute,BE,,226.0,226.0,0.025799086757990867,ok,0.1,0.3333
country,dunkelflaute,BG,,305.0,305.0,0.034817351598173514,ok,0.15000000000000002,0.3833
country,dunkelflaute,CH,,228.0,228.0,0.026027397260273973,ok,0.1,0.3333
country,dunkelflaute,CZ,,233.0,233.0,0.026598173515981736,ok,0.15000000000000002,0.3833
country,dunkelflaute,DE,,356.0,356.0,0.040639269406392696,ok,0.2,0.4333
country,dunkelflaute,DK,,304.0,304.0,0.034703196347031964,ok,0.15000000000000002,0.3833
country,dunkelflaute,EE,,214.0,214.0,0.02442922374429224,ok,0.1,0.3333
country,dunkelflaute,ES,,340.0,340.0,0.03881278538812785,ok,0.2,0.4333
country,dunkelflaute,FI,,263.0,263.0,0.03002283105022831,ok,0.1,0.3333
country,dunkelflaute,FR,,270.0,270.0,0.030821917808219176,ok,0.1,0.3333
country,dunkelflaute,GR,,275.0,275.0,0.03139269406392694,ok,0.15000000000000002,0.3833
country,dunkelflaute,HR,,348.0,348.0,0.03972602739726028,ok,0.15000000000000002,0.3833
country,dunkelflaute,HU,,315.0,315.0,0.03595890410958904,ok,0.15000000000000002,0.3833
country,dunkelflaute,IE,,341.0,341.0,0.03892694063926941,ok,0.15000000000000002,0.3833
country,dunkelflaute,IT,,224.0,224.0,0.025570776255707764,ok,0.15000000000000002,0.3833
country,dunkelflaute,LT,,242.0,242.0,0.027625570776255708,ok,0.15000000000000002,0.3833
country,dunkelflaute,LV,,238.0,238.0,0.0271689497716895,ok,0.15000000000000002,0.3833
country,dunkelflaute,MK,,409.0,409.0,0.04668949771689498,ok,0.1,0.3333
country,dunkelflaute,NL,,329.0,329.0,0.03755707762557078,ok,0.15000000000000002,0.3833
country,dunkelflaute,NO,,237.0,237.0,0.027054794520547945,ok,0.1,0.3333
country,dunkelflaute,PL,,231.0,231.0,0.02636986301369863,ok,0.15000000000000002,0.3833
country,dunkelflaute,PT,,289.0,289.0,0.03299086757990868,ok,0.15000000000000002,0.3833
country,dunkelflaute,RO,,329.0,329.0,0.03755707762557078,ok,0.15000000000000002,0.3833
country,dunkelflaute,RS,,242.0,242.0,0.027625570776255708,ok,0.1,0.3333
country,dunkelflaute,SE,,242.0,242.0,0.027625570776255708,ok,0.1,0.3333
country,dunkelflaute,SI,,309.0,309.0,0.03527397260273973,ok,0.2,0.4333
country,dunkelflaute,SK,,242.0,242.0,0.027625570776255708,ok,0.15000000000000002,0.3833
country,dunkelflaute,XK,,466.0,466.0,0.05319634703196347,ok,0.1,0.3333
country,wind_surplus,AL,,,,,undefined: no wind_cf signal,,
country,wind_surplus,AT,0.0228310502283105,200.0,200.0,0.0228310502283105,ok,,
country,wind_surplus,BA,0.0228310502283105,200.0,200.0,0.0228310502283105,ok,,
country,wind_surplus,BE,0.0228310502283105,200.0,200.0,0.0228310502283105,ok,,
country,wind_surplus,BG,0.0228310502283105,200.0,200.0,0.0228310502283105,ok,,
country,wind_surplus,CH,0.0228310502283105,200.0,200.0,0.0228310502283105,ok,,
country,wind_surplus,CZ,0.0228310502283105,200.0,200.0,0.0228310502283105,ok,,
country,wind_surplus,DE,0.0228310502283105,200.0,200.0,0.0228310502283105,ok,,
country,wind_surplus,DK,0.0228310502283105,200.0,200.0,0.0228310502283105,ok,,
country,wind_surplus,EE,0.0228310502283105,200.0,200.0,0.0228310502283105,ok,,
country,wind_surplus,ES,0.0228310502283105,200.0,200.0,0.0228310502283105,ok,,
country,wind_surplus,FI,0.0228310502283105,200.0,200.0,0.0228310502283105,ok,,
country,wind_surplus,FR,0.0228310502283105,200.0,200.0,0.0228310502283105,ok,,
country,wind_surplus,GR,0.0228310502283105,200.0,200.0,0.0228310502283105,ok,,
country,wind_surplus,HR,0.0228310502283105,200.0,200.0,0.0228310502283105,ok,,
country,wind_surplus,HU,0.0228310502283105,200.0,200.0,0.0228310502283105,ok,,
country,wind_surplus,IE,0.0228310502283105,200.0,200.0,0.0228310502283105,ok,,
country,wind_surplus,IT,0.0228310502283105,200.0,200.0,0.0228310502283105,ok,,
country,wind_surplus,LT,0.0228310502283105,200.0,200.0,0.0228310502283105,ok,,
country,wind_surplus,LV,0.0228310502283105,200.0,200.0,0.0228310502283105,ok,,
country,wind_surplus,MK,0.0228310502283105,200.0,200.0,0.0228310502283105,ok,,
country,wind_surplus,NL,0.0228310502283105,200.0,200.0,0.0228310502283105,ok,,
country,wind_surplus,NO,0.0228310502283105,200.0,200.0,0.0228310502283105,ok,,
country,wind_surplus,PL,0.0228310502283105,200.0,200.0,0.0228310502283105,ok,,
country,wind_surplus,PT,0.0228310502283105,200.0,200.0,0.0228310502283105,ok,,
country,wind_surplus,RO,0.0228310502283105,200.0,200.0,0.0228310502283105,ok,,
country,wind_surplus,RS,0.0228310502283105,200.0,200.0,0.0228310502283105,ok,,
country,wind_surplus,SE,0.0228310502283105,200.0,200.0,0.0228310502283105,ok,,
country,wind_surplus,SI,0.0228310502283105,200.0,200.0,0.0228310502283105,ok,,
country,wind_surplus,SK,0.0228310502283105,200.0,200.0,0.0228310502283105,ok,,
country,wind_surplus,XK,0.0228310502283105,200.0,200.0,0.0228310502283105,ok,,
country,max_dispersion,AL,0.0228310502283105,200.0,200.0,0.0228310502283105,ok,,
country,max_dispersion,AT,0.0228310502283105,200.0,200.0,0.0228310502283105,ok,,
country,max_dispersion,BA,0.0228310502283105,200.0,200.0,0.0228310502283105,ok,,
country,max_dispersion,BE,0.0228310502283105,200.0,200.0,0.0228310502283105,ok,,
country,max_dispersion,BG,0.0228310502283105,200.0,200.0,0.0228310502283105,ok,,
country,max_dispersion,CH,0.0228310502283105,200.0,200.0,0.0228310502283105,ok,,
country,max_dispersion,CZ,0.0228310502283105,200.0,200.0,0.0228310502283105,ok,,
country,max_dispersion,DE,0.0228310502283105,200.0,200.0,0.0228310502283105,ok,,
country,max_dispersion,DK,0.0228310502283105,200.0,200.0,0.0228310502283105,ok,,
country,max_dispersion,EE,0.0228310502283105,200.0,200.0,0.0228310502283105,ok,,
country,max_dispersion,ES,0.0228310502283105,200.0,200.0,0.0228310502283105,ok,,
country,max_dispersion,FI,0.0228310502283105,200.0,200.0,0.0228310502283105,ok,,
country,max_dispersion,FR,0.0228310502283105,200.0,200.0,0.0228310502283105,ok,,
country,max_dispersion,GR,0.0228310502283105,200.0,200.0,0.0228310502283105,ok,,
country,max_dispersion,HR,0.0228310502283105,200.0,200.0,0.0228310502283105,ok,,
country,max_dispersion,HU,0.0228310502283105,200.0,200.0,0.0228310502283105,ok,,
country,max_dispersion,IE,0.0228310502283105,200.0,200.0,0.0228310502283105,ok,,
country,max_dispersion,IT,0.0228310502283105,200.0,200.0,0.0228310502283105,ok,,
country,max_dispersion,LT,0.0228310502283105,200.0,200.0,0.0228310502283105,ok,,
country,max_dispersion,LV,0.0228310502283105,200.0,200.0,0.0228310502283105,ok,,
country,max_dispersion,MK,0.0228310502283105,200.0,200.0,0.0228310502283105,ok,,
country,max_dispersion,NL,0.0228310502283105,200.0,200.0,0.0228310502283105,ok,,
country,max_dispersion,NO,0.0228310502283105,200.0,200.0,0.0228310502283105,ok,,
country,max_dispersion,PL,0.0228310502283105,200.0,200.0,0.0228310502283105,ok,,
country,max_dispersion,PT,0.0228310502283105,200.0,200.0,0.0228310502283105,ok,,
country,max_dispersion,RO,0.0228310502283105,200.0,200.0,0.0228310502283105,ok,,
country,max_dispersion,RS,0.0228310502283105,200.0,200.0,0.0228310502283105,ok,,
country,max_dispersion,SE,0.0228310502283105,200.0,200.0,0.0228310502283105,ok,,
country,max_dispersion,SI,0.0228310502283105,200.0,200.0,0.0228310502283105,ok,,
country,max_dispersion,SK,0.0228310502283105,200.0,200.0,0.0228310502283105,ok,,
country,max_dispersion,XK,0.0228310502283105,200.0,200.0,0.0228310502283105,ok,,
europe,peak_demand,AL,0.0228310502283105,200.0,200.0,0.0228310502283105,ok,,
europe,peak_demand,AT,0.0228310502283105,200.0,200.0,0.0228310502283105,ok,,
europe,peak_demand,BA,0.0228310502283105,200.0,200.0,0.0228310502283105,ok,,
europe,peak_demand,BE,0.0228310502283105,200.0,200.0,0.0228310502283105,ok,,
europe,peak_demand,BG,0.0228310502283105,200.0,200.0,0.0228310502283105,ok,,
europe,peak_demand,CH,0.0228310502283105,200.0,200.0,0.0228310502283105,ok,,
europe,peak_demand,CZ,0.0228310502283105,200.0,200.0,0.0228310502283105,ok,,
europe,peak_demand,DE,0.0228310502283105,200.0,200.0,0.0228310502283105,ok,,
europe,peak_demand,DK,0.0228310502283105,200.0,200.0,0.0228310502283105,ok,,
europe,peak_demand,EE,0.0228310502283105,200.0,200.0,0.0228310502283105,ok,,
europe,peak_demand,ES,0.0228310502283105,200.0,200.0,0.0228310502283105,ok,,
europe,peak_demand,FI,0.0228310502283105,200.0,200.0,0.0228310502283105,ok,,
europe,peak_demand,FR,0.0228310502283105,200.0,200.0,0.0228310502283105,ok,,
europe,peak_demand,GR,0.0228310502283105,200.0,200.0,0.0228310502283105,ok,,
europe,peak_demand,HR,0.0228310502283105,200.0,200.0,0.0228310502283105,ok,,
europe,peak_demand,HU,0.0228310502283105,200.0,200.0,0.0228310502283105,ok,,
europe,peak_demand,IE,0.0228310502283105,200.0,200.0,0.0228310502283105,ok,,
europe,peak_demand,IT,0.0228310502283105,200.0,200.0,0.0228310502283105,ok,,
europe,peak_demand,LT,0.0228310502283105,200.0,200.0,0.0228310502283105,ok,,
europe,peak_demand,LV,0.0228310502283105,200.0,200.0,0.0228310502283105,ok,,
europe,peak_demand,MK,0.0228310502283105,200.0,200.0,0.0228310502283105,ok,,
europe,peak_demand,NL,0.0228310502283105,200.0,200.0,0.0228310502283105,ok,,
europe,peak_demand,NO,0.0228310502283105,200.0,200.0,0.0228310502283105,ok,,
europe,peak_demand,PL,0.0228310502283105,200.0,200.0,0.0228310502283105,ok,,
europe,peak_demand,PT,0.0228310502283105,200.0,200.0,0.0228310502283105,ok,,
europe,peak_demand,RO,0.0228310502283105,200.0,200.0,0.0228310502283105,ok,,
europe,peak_demand,RS,0.0228310502283105,200.0,200.0,0.0228310502283105,ok,,
europe,peak_demand,SE,0.0228310502283105,200.0,200.0,0.0228310502283105,ok,,
europe,peak_demand,SI,0.0228310502283105,200.0,200.0,0.0228310502283105,ok,,
europe,peak_demand,SK,0.0228310502283105,200.0,200.0,0.0228310502283105,ok,,
europe,peak_demand,XK,0.0228310502283105,200.0,200.0,0.0228310502283105,ok,,
europe,dunkelflaute,AL,,245.0,245.0,0.027968036529680364,ok,0.2,0.4333
europe,dunkelflaute,AT,,245.0,245.0,0.027968036529680364,ok,0.2,0.4333
europe,dunkelflaute,BA,,245.0,245.0,0.027968036529680364,ok,0.2,0.4333
europe,dunkelflaute,BE,,245.0,245.0,0.027968036529680364,ok,0.2,0.4333
europe,dunkelflaute,BG,,245.0,245.0,0.027968036529680364,ok,0.2,0.4333
europe,dunkelflaute,CH,,245.0,245.0,0.027968036529680364,ok,0.2,0.4333
europe,dunkelflaute,CZ,,245.0,245.0,0.027968036529680364,ok,0.2,0.4333
europe,dunkelflaute,DE,,245.0,245.0,0.027968036529680364,ok,0.2,0.4333
europe,dunkelflaute,DK,,245.0,245.0,0.027968036529680364,ok,0.2,0.4333
europe,dunkelflaute,EE,,245.0,245.0,0.027968036529680364,ok,0.2,0.4333
europe,dunkelflaute,ES,,245.0,245.0,0.027968036529680364,ok,0.2,0.4333
europe,dunkelflaute,FI,,245.0,245.0,0.027968036529680364,ok,0.2,0.4333
europe,dunkelflaute,FR,,245.0,245.0,0.027968036529680364,ok,0.2,0.4333
europe,dunkelflaute,GR,,245.0,245.0,0.027968036529680364,ok,0.2,0.4333
europe,dunkelflaute,HR,,245.0,245.0,0.027968036529680364,ok,0.2,0.4333
europe,dunkelflaute,HU,,245.0,245.0,0.027968036529680364,ok,0.2,0.4333
europe,dunkelflaute,IE,,245.0,245.0,0.027968036529680364,ok,0.2,0.4333
europe,dunkelflaute,IT,,245.0,245.0,0.027968036529680364,ok,0.2,0.4333
europe,dunkelflaute,LT,,245.0,245.0,0.027968036529680364,ok,0.2,0.4333
europe,dunkelflaute,LV,,245.0,245.0,0.027968036529680364,ok,0.2,0.4333
europe,dunkelflaute,MK,,245.0,245.0,0.027968036529680364,ok,0.2,0.4333
europe,dunkelflaute,NL,,245.0,245.0,0.027968036529680364,ok,0.2,0.4333
europe,dunkelflaute,NO,,245.0,245.0,0.027968036529680364,ok,0.2,0.4333
europe,dunkelflaute,PL,,245.0,245.0,0.027968036529680364,ok,0.2,0.4333
europe,dunkelflaute,PT,,245.0,245.0,0.027968036529680364,ok,0.2,0.4333
europe,dunkelflaute,RO,,245.0,245.0,0.027968036529680364,ok,0.2,0.4333
europe,dunkelflaute,RS,,245.0,245.0,0.027968036529680364,ok,0.2,0.4333
europe,dunkelflaute,SE,,245.0,245.0,0.027968036529680364,ok,0.2,0.4333
europe,dunkelflaute,SI,,245.0,245.0,0.027968036529680364,ok,0.2,0.4333
europe,dunkelflaute,SK,,245.0,245.0,0.027968036529680364,ok,0.2,0.4333
europe,dunkelflaute,XK,,245.0,245.0,0.027968036529680364,ok,0.2,0.4333
europe,wind_surplus,AL,0.0228310502283105,200.0,200.0,0.0228310502283105,ok,,
europe,wind_surplus,AT,0.0228310502283105,200.0,200.0,0.0228310502283105,ok,,
europe,wind_surplus,BA,0.0228310502283105,200.0,200.0,0.0228310502283105,ok,,
europe,wind_surplus,BE,0.0228310502283105,200.0,200.0,0.0228310502283105,ok,,
europe,wind_surplus,BG,0.0228310502283105,200.0,200.0,0.0228310502283105,ok,,
europe,wind_surplus,CH,0.0228310502283105,200.0,200.0,0.0228310502283105,ok,,
europe,wind_surplus,CZ,0.0228310502283105,200.0,200.0,0.0228310502283105,ok,,
europe,wind_surplus,DE,0.0228310502283105,200.0,200.0,0.0228310502283105,ok,,
europe,wind_surplus,DK,0.0228310502283105,200.0,200.0,0.0228310502283105,ok,,
europe,wind_surplus,EE,0.0228310502283105,200.0,200.0,0.0228310502283105,ok,,
europe,wind_surplus,ES,0.0228310502283105,200.0,200.0,0.0228310502283105,ok,,
europe,wind_surplus,FI,0.0228310502283105,200.0,200.0,0.0228310502283105,ok,,
europe,wind_surplus,FR,0.0228310502283105,200.0,200.0,0.0228310502283105,ok,,
europe,wind_surplus,GR,0.0228310502283105,200.0,200.0,0.0228310502283105,ok,,
europe,wind_surplus,HR,0.0228310502283105,200.0,200.0,0.0228310502283105,ok,,
europe,wind_surplus,HU,0.0228310502283105,200.0,200.0,0.0228310502283105,ok,,
europe,wind_surplus,IE,0.0228310502283105,200.0,200.0,0.0228310502283105,ok,,
europe,wind_surplus,IT,0.0228310502283105,200.0,200.0,0.0228310502283105,ok,,
europe,wind_surplus,LT,0.0228310502283105,200.0,200.0,0.0228310502283105,ok,,
europe,wind_surplus,LV,0.0228310502283105,200.0,200.0,0.0228310502283105,ok,,
europe,wind_surplus,MK,0.0228310502283105,200.0,200.0,0.0228310502283105,ok,,
europe,wind_surplus,NL,0.0228310502283105,200.0,200.0,0.0228310502283105,ok,,
europe,wind_surplus,NO,0.0228310502283105,200.0,200.0,0.0228310502283105,ok,,
europe,wind_surplus,PL,0.0228310502283105,200.0,200.0,0.0228310502283105,ok,,
europe,wind_surplus,PT,0.0228310502283105,200.0,200.0,0.0228310502283105,ok,,
europe,wind_surplus,RO,0.0228310502283105,200.0,200.0,0.0228310502283105,ok,,
europe,wind_surplus,RS,0.0228310502283105,200.0,200.0,0.0228310502283105,ok,,
europe,wind_surplus,SE,0.0228310502283105,200.0,200.0,0.0228310502283105,ok,,
europe,wind_surplus,SI,0.0228310502283105,200.0,200.0,0.0228310502283105,ok,,
europe,wind_surplus,SK,0.0228310502283105,200.0,200.0,0.0228310502283105,ok,,
europe,wind_surplus,XK,0.0228310502283105,200.0,200.0,0.0228310502283105,ok,,
europe,max_dispersion,AL,0.0228310502283105,200.0,200.0,0.0228310502283105,ok,,
europe,max_dispersion,AT,0.0228310502283105,200.0,200.0,0.0228310502283105,ok,,
europe,max_dispersion,BA,0.0228310502283105,200.0,200.0,0.0228310502283105,ok,,
europe,max_dispersion,BE,0.0228310502283105,200.0,200.0,0.0228310502283105,ok,,
europe,max_dispersion,BG,0.0228310502283105,200.0,200.0,0.0228310502283105,ok,,
europe,max_dispersion,CH,0.0228310502283105,200.0,200.0,0.0228310502283105,ok,,
europe,max_dispersion,CZ,0.0228310502283105,200.0,200.0,0.0228310502283105,ok,,
europe,max_dispersion,DE,0.0228310502283105,200.0,200.0,0.0228310502283105,ok,,
europe,max_dispersion,DK,0.0228310502283105,200.0,200.0,0.0228310502283105,ok,,
europe,max_dispersion,EE,0.0228310502283105,200.0,200.0,0.0228310502283105,ok,,
europe,max_dispersion,ES,0.0228310502283105,200.0,200.0,0.0228310502283105,ok,,
europe,max_dispersion,FI,0.0228310502283105,200.0,200.0,0.0228310502283105,ok,,
europe,max_dispersion,FR,0.0228310502283105,200.0,200.0,0.0228310502283105,ok,,
europe,max_dispersion,GR,0.0228310502283105,200.0,200.0,0.0228310502283105,ok,,
europe,max_dispersion,HR,0.0228310502283105,200.0,200.0,0.0228310502283105,ok,,
europe,max_dispersion,HU,0.0228310502283105,200.0,200.0,0.0228310502283105,ok,,
europe,max_dispersion,IE,0.0228310502283105,200.0,200.0,0.0228310502283105,ok,,
europe,max_dispersion,IT,0.0228310502283105,200.0,200.0,0.0228310502283105,ok,,
europe,max_dispersion,LT,0.0228310502283105,200.0,200.0,0.0228310502283105,ok,,
europe,max_dispersion,LV,0.0228310502283105,200.0,200.0,0.0228310502283105,ok,,
europe,max_dispersion,MK,0.0228310502283105,200.0,200.0,0.0228310502283105,ok,,
europe,max_dispersion,NL,0.0228310502283105,200.0,200.0,0.0228310502283105,ok,,
europe,max_dispersion,NO,0.0228310502283105,200.0,200.0,0.0228310502283105,ok,,
europe,max_dispersion,PL,0.0228310502283105,200.0,200.0,0.0228310502283105,ok,,
europe,max_dispersion,PT,0.0228310502283105,200.0,200.0,0.0228310502283105,ok,,
europe,max_dispersion,RO,0.0228310502283105,200.0,200.0,0.0228310502283105,ok,,
europe,max_dispersion,RS,0.0228310502283105,200.0,200.0,0.0228310502283105,ok,,
europe,max_dispersion,SE,0.0228310502283105,200.0,200.0,0.0228310502283105,ok,,
europe,max_dispersion,SI,0.0228310502283105,200.0,200.0,0.0228310502283105,ok,,
europe,max_dispersion,SK,0.0228310502283105,200.0,200.0,0.0228310502283105,ok,,
europe,max_dispersion,XK,0.0228310502283105,200.0,200.0,0.0228310502283105,ok,,
