country,n_nodes,k_elbow,gap,significance,threshold,p_poisson_fwer,convincing,k_used,k_largest_gap,gap_k1,lambda2,note
AL,13,2,0.17447588796765554,1.0777415870101912,5.321928094887363,0.9475397770528017,False,3,2,0.2211104529388138,0.22111045293881373,FALLBACK k=3: no gap >= 5.3x local spacing
AT,65,12,0.0634760077606174,3.8881605809372988,7.78135971352466,0.74291601812318,False,3,12,0.0050390675508936505,0.005039067550893743,FALLBACK k=3: no gap >= 7.8x local spacing
BA,35,8,0.1688968512142061,4.2868322094837215,7.129283016944966,0.3586187220369662,False,3,8,0.023453114406918697,0.023453114406918683,FALLBACK k=3: no gap >= 7.1x local spacing
BE,39,2,0.033534881129599715,1.8776154107760437,7.321928094887363,1.0,False,3,9,0.012346226704432703,0.012346226704433312,FALLBACK k=3: no gap >= 7.3x local spacing
BG,122,7,0.006877164237741696,3.808702825605451,7.78135971352466,0.7849805391798315,False,3,12,0.0008716482291846707,0.0008716482291844907,FALLBACK k=3: no gap >= 7.8x local spacing
CH,122,7,0.013711761346746551,2.345619698806264,7.78135971352466,1.0,False,3,10,0.00626147522074445,0.006261475220744415,FALLBACK k=3: no gap >= 7.8x local spacing
CZ,39,6,0.10591148675826492,4.295410143013127,7.321928094887363,0.4074203244264022,False,3,6,0.04670975182018968,0.046709751820187426,FALLBACK k=3: no gap >= 7.3x local spacing
DE,479,10,0.003843403669802887,3.660400495051119,7.78135971352466,0.8699661204819462,False,3,10,0.001572248518367036,0.0015722485183653429,FALLBACK k=3: no gap >= 7.8x local spacing
DK,32,6,0.09778088321116364,2.2115901790602654,7.129283016944966,1.0,False,3,6,0.008553907655928297,0.00855390765592863,FALLBACK k=3: no gap >= 7.1x local spacing
EE,15,3,0.2294659346572241,1.5865445377130956,5.321928094887363,0.6659360110323627,False,3,3,0.12465182785697831,0.12465182785697852,FALLBACK k=3: no gap >= 5.3x local spacing
ES,567,6,0.004486639030762593,3.280626112198528,7.78135971352466,1.0,False,3,6,0.001560148906184428,0.0015601489061846672,FALLBACK k=3: no gap >= 7.8x local spacing
FI,84,10,0.03897605783518571,2.8299649353281815,7.78135971352466,1.0,False,3,10,0.008456738340074325,0.008456738340074307,FALLBACK k=3: no gap >= 7.8x local spacing
FR,770,7,0.006186815739861544,4.453821842634763,7.78135971352466,0.5019479850283606,False,3,7,0.0017933910009217606,0.0017933910009203873,FALLBACK k=3: no gap >= 7.8x local spacing
GR,31,3,0.07028611980921746,1.4360821814102254,6.906890595608519,1.0,False,3,7,0.021851452713082885,0.021851452713083443,FALLBACK k=3: no gap >= 6.9x local spacing
HR,16,3,0.1323336795366078,1.8013654021452468,5.906890595608519,0.8607087846413302,False,3,3,0.06397118131571239,0.0639711813157126,FALLBACK k=3: no gap >= 5.9x local spacing
HU,36,8,0.17602278798344034,3.87245055856891,7.321928094887363,0.5462182570906677,False,3,8,0.02595390119375116,0.025953901193750715,FALLBACK k=3: no gap >= 7.3x local spacing
IE,38,9,0.149272982189192,3.570341379584468,7.321928094887363,0.6734574118440447,False,3,9,0.024002782706018005,0.02400278270601868,FALLBACK k=3: no gap >= 7.3x local spacing
IT,418,5,0.002397838155089191,1.419672944699603,7.78135971352466,1.0,False,3,11,0.0006852704974407201,0.000685270497440774,FALLBACK k=3: no gap >= 7.8x local spacing
LT,26,4,0.10576759812874192,2.8080249530751056,6.643856189774724,0.7139540555145008,False,3,4,0.019940359714544147,0.019940359714544113,FALLBACK k=3: no gap >= 6.6x local spacing
LV,19,3,0.08918500761800635,1.1336284295265122,5.906890595608519,1.0,False,3,3,0.07867216920032313,0.07867216920032363,FALLBACK k=3: no gap >= 5.9x local spacing
MK,5,2,0.595800147383766,1.474023663114607,4.321928094887363,0.3599769252311001,False,2,2,0.4041998526162343,0.4041998526162343,FALLBACK k=2: no gap >= 4.3x local spacing
NL,34,4,0.08166296701383306,3.336521496061272,7.129283016944966,0.692954929421382,False,3,8,0.023042642507654018,0.023042642507654032,FALLBACK k=3: no gap >= 7.1x local spacing
NO,211,7,0.0036965254381936107,3.0228450903756126,7.78135971352466,1.0,False,3,10,0.00024279066913374456,0.0002427906691335555,FALLBACK k=3: no gap >= 7.8x local spacing
PL,146,3,0.013669502728034747,2.4550217399734278,7.78135971352466,1.0,False,3,9,0.010705073749144254,0.010705073749144367,FALLBACK k=3: no gap >= 7.8x local spacing
PT,97,2,0.020360325782402128,2.1041571952866502,7.78135971352466,1.0,False,3,8,0.0068872269468826875,0.006887226946882495,FALLBACK k=3: no gap >= 7.8x local spacing
RO,93,8,0.037838395102922105,4.022660150451227,7.78135971352466,0.6767859239600696,False,3,8,0.009002253739940414,0.009002253739938616,FALLBACK k=3: no gap >= 7.8x local spacing
RS,34,6,0.12632654837600277,2.176247530491832,7.129283016944966,1.0,False,3,6,0.031176928589750987,0.031176928589751202,FALLBACK k=3: no gap >= 7.1x local spacing
SE,131,9,0.021584349710365658,3.6200120752208957,7.78135971352466,0.894665037323337,False,3,9,0.005561587759080749,0.00556158775908072,FALLBACK k=3: no gap >= 7.8x local spacing
SI,9,2,0.40145023781185557,3.3705286184171106,4.321928094887363,0.0966873783475183,False,2,2,0.13103552274496671,0.13103552274496683,FALLBACK k=2: no gap >= 4.3x local spacing
SK,32,4,0.05642463755968101,2.1215753292557116,7.129283016944966,1.0,False,3,7,0.016769881848427474,0.01676988184842757,FALLBACK k=3: no gap >= 7.1x local spacing
XK,5,2,0.3486148216817503,0.535189981727564,4.321928094887363,0.6900677989305054,False,2,2,0.6513851783182503,0.6513851783182497,FALLBACK k=2: no gap >= 4.3x local spacing
